Country,ISO3,Year,consumption_gdp
Argentina,ARG,2000,69.3320118049111
Argentina,ARG,2001,68.9119843094492
Argentina,ARG,2002,61.898423859492
Argentina,ARG,2003,63.1978064135118
Argentina,ARG,2004,64.3315008496063
Argentina,ARG,2005,63.0293921464661
Argentina,ARG,2006,63.2701880412596
Argentina,ARG,2007,62.5312329074365
Argentina,ARG,2008,63.074583476516
Argentina,ARG,2009,62.9781476872291
Argentina,ARG,2010,64.2341147639994
Argentina,ARG,2011,64.2203212799743
Argentina,ARG,2012,64.9033991071491
Argentina,ARG,2013,65.9875655300738
Argentina,ARG,2014,65.3830797250888
Argentina,ARG,2015,65.9058373448263
Argentina,ARG,2016,65.7218914651221
Argentina,ARG,2017,66.7395733212516
Argentina,ARG,2018,69.4701822877233
Argentina,ARG,2019,66.1275863051046
Argentina,ARG,2020,65.7047068081581
Argentina,ARG,2021,62.9531640399486
Argentina,ARG,2022,65.4144793169649
Armenia,ARM,2000,102.16608846971
Armenia,ARM,2001,98.412469741728
Armenia,ARM,2002,93.7004709895993
Armenia,ARM,2003,87.6117561110514
Armenia,ARM,2004,86.7635992099145
Armenia,ARM,2005,79.4241147624022
Armenia,ARM,2006,76.0093988765411
Armenia,ARM,2007,75.3569081779049
Armenia,ARM,2008,75.2921814740741
Armenia,ARM,2009,84.5473956209649
Armenia,ARM,2010,86.2568860489011
Armenia,ARM,2011,88.0051052085027
Armenia,ARM,2012,85.8798294276954
Armenia,ARM,2013,86.7885052856041
Armenia,ARM,2014,85.5471855421903
Armenia,ARM,2015,77.9158468542082
Armenia,ARM,2016,76.3036579586322
Armenia,ARM,2017,80.0299930273975
Armenia,ARM,2018,79.8008893150567
Armenia,ARM,2019,83.4394618953327
Armenia,ARM,2020,75.3263825282527
Armenia,ARM,2021,71.2432823594594
Armenia,ARM,2022,66.9057161005981
Australia,AUS,2000,57.3662162692365
Australia,AUS,2001,57.9783489444474
Australia,AUS,2002,57.2399087310925
Australia,AUS,2003,57.7393077892388
Australia,AUS,2004,57.3186326871422
Australia,AUS,2005,56.8734723515898
Australia,AUS,2006,56.040156665016
Australia,AUS,2007,55.9667702151378
Australia,AUS,2008,55.8519670167485
Australia,AUS,2009,53.9238061867341
Australia,AUS,2010,55.3088884493246
Australia,AUS,2011,53.8467557570746
Australia,AUS,2012,53.5634467841822
Australia,AUS,2013,54.5922612213461
Australia,AUS,2014,54.8038463534486
Australia,AUS,2015,56.0691801633455
Australia,AUS,2016,56.9948139650187
Australia,AUS,2017,55.5657964731418
Australia,AUS,2018,55.284805745788
Australia,AUS,2019,54.1055677061642
Australia,AUS,2020,52.288608103396
Australia,AUS,2021,50.8291215645439
Australia,AUS,2022,48.9119776649563
Bangladesh,BGD,2000,75.0081004560836
Bangladesh,BGD,2001,74.5228378132541
Bangladesh,BGD,2002,74.1384127040694
Bangladesh,BGD,2003,74.6860790732206
Bangladesh,BGD,2004,73.6377036948139
Bangladesh,BGD,2005,73.7640610844816
Bangladesh,BGD,2006,73.1233082071871
Bangladesh,BGD,2007,73.8931599871735
Bangladesh,BGD,2008,75.6323110754527
Bangladesh,BGD,2009,74.5738412555998
Bangladesh,BGD,2010,74.1146503135208
Bangladesh,BGD,2011,74.2804696467287
Bangladesh,BGD,2012,73.7368948512655
Bangladesh,BGD,2013,72.8477739817049
Bangladesh,BGD,2014,72.5725369181701
Bangladesh,BGD,2015,72.437289480297
Bangladesh,BGD,2016,66.8644422199967
Bangladesh,BGD,2017,66.9119168068661
Bangladesh,BGD,2018,67.5896517648341
Bangladesh,BGD,2019,66.8774290144586
Bangladesh,BGD,2020,66.9511902559287
Bangladesh,BGD,2021,68.7754335127158
Bangladesh,BGD,2022,69.0766062753121
Brazil,BRA,2000,64.592700335235
Brazil,BRA,2001,64.107708373074
Brazil,BRA,2002,61.8984350303431
Brazil,BRA,2003,61.8446504175212
Brazil,BRA,2004,60.2065771878033
Brazil,BRA,2005,60.5042518106462
Brazil,BRA,2006,60.4376764440412
Brazil,BRA,2007,59.8749475636075
Brazil,BRA,2008,59.7307926656317
Brazil,BRA,2009,61.9564599006115
Brazil,BRA,2010,60.222829164401
Brazil,BRA,2011,60.2738517615693
Brazil,BRA,2012,61.4118668282531
Brazil,BRA,2013,61.7152500788222
Brazil,BRA,2014,62.9595707094347
Brazil,BRA,2015,63.9647972734855
Brazil,BRA,2016,64.2514795987704
Brazil,BRA,2017,64.4943063397514
Brazil,BRA,2018,64.616074969079
Brazil,BRA,2019,65.1440473947478
Brazil,BRA,2020,63.1440009096408
Brazil,BRA,2021,61.3679966360938
Brazil,BRA,2022,63.0641028051756
Canada,CAN,2000,54.5345970347078
Canada,CAN,2001,55.0941648791867
Canada,CAN,2002,56.0115842762801
Canada,CAN,2003,55.6755890852462
Canada,CAN,2004,54.7183400163507
Canada,CAN,2005,54.3060398586636
Canada,CAN,2006,54.4190263896072
Canada,CAN,2007,54.7281416781816
Canada,CAN,2008,54.4613286341911
Canada,CAN,2009,57.5729284798776
Canada,CAN,2010,56.9983661915697
Canada,CAN,2011,55.9027497896072
Canada,CAN,2012,56.0203151808363
Canada,CAN,2013,55.9608652705298
Canada,CAN,2014,55.7963142959261
Canada,CAN,2015,57.8089690631528
Canada,CAN,2016,58.4843100556742
Canada,CAN,2017,57.9762323528326
Canada,CAN,2018,57.8869351139165
Canada,CAN,2019,57.7545543389136
Canada,CAN,2020,56.8237885978367
Canada,CAN,2021,54.2178113663893
Canada,CAN,2022,53.7893191918783
Chile,CHL,2000,62.1227339115047
Chile,CHL,2001,61.715832846146
Chile,CHL,2002,61.112429508575
Chile,CHL,2003,59.994146656402
Chile,CHL,2004,57.8444242446717
Chile,CHL,2005,57.4900587964009
Chile,CHL,2006,53.4968508012555
Chile,CHL,2007,53.823342973315
Chile,CHL,2008,58.1896329968349
Chile,CHL,2009,56.6662256549316
Chile,CHL,2010,56.5880468946975
Chile,CHL,2011,58.1445946346119
Chile,CHL,2012,59.3476809071101
Chile,CHL,2013,60.6858177600604
Chile,CHL,2014,61.2424027925022
Chile,CHL,2015,61.7753958333893
Chile,CHL,2016,62.1600869547592
Chile,CHL,2017,62.0780221408884
Chile,CHL,2018,62.0594089711882
Chile,CHL,2019,61.6694534371738
Chile,CHL,2020,58.4375141064989
Chile,CHL,2021,62.0942098138272
Chile,CHL,2022,63.6938352352536
China,CHN,2000,46.7323584232039
China,CHN,2001,45.519809663003
China,CHN,2002,44.9130188337297
China,CHN,2003,42.7077849953396
China,CHN,2004,40.610905600723
China,CHN,2005,39.586878355938
China,CHN,2006,37.7519795232291
China,CHN,2007,36.3695258176097
China,CHN,2008,35.2878801516335
China,CHN,2009,35.3272959056619
China,CHN,2010,34.326341089004
China,CHN,2011,34.9204283438326
China,CHN,2012,35.3865349121224
China,CHN,2013,35.8331311198854
China,CHN,2014,36.707898358839
China,CHN,2015,37.7730036552299
China,CHN,2016,38.6749819498488
China,CHN,2017,38.5427462169171
China,CHN,2018,38.5218805184666
China,CHN,2019,39.2480621307644
China,CHN,2020,38.2003123887963
China,CHN,2021,38.1135652499102
China,CHN,2022,37.3918108488905
Cyprus,CYP,2000,61.9036612042076
Cyprus,CYP,2001,61.6004722125363
Cyprus,CYP,2002,61.7602722160188
Cyprus,CYP,2003,60.892940386252
Cyprus,CYP,2004,61.4763054957619
Cyprus,CYP,2005,61.570975422382
Cyprus,CYP,2006,61.4317456263887
Cyprus,CYP,2007,63.9314950496678
Cyprus,CYP,2008,66.7547399884479
Cyprus,CYP,2009,63.6956023177164
Cyprus,CYP,2010,65.7988101100209
Cyprus,CYP,2011,65.7999378086748
Cyprus,CYP,2012,66.8682649400073
Cyprus,CYP,2013,67.0343905820875
Cyprus,CYP,2014,68.6804326927284
Cyprus,CYP,2015,67.3098306729774
Cyprus,CYP,2016,65.5126935066585
Cyprus,CYP,2017,64.9242912299762
Cyprus,CYP,2018,64.9469251656965
Cyprus,CYP,2019,63.4628035369991
Cyprus,CYP,2020,61.5260513288004
Cyprus,CYP,2021,56.8819929437144
Cyprus,CYP,2022,57.8949501186797
Czechia,CZE,2000,50.1102221110972
Czechia,CZE,2001,49.4651898807443
Czechia,CZE,2002,49.5043383795544
Czechia,CZE,2003,49.732793024982
Czechia,CZE,2004,48.5627362338666
Czechia,CZE,2005,47.7614214170442
Czechia,CZE,2006,46.9740403801202
Czechia,CZE,2007,46.0966559137527
Czechia,CZE,2008,47.4401148811511
Czechia,CZE,2009,48.7428098557726
Czechia,CZE,2010,48.5618475002926
Czechia,CZE,2011,48.8343257177949
Czechia,CZE,2012,49.0703639726825
Czechia,CZE,2013,49.2578215792666
Czechia,CZE,2014,47.9683489527502
Czechia,CZE,2015,46.8916097874098
Czechia,CZE,2016,46.9343365620283
Czechia,CZE,2017,46.7213415444118
Czechia,CZE,2018,46.8957533484313
Czechia,CZE,2019,46.0418121034786
Czechia,CZE,2020,44.4052469340211
Czechia,CZE,2021,43.9412596082124
Czechia,CZE,2022,44.9262624910069
Ecuador,ECU,2000,63.6083073764659
Ecuador,ECU,2001,72.6309899812146
Ecuador,ECU,2002,73.4566507370372
Ecuador,ECU,2003,71.8076623286367
Ecuador,ECU,2004,70.3803531796766
Ecuador,ECU,2005,68.2018967324513
Ecuador,ECU,2006,65.4432552470891
Ecuador,ECU,2007,64.3859095694022
Ecuador,ECU,2008,60.4659499814179
Ecuador,ECU,2009,63.1566983850131
Ecuador,ECU,2010,63.6594012715438
Ecuador,ECU,2011,61.2130255229973
Ecuador,ECU,2012,60.5798597158116
Ecuador,ECU,2013,59.5513203878947
Ecuador,ECU,2014,59.2707666599616
Ecuador,ECU,2015,64.2588180475011
Ecuador,ECU,2016,63.5201523049222
Ecuador,ECU,2017,62.8686259378349
Ecuador,ECU,2018,62.824407440779
Ecuador,ECU,2019,63.7522724045372
Ecuador,ECU,2020,63.5146875404734
Ecuador,ECU,2021,63.8199604801414
Ecuador,ECU,2022,64.3525870700223
Egypt,EGY,2000,75.8600411643634
Egypt,EGY,2001,75.2718148870923
Egypt,EGY,2002,73.7661652150963
Egypt,EGY,2003,73.0299401197605
Egypt,EGY,2004,71.6670100968473
Egypt,EGY,2005,71.5506035283194
Egypt,EGY,2006,70.6006151853651
Egypt,EGY,2007,72.3952738990333
Egypt,EGY,2008,72.3171412618649
Egypt,EGY,2009,76.0986374976012
Egypt,EGY,2010,74.5731808387204
Egypt,EGY,2011,75.5670629421632
Egypt,EGY,2012,80.7129635158536
Egypt,EGY,2013,80.7729520533219
Egypt,EGY,2014,82.9389671361502
Egypt,EGY,2015,82.4297229837555
Egypt,EGY,2016,83.0885066804458
Egypt,EGY,2017,86.0800350118986
Egypt,EGY,2018,83.2904719043333
Egypt,EGY,2019,80.4967834167262
Egypt,EGY,2020,83.6459383025063
Egypt,EGY,2021,86.0050126817847
Egypt,EGY,2022,82.5221549250877
Ethiopia,ETH,2000,
Ethiopia,ETH,2001,
Ethiopia,ETH,2002,
Ethiopia,ETH,2003,
Ethiopia,ETH,2004,
Ethiopia,ETH,2005,
Ethiopia,ETH,2006,
Ethiopia,ETH,2007,
Ethiopia,ETH,2008,
Ethiopia,ETH,2009,
Ethiopia,ETH,2010,
Ethiopia,ETH,2011,72.4333164755159
Ethiopia,ETH,2012,72.4631571005796
Ethiopia,ETH,2013,73.4670479688865
Ethiopia,ETH,2014,70.2145250716323
Ethiopia,ETH,2015,71.2444353893903
Ethiopia,ETH,2016,66.4668703530458
Ethiopia,ETH,2017,66.530735175847
Ethiopia,ETH,2018,65.6642066504524
Ethiopia,ETH,2019,68.6823121128637
Ethiopia,ETH,2020,70.0432684287148
Ethiopia,ETH,2021,72.2205175553049
Ethiopia,ETH,2022,77.4036282191939
Germany,DEU,2000,55.7554727045632
Germany,DEU,2001,55.8727960902379
Germany,DEU,2002,55.1089792026482
Germany,DEU,2003,55.7266791918994
Germany,DEU,2004,55.3957628301294
Germany,DEU,2005,55.6293346977912
Germany,DEU,2006,54.7421048726805
Germany,DEU,2007,53.0876556710277
Germany,DEU,2008,53.3203330141176
Germany,DEU,2009,55.3290552213141
Germany,DEU,2010,54.0204353111167
Germany,DEU,2011,53.31292920544
Germany,DEU,2012,53.8271948806948
Germany,DEU,2013,53.4926480845958
Germany,DEU,2014,52.3889426732816
Germany,DEU,2015,51.9491517184386
Germany,DEU,2016,51.7415232892485
Germany,DEU,2017,51.1080390620544
Germany,DEU,2018,51.1024064958192
Germany,DEU,2019,51.0493425519395
Germany,DEU,2020,49.532006423896
Germany,DEU,2021,48.5654678685475
Germany,DEU,2022,50.0599921595407
Greece,GRC,2000,69.3919259845378
Greece,GRC,2001,68.2898035661242
Greece,GRC,2002,68.0438398804881
Greece,GRC,2003,66.5560679222693
Greece,GRC,2004,65.650341546977
Greece,GRC,2005,67.6748128123319
Greece,GRC,2006,65.2620682213101
Greece,GRC,2007,65.7971878889616
Greece,GRC,2008,68.2927517038602
Greece,GRC,2009,69.066372801723
Greece,GRC,2010,67.4184073317536
Greece,GRC,2011,69.6702222207762
Greece,GRC,2012,71.1547998139465
Greece,GRC,2013,70.4881152535784
Greece,GRC,2014,69.5329655860989
Greece,GRC,2015,68.6886594094333
Greece,GRC,2016,68.0126932819622
Greece,GRC,2017,68.8100060538919
Greece,GRC,2018,68.8330418045266
Greece,GRC,2019,68.3649191955026
Greece,GRC,2020,69.1479743901376
Greece,GRC,2021,67.0716816185717
Greece,GRC,2022,68.0652905785852
Guatemala,GTM,2000,83.9175170785753
Guatemala,GTM,2001,84.7622504103056
Guatemala,GTM,2002,84.5683172357262
Guatemala,GTM,2003,85.8470164166416
Guatemala,GTM,2004,86.925423004826
Guatemala,GTM,2005,89.1266070996726
Guatemala,GTM,2006,89.197165565155
Guatemala,GTM,2007,88.6963637620669
Guatemala,GTM,2008,90.7400122291722
Guatemala,GTM,2009,87.3295722861624
Guatemala,GTM,2010,87.4902596408252
Guatemala,GTM,2011,86.7321023490213
Guatemala,GTM,2012,87.3195956767526
Guatemala,GTM,2013,85.5583344939829
Guatemala,GTM,2014,85.268005922665
Guatemala,GTM,2015,84.3173741453879
Guatemala,GTM,2016,84.5642376852087
Guatemala,GTM,2017,84.9103984317303
Guatemala,GTM,2018,85.7623468879429
Guatemala,GTM,2019,84.855948902249
Guatemala,GTM,2020,83.4808826612353
Guatemala,GTM,2021,85.9840817274566
Guatemala,GTM,2022,88.4793451193185
India,IND,2000,63.7389811377058
India,IND,2001,64.1468574278813
India,IND,2002,63.0296467564906
India,IND,2003,61.5037576116886
India,IND,2004,58.3515479395448
India,IND,2005,57.3787299354735
India,IND,2006,56.1099454055017
India,IND,2007,55.7605110755195
India,IND,2008,56.6768159816226
India,IND,2009,55.9598884651294
India,IND,2010,54.72485776198
India,IND,2011,56.2072185843836
India,IND,2012,56.4609537893395
India,IND,2013,57.6457660908404
India,IND,2014,58.1277171013104
India,IND,2015,59.007281077807
India,IND,2016,59.2952812328071
India,IND,2017,58.725149676261
India,IND,2018,59.2883228123904
India,IND,2019,60.91128763805
India,IND,2020,61.0981287103106
India,IND,2021,60.9503796335733
India,IND,2022,60.9378523452968
Indonesia,IDN,2000,61.6503710434368
Indonesia,IDN,2001,63.1501613900561
Indonesia,IDN,2002,67.6222370278204
Indonesia,IDN,2003,68.1380199164254
Indonesia,IDN,2004,66.7684818650471
Indonesia,IDN,2005,64.3624901600634
Indonesia,IDN,2006,62.6690567081477
Indonesia,IDN,2007,63.5426895366344
Indonesia,IDN,2008,60.6212527280492
Indonesia,IDN,2009,58.7027563092215
Indonesia,IDN,2010,56.2171757972278
Indonesia,IDN,2011,55.4233565438929
Indonesia,IDN,2012,56.389246489545
Indonesia,IDN,2013,56.8294623585841
Indonesia,IDN,2014,57.1391165860159
Indonesia,IDN,2015,57.4500178976655
Indonesia,IDN,2016,57.826800813929
Indonesia,IDN,2017,57.2755729741479
Indonesia,IDN,2018,56.97989563222
Indonesia,IDN,2019,57.9304645761067
Indonesia,IDN,2020,58.933892283434
Indonesia,IDN,2021,55.6288131852593
Indonesia,IDN,2022,53.0461750807275
Iran,IRN,2000,49.727166888436
Iran,IRN,2001,50.2207851511565
Iran,IRN,2002,46.5945663442645
Iran,IRN,2003,44.4422978366207
Iran,IRN,2004,42.6781267808106
Iran,IRN,2005,41.2033637241402
Iran,IRN,2006,41.4366001597637
Iran,IRN,2007,41.4252405405464
Iran,IRN,2008,41.6603977546837
Iran,IRN,2009,44.4955836314725
Iran,IRN,2010,42.9220084537587
Iran,IRN,2011,42.2729458066133
Iran,IRN,2012,47.8055993295147
Iran,IRN,2013,46.8466512216947
Iran,IRN,2014,47.3489294074271
Iran,IRN,2015,53.4215909836335
Iran,IRN,2016,51.0383219921872
Iran,IRN,2017,48.9161327205906
Iran,IRN,2018,48.0231938413085
Iran,IRN,2019,49.0765673817761
Iran,IRN,2020,46.2693803807801
Iran,IRN,2021,43.1441369239907
Iran,IRN,2022,45.2805310978502
Ireland,IRL,2000,46.923425403291
Ireland,IRL,2001,45.5727475066708
Ireland,IRL,2002,44.5612694561285
Ireland,IRL,2003,44.4646578225959
Ireland,IRL,2004,43.7650662004879
Ireland,IRL,2005,43.634642464144
Ireland,IRL,2006,43.8194188273661
Ireland,IRL,2007,45.1901014605028
Ireland,IRL,2008,48.3815734609481
Ireland,IRL,2009,47.2755906136085
Ireland,IRL,2010,47.4036140063274
Ireland,IRL,2011,45.5886190225607
Ireland,IRL,2012,44.8721212522172
Ireland,IRL,2013,44.0278543819864
Ireland,IRL,2014,41.6030922324864
Ireland,IRL,2015,31.8117725685217
Ireland,IRL,2016,33.0531361735836
Ireland,IRL,2017,30.8011221666782
Ireland,IRL,2018,30.0033572558655
Ireland,IRL,2019,28.8163125257306
Ireland,IRL,2020,24.6358280441269
Ireland,IRL,2021,23.6226821885586
Ireland,IRL,2022,23.8288794152457
Japan,JPN,2000,53.6687711295312
Japan,JPN,2001,54.4220591629254
Japan,JPN,2002,55.062464881796
Japan,JPN,2003,54.8971255147732
Japan,JPN,2004,54.7302620754895
Japan,JPN,2005,54.8019438303779
Japan,JPN,2006,55.0290169370417
Japan,JPN,2007,54.8352929461541
Japan,JPN,2008,55.7637984494068
Japan,JPN,2009,57.614119252012
Japan,JPN,2010,56.8685654241306
Japan,JPN,2011,57.220068232134
Japan,JPN,2012,57.6791194439999
Japan,JPN,2013,58.1384610122339
Japan,JPN,2014,57.6315845269279
Japan,JPN,2015,55.7707966603492
Japan,JPN,2016,54.701499693404
Japan,JPN,2017,54.6136947563884
Japan,JPN,2018,54.7746699289169
Japan,JPN,2019,54.5545811265887
Japan,JPN,2020,54.0530506946727
Japan,JPN,2021,53.5366108343646
Japan,JPN,2022,55.5756453206758
Jordan,JOR,2000,80.6141330621635
Jordan,JOR,2001,81.0440467023901
Jordan,JOR,2002,76.4100677068001
Jordan,JOR,2003,76.9377619765656
Jordan,JOR,2004,81.5595298421684
Jordan,JOR,2005,87.8181858922649
Jordan,JOR,2006,85.0197650673511
Jordan,JOR,2007,86.6543569114604
Jordan,JOR,2008,74.3898857118373
Jordan,JOR,2009,68.5402021778117
Jordan,JOR,2010,65.9434172881694
Jordan,JOR,2011,73.7853847301006
Jordan,JOR,2012,77.2599453402249
Jordan,JOR,2013,83.9933445483886
Jordan,JOR,2014,81.6418520069025
Jordan,JOR,2015,79.6115377445396
Jordan,JOR,2016,79.2692728795043
Jordan,JOR,2017,78.9926487517031
Jordan,JOR,2018,76.6042986523784
Jordan,JOR,2019,74.6934820940804
Jordan,JOR,2020,79.8136555479321
Jordan,JOR,2021,78.8555453752195
Jordan,JOR,2022,
Kazakhstan,KAZ,2000,61.8865729379912
Kazakhstan,KAZ,2001,57.9121971364428
Kazakhstan,KAZ,2002,54.5990094530399
Kazakhstan,KAZ,2003,54.4848971762706
Kazakhstan,KAZ,2004,53.5330171236457
Kazakhstan,KAZ,2005,49.8569709996985
Kazakhstan,KAZ,2006,45.7216849411506
Kazakhstan,KAZ,2007,45.1014109642536
Kazakhstan,KAZ,2008,44.4118126502499
Kazakhstan,KAZ,2009,47.5228195881535
Kazakhstan,KAZ,2010,45.3804821586397
Kazakhstan,KAZ,2011,42.1912164615265
Kazakhstan,KAZ,2012,44.9367510818071
Kazakhstan,KAZ,2013,49.8965892829137
Kazakhstan,KAZ,2014,48.4825043206591
Kazakhstan,KAZ,2015,53.7178141400066
Kazakhstan,KAZ,2016,54.5443168838745
Kazakhstan,KAZ,2017,52.5879857667772
Kazakhstan,KAZ,2018,52.0980613500686
Kazakhstan,KAZ,2019,52.2788563150279
Kazakhstan,KAZ,2020,53.0038950341928
Kazakhstan,KAZ,2021,51.6402830303106
Kazakhstan,KAZ,2022,49.4371300696689
Kenya,KEN,2000,78.2907715662389
Kenya,KEN,2001,79.5703087860375
Kenya,KEN,2002,78.6144703406405
Kenya,KEN,2003,77.1191801954793
Kenya,KEN,2004,75.5246878945704
Kenya,KEN,2005,75.3993890056332
Kenya,KEN,2006,76.2317800735859
Kenya,KEN,2007,74.85466095924
Kenya,KEN,2008,75.3275598073021
Kenya,KEN,2009,72.4743424342465
Kenya,KEN,2010,72.8257213776847
Kenya,KEN,2011,76.0117563568555
Kenya,KEN,2012,75.2015180428055
Kenya,KEN,2013,76.496962526467
Kenya,KEN,2014,76.068046506941
Kenya,KEN,2015,75.5167578715507
Kenya,KEN,2016,76.4073215606295
Kenya,KEN,2017,77.9129619789056
Kenya,KEN,2018,77.1029078594526
Kenya,KEN,2019,77.4226642300581
Kenya,KEN,2020,76.4393699714514
Kenya,KEN,2021,75.4961521200047
Kenya,KEN,2022,75.6878425683943
Kyrgyzstan,KGZ,2000,65.6840739499707
Kyrgyzstan,KGZ,2001,64.8224569761855
Kyrgyzstan,KGZ,2002,67.5319902131973
Kyrgyzstan,KGZ,2003,77.9097523112765
Kyrgyzstan,KGZ,2004,76.0428910437336
Kyrgyzstan,KGZ,2005,84.5448725064223
Kyrgyzstan,KGZ,2006,95.125663334215
Kyrgyzstan,KGZ,2007,87.4864074611498
Kyrgyzstan,KGZ,2008,92.5385083080707
Kyrgyzstan,KGZ,2009,78.2805535552862
Kyrgyzstan,KGZ,2010,84.595540304389
Kyrgyzstan,KGZ,2011,83.402479325261
Kyrgyzstan,KGZ,2012,95.8006102335385
Kyrgyzstan,KGZ,2013,97.1806511100078
Kyrgyzstan,KGZ,2014,95.9988170524141
Kyrgyzstan,KGZ,2015,90.5465732721874
Kyrgyzstan,KGZ,2016,82.7994261135949
Kyrgyzstan,KGZ,2017,82.0794995887653
Kyrgyzstan,KGZ,2018,82.4857706271462
Kyrgyzstan,KGZ,2019,77.3300987499985
Kyrgyzstan,KGZ,2020,76.4257484032074
Kyrgyzstan,KGZ,2021,85.5235897663205
Kyrgyzstan,KGZ,2022,88.6858181762607
Lebanon,LBN,2000,84.0814757878555
Lebanon,LBN,2001,83.9365580486338
Lebanon,LBN,2002,82.9939041285675
Lebanon,LBN,2003,84.822460776218
Lebanon,LBN,2004,83.3458292576255
Lebanon,LBN,2005,82.0084219618835
Lebanon,LBN,2006,84.8164487806282
Lebanon,LBN,2007,85.6780294070479
Lebanon,LBN,2008,88.1388711834483
Lebanon,LBN,2009,84.1765049782136
Lebanon,LBN,2010,87.8932779179159
Lebanon,LBN,2011,89.998577608781
Lebanon,LBN,2012,92.4701543279768
Lebanon,LBN,2013,92.3410533828914
Lebanon,LBN,2014,94.5916670435709
Lebanon,LBN,2015,90.8051834974673
Lebanon,LBN,2016,88.1445855533141
Lebanon,LBN,2017,89.6049096795191
Lebanon,LBN,2018,88.9243085838561
Lebanon,LBN,2019,93.6331403584653
Lebanon,LBN,2020,100.14669999945
Lebanon,LBN,2021,119.057743621409
Lebanon,LBN,2022,140.380223765282
Malaysia,MYS,2000,43.7543665702397
Malaysia,MYS,2001,46.1224292995329
Malaysia,MYS,2002,45.0102162504925
Malaysia,MYS,2003,44.5768430805528
Malaysia,MYS,2004,43.9978651950857
Malaysia,MYS,2005,44.1864828966588
Malaysia,MYS,2006,44.3349687659187
Malaysia,MYS,2007,45.1525535816274
Malaysia,MYS,2008,44.7062078137643
Malaysia,MYS,2009,48.8412121926277
Malaysia,MYS,2010,48.116586359951
Malaysia,MYS,2011,47.9679906288354
Malaysia,MYS,2012,49.6511718894787
Malaysia,MYS,2013,51.8104993648232
Malaysia,MYS,2014,52.4188774297456
Malaysia,MYS,2015,53.9618666603771
Malaysia,MYS,2016,54.7877093226036
Malaysia,MYS,2017,55.3917530338003
Malaysia,MYS,2018,57.4258164063263
Malaysia,MYS,2019,59.7716877634033
Malaysia,MYS,2020,61.0120288602963
Malaysia,MYS,2021,58.007293869846
Malaysia,MYS,2022,57.6072240643696
Mexico,MEX,2000,69.0091905289985
Mexico,MEX,2001,69.2570043957115
Mexico,MEX,2002,69.6592148327527
Mexico,MEX,2003,70.6495135759517
Mexico,MEX,2004,69.9188767583994
Mexico,MEX,2005,71.2267435930797
Mexico,MEX,2006,69.2742809816988
Mexico,MEX,2007,69.3229644300248
Mexico,MEX,2008,70.2746990860336
Mexico,MEX,2009,69.1192267646515
Mexico,MEX,2010,70.5429455639037
Mexico,MEX,2011,69.9024965736527
Mexico,MEX,2012,69.1629981341374
Mexico,MEX,2013,70.747879453347
Mexico,MEX,2014,70.8084071936587
Mexico,MEX,2015,69.1492541424672
Mexico,MEX,2016,68.9305753669231
Mexico,MEX,2017,68.2357005073906
Mexico,MEX,2018,67.3910109537733
Mexico,MEX,2019,67.1220772790356
Mexico,MEX,2020,66.1547340770217
Mexico,MEX,2021,68.3257391693618
Mexico,MEX,2022,70.7782967636147
Mongolia,MNG,2000,75.1075301992177
Mongolia,MNG,2001,75.5774143270245
Mongolia,MNG,2002,77.1211615008672
Mongolia,MNG,2003,70.1241021296151
Mongolia,MNG,2004,64.8458393119227
Mongolia,MNG,2005,55.1752340722265
Mongolia,MNG,2006,47.3028319014931
Mongolia,MNG,2007,48.6070690695543
Mongolia,MNG,2008,56.2331423078547
Mongolia,MNG,2009,58.4354052205536
Mongolia,MNG,2010,55.216986503192
Mongolia,MNG,2011,51.4861554292071
Mongolia,MNG,2012,53.0188312402492
Mongolia,MNG,2013,55.7986805428789
Mongolia,MNG,2014,56.6320068417376
Mongolia,MNG,2015,61.8999405343556
Mongolia,MNG,2016,60.7261438290346
Mongolia,MNG,2017,56.2644226888335
Mongolia,MNG,2018,57.9553963616272
Mongolia,MNG,2019,57.2622382408762
Mongolia,MNG,2020,60.4715806098484
Mongolia,MNG,2021,53.002578410745
Mongolia,MNG,2022,51.860170398641
Morocco,MAR,2000,55.6671922925769
Morocco,MAR,2001,51.7628899969698
Morocco,MAR,2002,51.8993023026941
Morocco,MAR,2003,51.0163432613322
Morocco,MAR,2004,50.9931959124902
Morocco,MAR,2005,51.8372113230513
Morocco,MAR,2006,51.7781155232103
Morocco,MAR,2007,52.6745336154594
Morocco,MAR,2008,52.9949149402648
Morocco,MAR,2009,53.8371312728414
Morocco,MAR,2010,54.3039243500897
Morocco,MAR,2011,54.8373791820435
Morocco,MAR,2012,55.5115539358667
Morocco,MAR,2013,55.3165067627079
Morocco,MAR,2014,61.7482180908958
Morocco,MAR,2015,58.9633426365735
Morocco,MAR,2016,59.3337531037268
Morocco,MAR,2017,59.3203904621397
Morocco,MAR,2018,59.4626839697901
Morocco,MAR,2019,59.038130849564
Morocco,MAR,2020,59.0736301028133
Morocco,MAR,2021,59.6010537670291
Morocco,MAR,2022,62.1500152567569
Myanmar,MMR,2000,
Myanmar,MMR,2001,
Myanmar,MMR,2002,
Myanmar,MMR,2003,
Myanmar,MMR,2004,
Myanmar,MMR,2005,
Myanmar,MMR,2006,
Myanmar,MMR,2007,
Myanmar,MMR,2008,
Myanmar,MMR,2009,
Myanmar,MMR,2010,
Myanmar,MMR,2011,
Myanmar,MMR,2012,
Myanmar,MMR,2013,
Myanmar,MMR,2014,
Myanmar,MMR,2015,
Myanmar,MMR,2016,
Myanmar,MMR,2017,
Myanmar,MMR,2018,
Myanmar,MMR,2019,
Myanmar,MMR,2020,
Myanmar,MMR,2021,
Myanmar,MMR,2022,
Netherlands,NLD,2000,50.3097142579131
Netherlands,NLD,2001,49.6217964513263
Netherlands,NLD,2002,49.85335085832
Netherlands,NLD,2003,49.7598567491615
Netherlands,NLD,2004,49.2186397729004
Netherlands,NLD,2005,48.6111563090964
Netherlands,NLD,2006,46.964306384949
Netherlands,NLD,2007,46.0548352133596
Netherlands,NLD,2008,45.3605793959456
Netherlands,NLD,2009,45.3100973859559
Netherlands,NLD,2010,45.1787030614816
Netherlands,NLD,2011,45.2459021391344
Netherlands,NLD,2012,45.1462402314078
Netherlands,NLD,2013,45.1406094352635
Netherlands,NLD,2014,44.8322863664428
Netherlands,NLD,2015,44.4546787285014
Netherlands,NLD,2016,43.8839171034818
Netherlands,NLD,2017,43.5847646901357
Netherlands,NLD,2018,43.3852043700216
Netherlands,NLD,2019,42.6079851331759
Netherlands,NLD,2020,41.0906556696384
Netherlands,NLD,2021,40.4811844540407
Netherlands,NLD,2022,41.3629228632952
New Zealand,NZL,2000,57.901851650965
New Zealand,NZL,2001,56.5223133818137
New Zealand,NZL,2002,57.4570390809359
New Zealand,NZL,2003,57.2981688834757
New Zealand,NZL,2004,57.360619569226
New Zealand,NZL,2005,58.0813443232661
New Zealand,NZL,2006,58.2649240715332
New Zealand,NZL,2007,56.6750413825245
New Zealand,NZL,2008,57.7368193193457
New Zealand,NZL,2009,58.1631130118833
New Zealand,NZL,2010,57.8276991472495
New Zealand,NZL,2011,58.3072806646951
New Zealand,NZL,2012,58.8011623309149
New Zealand,NZL,2013,57.5093321649334
New Zealand,NZL,2014,57.4246288612644
New Zealand,NZL,2015,57.3444480553804
New Zealand,NZL,2016,57.9553871836732
New Zealand,NZL,2017,57.4565567342222
New Zealand,NZL,2018,57.8646712806159
New Zealand,NZL,2019,57.2167453377699
New Zealand,NZL,2020,57.1218200443913
New Zealand,NZL,2021,57.6165219379702
New Zealand,NZL,2022,58.1558497625558
Nicaragua,NIC,2000,85.0370011157084
Nicaragua,NIC,2001,85.920576477241
Nicaragua,NIC,2002,88.8543947299213
Nicaragua,NIC,2003,89.1605008526943
Nicaragua,NIC,2004,87.6517671416169
Nicaragua,NIC,2005,87.5495926776204
Nicaragua,NIC,2006,81.3578148403709
Nicaragua,NIC,2007,81.5758921073961
Nicaragua,NIC,2008,80.4133607125065
Nicaragua,NIC,2009,81.3331279511348
Nicaragua,NIC,2010,80.4936595171396
Nicaragua,NIC,2011,77.2125448257612
Nicaragua,NIC,2012,75.6585871375402
Nicaragua,NIC,2013,75.8887632628559
Nicaragua,NIC,2014,73.5232796049325
Nicaragua,NIC,2015,70.4978617054014
Nicaragua,NIC,2016,70.388233344992
Nicaragua,NIC,2017,69.3762672588587
Nicaragua,NIC,2018,70.5531548366376
Nicaragua,NIC,2019,71.3892072066075
Nicaragua,NIC,2020,70.5280221899741
Nicaragua,NIC,2021,74.7835508713246
Nicaragua,NIC,2022,80.129526157266
Nigeria,NGA,2000,
Nigeria,NGA,2001,
Nigeria,NGA,2002,
Nigeria,NGA,2003,
Nigeria,NGA,2004,
Nigeria,NGA,2005,
Nigeria,NGA,2006,
Nigeria,NGA,2007,
Nigeria,NGA,2008,
Nigeria,NGA,2009,
Nigeria,NGA,2010,
Nigeria,NGA,2011,
Nigeria,NGA,2012,
Nigeria,NGA,2013,
Nigeria,NGA,2014,
Nigeria,NGA,2015,
Nigeria,NGA,2016,
Nigeria,NGA,2017,
Nigeria,NGA,2018,
Nigeria,NGA,2019,
Nigeria,NGA,2020,
Nigeria,NGA,2021,
Nigeria,NGA,2022,
Pakistan,PAK,2000,75.9740014396847
Pakistan,PAK,2001,77.6722495585279
Pakistan,PAK,2002,76.0120908082144
Pakistan,PAK,2003,75.2747917828706
Pakistan,PAK,2004,76.624839810653
Pakistan,PAK,2005,79.9474148329358
Pakistan,PAK,2006,78.1010189392007
Pakistan,PAK,2007,79.5992966173462
Pakistan,PAK,2008,82.0188094442955
Pakistan,PAK,2009,79.4383534240968
Pakistan,PAK,2010,79.8342485502447
Pakistan,PAK,2011,80.5393112709335
Pakistan,PAK,2012,82.3027657196906
Pakistan,PAK,2013,81.2930927452825
Pakistan,PAK,2014,82.1449493021535
Pakistan,PAK,2015,81.1391521501089
Pakistan,PAK,2016,80.6834422157779
Pakistan,PAK,2017,81.942182981327
Pakistan,PAK,2018,82.4005398342069
Pakistan,PAK,2019,83.8744524029542
Pakistan,PAK,2020,81.5148203710237
Pakistan,PAK,2021,83.4629615451259
Pakistan,PAK,2022,85.8977457844886
Peru,PER,2000,70.922673105037
Peru,PER,2001,71.98496660768
Peru,PER,2002,71.5663938637508
Peru,PER,2003,70.5662704258162
Peru,PER,2004,67.9996490227477
Peru,PER,2005,64.9314653298717
Peru,PER,2006,60.1444856702874
Peru,PER,2007,60.1564626063129
Peru,PER,2008,62.429299243874
Peru,PER,2009,63.7827901621957
Peru,PER,2010,61.7341356673961
Peru,PER,2011,60.4195337058106
Peru,PER,2012,62.2433978639367
Peru,PER,2013,63.0954308295741
Peru,PER,2014,64.5709694565829
Peru,PER,2015,65.3174303790767
Peru,PER,2016,65.0032115219526
Peru,PER,2017,64.1497175100183
Peru,PER,2018,63.8584831899922
Peru,PER,2019,64.7873183688896
Peru,PER,2020,64.2137189859571
Peru,PER,2021,60.9017737198024
Peru,PER,2022,63.8703562463439
Philippines,PHL,2000,71.7178808451918
Philippines,PHL,2001,72.9024635031386
Philippines,PHL,2002,73.1042717766135
Philippines,PHL,2003,73.5046587077873
Philippines,PHL,2004,73.5996710342895
Philippines,PHL,2005,73.9538805155967
Philippines,PHL,2006,73.2773863277686
Philippines,PHL,2007,72.2563778597652
Philippines,PHL,2008,73.1858245187545
Philippines,PHL,2009,73.189219811945
Philippines,PHL,2010,70.1924527580977
Philippines,PHL,2011,72.131410195277
Philippines,PHL,2012,72.5549827176285
Philippines,PHL,2013,72.0107624896911
Philippines,PHL,2014,71.2740205838182
Philippines,PHL,2015,72.4728880944288
Philippines,PHL,2016,72.5535883744808
Philippines,PHL,2017,72.1816478651947
Philippines,PHL,2018,72.5428218586257
Philippines,PHL,2019,73.2064393375695
Philippines,PHL,2020,75.0690480667428
Philippines,PHL,2021,75.2606081244155
Philippines,PHL,2022,75.9253446220672
Romania,ROU,2000,68.8149706144565
Romania,ROU,2001,69.1639251256906
Romania,ROU,2002,68.6871804638426
Romania,ROU,2003,68.5139351471673
Romania,ROU,2004,70.1944473846931
Romania,ROU,2005,71.119448068914
Romania,ROU,2006,68.7509372376099
Romania,ROU,2007,67.3559301568673
Romania,ROU,2008,63.8902257260322
Romania,ROU,2009,63.1218173147121
Romania,ROU,2010,64.4603407361492
Romania,ROU,2011,64.4621318552198
Romania,ROU,2012,64.6852368432363
Romania,ROU,2013,61.3725195287144
Romania,ROU,2014,61.01766319582
Romania,ROU,2015,61.3847813328101
Romania,ROU,2016,62.0862296113792
Romania,ROU,2017,62.803224816309
Romania,ROU,2018,63.8324728031367
Romania,ROU,2019,62.394657133969
Romania,ROU,2020,61.2919110114213
Romania,ROU,2021,61.5430474329623
Romania,ROU,2022,63.196811688078
Russia,RUS,2000,46.1875631728845
Russia,RUS,2001,49.3862504134808
Russia,RUS,2002,51.1675361248326
Russia,RUS,2003,50.6676374144755
Russia,RUS,2004,50.4375623120254
Russia,RUS,2005,49.9417728780703
Russia,RUS,2006,48.7766161759824
Russia,RUS,2007,48.7783849826527
Russia,RUS,2008,48.8981121319617
Russia,RUS,2009,54.6364845989223
Russia,RUS,2010,51.4879099779304
Russia,RUS,2011,50.3849352896164
Russia,RUS,2012,51.4469174813592
Russia,RUS,2013,53.1656201146252
Russia,RUS,2014,53.7630013918765
Russia,RUS,2015,52.6798287104904
Russia,RUS,2016,53.2478120353532
Russia,RUS,2017,52.8711978676701
Russia,RUS,2018,50.3659192946004
Russia,RUS,2019,51.5990121186078
Russia,RUS,2020,51.4957072435794
Russia,RUS,2021,49.9472029754221
Russia,RUS,2022,48.559342304762
Serbia,SRB,2000,72.0864260756261
Serbia,SRB,2001,73.2294802481186
Serbia,SRB,2002,70.7985569573926
Serbia,SRB,2003,67.9371100670249
Serbia,SRB,2004,73.7732101921947
Serbia,SRB,2005,73.7961966494063
Serbia,SRB,2006,74.6919827838023
Serbia,SRB,2007,72.8261169488156
Serbia,SRB,2008,73.0625728334147
Serbia,SRB,2009,72.8412691389846
Serbia,SRB,2010,73.1242905883632
Serbia,SRB,2011,73.2123944831778
Serbia,SRB,2012,72.9315187807303
Serbia,SRB,2013,70.6509176008755
Serbia,SRB,2014,71.4037512079492
Serbia,SRB,2015,69.9858383982251
Serbia,SRB,2016,69.1287305780773
Serbia,SRB,2017,69.2440066065671
Serbia,SRB,2018,67.7283925711108
Serbia,SRB,2019,66.3634752708796
Serbia,SRB,2020,64.6330898951998
Serbia,SRB,2021,63.9515655660624
Serbia,SRB,2022,65.6930354620919
Singapore,SGP,2000,41.855216732958
Singapore,SGP,2001,46.244971582292
Singapore,SGP,2002,46.1824848927055
Singapore,SGP,2003,45.5353610642972
Singapore,SGP,2004,41.9984261930845
Singapore,SGP,2005,39.8478772864241
Singapore,SGP,2006,38.1060964063164
Singapore,SGP,2007,36.7659634701589
Singapore,SGP,2008,39.9509238465425
Singapore,SGP,2009,39.1029216220571
Singapore,SGP,2010,36.3378382965814
Singapore,SGP,2011,36.6156100201527
Singapore,SGP,2012,37.3060480705479
Singapore,SGP,2013,37.3334601292955
Singapore,SGP,2014,37.5843813189642
Singapore,SGP,2015,37.1580806061532
Singapore,SGP,2016,36.4607950720948
Singapore,SGP,2017,35.2010200577031
Singapore,SGP,2018,34.5514190783186
Singapore,SGP,2019,35.3577356485438
Singapore,SGP,2020,31.9575457514022
Singapore,SGP,2021,28.9881288669914
Singapore,SGP,2022,28.2627340117666
Slovakia,SVK,2000,54.6269183294204
Slovakia,SVK,2001,55.994126853117
Slovakia,SVK,2002,56.0546951715925
Slovakia,SVK,2003,54.53727665805
Slovakia,SVK,2004,56.1950266974245
Slovakia,SVK,2005,55.2029863376279
Slovakia,SVK,2006,54.9179773362679
Slovakia,SVK,2007,54.2048994051046
Slovakia,SVK,2008,55.8552216200195
Slovakia,SVK,2009,59.7098053378729
Slovakia,SVK,2010,56.6775394874791
Slovakia,SVK,2011,55.4034506967957
Slovakia,SVK,2012,55.8951425074735
Slovakia,SVK,2013,55.2852174863893
Slovakia,SVK,2014,54.8625524572799
Slovakia,SVK,2015,53.6430829050158
Slovakia,SVK,2016,54.7115307371006
Slovakia,SVK,2017,55.7630975477155
Slovakia,SVK,2018,55.881875873981
Slovakia,SVK,2019,56.2944900786572
Slovakia,SVK,2020,57.0041906971673
Slovakia,SVK,2021,55.8371746758916
Slovakia,SVK,2022,61.5708314197604
South Korea,KOR,2000,54.5001000561051
South Korea,KOR,2001,55.4002687047759
South Korea,KOR,2002,56.0957732185116
South Korea,KOR,2003,54.0668047983854
South Korea,KOR,2004,51.5940417366402
South Korea,KOR,2005,52.3173064891893
South Korea,KOR,2006,53.0307184307104
South Korea,KOR,2007,52.4759461711091
South Korea,KOR,2008,52.5339743453676
South Korea,KOR,2009,51.6704516049601
South Korea,KOR,2010,50.4351770195202
South Korea,KOR,2011,51.1987727018903
South Korea,KOR,2012,51.267707484296
South Korea,KOR,2013,50.5060869761052
South Korea,KOR,2014,49.9359055936582
South Korea,KOR,2015,48.5405607795899
South Korea,KOR,2016,47.9558009526307
South Korea,KOR,2017,47.5454734334871
South Korea,KOR,2018,48.0233723385077
South Korea,KOR,2019,48.6326175120672
South Korea,KOR,2020,46.3909283030239
South Korea,KOR,2021,45.9579987198337
South Korea,KOR,2022,48.0807821761563
Tajikistan,TJK,2000,75.2224771925897
Tajikistan,TJK,2001,82.0266791481395
Tajikistan,TJK,2002,84.8517168844251
Tajikistan,TJK,2003,83.5888604192044
Tajikistan,TJK,2004,83.7319410438928
Tajikistan,TJK,2005,88.5438348180834
Tajikistan,TJK,2006,85.9756620104551
Tajikistan,TJK,2007,112.476961044641
Tajikistan,TJK,2008,111.56039984187
Tajikistan,TJK,2009,104.006592820612
Tajikistan,TJK,2010,110.939770349414
Tajikistan,TJK,2011,110.780782877913
Tajikistan,TJK,2012,114.882297148198
Tajikistan,TJK,2013,116.618054071781
Tajikistan,TJK,2014,103.169082168551
Tajikistan,TJK,2015,71.2345373868625
Tajikistan,TJK,2016,79.7002389109021
Tajikistan,TJK,2017,80.4394553832353
Tajikistan,TJK,2018,76.4148766099252
Tajikistan,TJK,2019,76.2417551302114
Tajikistan,TJK,2020,77.5972119492653
Tajikistan,TJK,2021,80.3688896407961
Tajikistan,TJK,2022,87.6355645586415
Thailand,THA,2000,54.1337365034656
Thailand,THA,2001,56.0027958834807
Thailand,THA,2002,55.6574848281798
Thailand,THA,2003,55.6312717626493
Thailand,THA,2004,55.874855233078
Thailand,THA,2005,55.8398804582521
Thailand,THA,2006,54.4511587444963
Thailand,THA,2007,52.5484004992783
Thailand,THA,2008,53.6393951166224
Thailand,THA,2009,53.0657801951346
Thailand,THA,2010,52.1755305836478
Thailand,THA,2011,52.9609426309903
Thailand,THA,2012,53.2683970387807
Thailand,THA,2013,52.5522490704334
Thailand,THA,2014,52.5962139645468
Thailand,THA,2015,51.3447030883008
Thailand,THA,2016,50.009454887848
Thailand,THA,2017,48.9308632429498
Thailand,THA,2018,48.8885134819444
Thailand,THA,2019,49.7738077658505
Thailand,THA,2020,53.0475999711646
Thailand,THA,2021,52.2334992174437
Thailand,THA,2022,54.5593095644123
Tunisia,TUN,2000,60.6090359931235
Tunisia,TUN,2001,61.1678804525868
Tunisia,TUN,2002,62.7350978079827
Tunisia,TUN,2003,62.8990309047527
Tunisia,TUN,2004,62.3051868635503
Tunisia,TUN,2005,61.7881111031502
Tunisia,TUN,2006,61.7254055188149
Tunisia,TUN,2007,61.5658434357108
Tunisia,TUN,2008,61.3720573442464
Tunisia,TUN,2009,62.017444595175
Tunisia,TUN,2010,63.1318782752792
Tunisia,TUN,2011,66.5289269519626
Tunisia,TUN,2012,66.971093966734
Tunisia,TUN,2013,68.1977364559049
Tunisia,TUN,2014,69.0199331655442
Tunisia,TUN,2015,70.8042787370465
Tunisia,TUN,2016,71.3078083136297
Tunisia,TUN,2017,71.9487508761267
Tunisia,TUN,2018,71.5490040757442
Tunisia,TUN,2019,71.8122328093272
Tunisia,TUN,2020,74.0798697261387
Tunisia,TUN,2021,73.6618165751127
Tunisia,TUN,2022,77.3055368719011
Turkey,TUR,2000,66.9451778576081
Turkey,TUR,2001,64.8362363870526
Turkey,TUR,2002,63.828900481358
Turkey,TUR,2003,65.3136994061237
Turkey,TUR,2004,64.2794163931876
Turkey,TUR,2005,63.4002327896553
Turkey,TUR,2006,61.7169793356422
Turkey,TUR,2007,62.0805770000893
Turkey,TUR,2008,61.0803657877035
Turkey,TUR,2009,61.5724651090261
Turkey,TUR,2010,62.6791266016273
Turkey,TUR,2011,62.713087397226
Turkey,TUR,2012,61.9100689966567
Turkey,TUR,2013,61.303434293387
Turkey,TUR,2014,60.3677746444678
Turkey,TUR,2015,60.0216142959691
Turkey,TUR,2016,59.408351388198
Turkey,TUR,2017,58.6088505385299
Turkey,TUR,2018,56.1816977239605
Turkey,TUR,2019,56.8958384827858
Turkey,TUR,2020,56.7680535277019
Turkey,TUR,2021,55.2451701673466
Turkey,TUR,2022,57.3085720438497
Ukraine,UKR,2000,57.4411791424419
Ukraine,UKR,2001,57.9112110808571
Ukraine,UKR,2002,57.8795411253193
Ukraine,UKR,2003,57.3214832975789
Ukraine,UKR,2004,54.6013917168237
Ukraine,UKR,2005,59.1544306565353
Ukraine,UKR,2006,60.5531151219961
Ukraine,UKR,2007,60.6517588729154
Ukraine,UKR,2008,63.2860290325478
Ukraine,UKR,2009,65.1096783458389
Ukraine,UKR,2010,64.7775938460715
Ukraine,UKR,2011,67.8571693282873
Ukraine,UKR,2012,69.3024996299078
Ukraine,UKR,2013,72.8831903705168
Ukraine,UKR,2014,71.4435870856347
Ukraine,UKR,2015,67.7537937304882
Ukraine,UKR,2016,66.5977604284791
Ukraine,UKR,2017,67.1369540125593
Ukraine,UKR,2018,69.3692557541467
Ukraine,UKR,2019,74.3769608654133
Ukraine,UKR,2020,73.2857637541787
Ukraine,UKR,2021,69.1116558172864
Ukraine,UKR,2022,64.5566406839019
United Kingdom,GBR,2000,66.1425098478131
United Kingdom,GBR,2001,66.1664638109821
United Kingdom,GBR,2002,65.8675769384752
United Kingdom,GBR,2003,65.3496607419016
United Kingdom,GBR,2004,65.1328369008277
United Kingdom,GBR,2005,64.5451757248799
United Kingdom,GBR,2006,63.7123498170564
United Kingdom,GBR,2007,63.613586881578
United Kingdom,GBR,2008,63.7124748995984
United Kingdom,GBR,2009,64.2860740107515
United Kingdom,GBR,2010,63.8534135959462
United Kingdom,GBR,2011,63.9644169638937
United Kingdom,GBR,2012,64.1910119243865
United Kingdom,GBR,2013,64.7309557130756
United Kingdom,GBR,2014,64.358442406339
United Kingdom,GBR,2015,64.0937336775112
United Kingdom,GBR,2016,64.74271268223
United Kingdom,GBR,2017,64.1984420513599
United Kingdom,GBR,2018,64.6596856206186
United Kingdom,GBR,2019,63.9207921855786
United Kingdom,GBR,2020,59.238473657538
United Kingdom,GBR,2021,59.9166885446749
United Kingdom,GBR,2022,61.3619703391508
United States,USA,2000,66.0151271803829
United States,USA,2001,66.8479348141534
United States,USA,2002,67.2419103187561
United States,USA,2003,67.5667331503214
United States,USA,2004,67.3801091510687
United States,USA,2005,67.2515799860988
United States,USA,2006,67.1505212628378
United States,USA,2007,67.3375740661264
United States,USA,2008,68.0445287843583
United States,USA,2009,68.3186367351388
United States,USA,2010,68.1791200208971
United States,USA,2011,68.5835948976559
United States,USA,2012,67.9671674058707
United States,USA,2013,67.4631056101225
United States,USA,2014,67.4372838286479
United States,USA,2015,67.2174103782018
United States,USA,2016,67.6783189584552
United States,USA,2017,67.7674733692493
United States,USA,2018,67.4578520404893
United States,USA,2019,67.0267180353261
United States,USA,2020,66.6179032087741
United States,USA,2021,68.0453893095067
United States,USA,2022,68.0236620345229
Uruguay,URY,2000,76.5044706446495
Uruguay,URY,2001,75.8802122252133
Uruguay,URY,2002,73.3650220430029
Uruguay,URY,2003,69.6989618993923
Uruguay,URY,2004,68.7786155304806
Uruguay,URY,2005,69.4353405644558
Uruguay,URY,2006,70.6307284389481
Uruguay,URY,2007,70.0232348566876
Uruguay,URY,2008,69.3808659835314
Uruguay,URY,2009,66.6274191606549
Uruguay,URY,2010,66.959546682329
Uruguay,URY,2011,66.7599655099223
Uruguay,URY,2012,67.0326810842468
Uruguay,URY,2013,67.0047318393829
Uruguay,URY,2014,67.1030955325063
Uruguay,URY,2015,66.8313379123407
Uruguay,URY,2016,
Uruguay,URY,2017,
Uruguay,URY,2018,
Uruguay,URY,2019,
Uruguay,URY,2020,
Uruguay,URY,2021,
Uruguay,URY,2022,
Uzbekistan,UZB,2000,56.428615309006
Uzbekistan,UZB,2001,57.8260816600004
Uzbekistan,UZB,2002,57.9136399022845
Uzbekistan,UZB,2003,55.7841019910605
Uzbekistan,UZB,2004,52.3159040861267
Uzbekistan,UZB,2005,50.0072032354899
Uzbekistan,UZB,2006,49.5357753172796
Uzbekistan,UZB,2007,51.2575062078751
Uzbekistan,UZB,2008,49.4461121175885
Uzbekistan,UZB,2009,53.928887952754
Uzbekistan,UZB,2010,61.5178379677118
Uzbekistan,UZB,2011,61.2326381635273
Uzbekistan,UZB,2012,62.4113182740182
Uzbekistan,UZB,2013,64.1101343335231
Uzbekistan,UZB,2014,63.3172624150361
Uzbekistan,UZB,2015,64.9030579184122
Uzbekistan,UZB,2016,66.292318949462
Uzbekistan,UZB,2017,70.0837555225367
Uzbekistan,UZB,2018,67.239601128896
Uzbekistan,UZB,2019,65.401246792293
Uzbekistan,UZB,2020,64.4050382416415
Uzbekistan,UZB,2021,65.9115134772964
Uzbekistan,UZB,2022,68.4139021533748
Vietnam,VNM,2000,66.4575248049343
Vietnam,VNM,2001,64.8550265429726
Vietnam,VNM,2002,65.0936423262568
Vietnam,VNM,2003,66.2573376825557
Vietnam,VNM,2004,65.0777917733225
Vietnam,VNM,2005,65.4886592027799
Vietnam,VNM,2006,65.0882423591584
Vietnam,VNM,2007,68.1073238105856
Vietnam,VNM,2008,70.8742381873794
Vietnam,VNM,2009,68.4935845527372
Vietnam,VNM,2010,58.4345868510908
Vietnam,VNM,2011,56.4844985895479
Vietnam,VNM,2012,55.7036484155417
Vietnam,VNM,2013,56.883946844524
Vietnam,VNM,2014,57.0171078816492
Vietnam,VNM,2015,59.3326292973603
Vietnam,VNM,2016,58.7370042916239
Vietnam,VNM,2017,57.9979332096666
Vietnam,VNM,2018,57.0768901085836
Vietnam,VNM,2019,56.828070112744
Vietnam,VNM,2020,55.9670825232793
Vietnam,VNM,2021,55.5190265024293
Vietnam,VNM,2022,54.7858155582141
