Country,ISO3,Year,Dependency_Ratio_Old
Argentina,ARG,2000,15.536780754278
Argentina,ARG,2001,15.6034995940423
Argentina,ARG,2002,15.6661577646685
Argentina,ARG,2003,15.7037442216745
Argentina,ARG,2004,15.7354699936422
Argentina,ARG,2005,15.7937377274489
Argentina,ARG,2006,15.8706830163712
Argentina,ARG,2007,15.93391967577
Argentina,ARG,2008,16.0118370960437
Argentina,ARG,2009,16.1379071006065
Argentina,ARG,2010,16.2743145548326
Argentina,ARG,2011,16.4339146497796
Argentina,ARG,2012,16.6176610722898
Argentina,ARG,2013,16.8020097973001
Argentina,ARG,2014,16.9976536718042
Argentina,ARG,2015,17.2149420931919
Argentina,ARG,2016,17.428506034874
Argentina,ARG,2017,17.6360406247971
Argentina,ARG,2018,17.8664360458422
Argentina,ARG,2019,18.0994378665041
Argentina,ARG,2020,18.2822768577117
Argentina,ARG,2021,18.3808404939187
Argentina,ARG,2022,18.4528820822776
Argentina,ARG,2023,18.600375437612
Argentina,ARG,2024,18.8178147185688
Argentina,ARG,2025,19.042142805536
Argentina,ARG,2026,19.2571802074777
Argentina,ARG,2027,19.4760262632221
Argentina,ARG,2028,19.6955795361532
Argentina,ARG,2029,19.8941631913077
Argentina,ARG,2030,20.0665952713448
Argentina,ARG,2031,20.2290576570051
Argentina,ARG,2032,20.4070310238868
Argentina,ARG,2033,20.6177913819014
Argentina,ARG,2034,20.8812258127536
Argentina,ARG,2035,21.2186250710184
Argentina,ARG,2036,21.6194878003005
Argentina,ARG,2037,22.0699207415853
Argentina,ARG,2038,22.5683995549807
Argentina,ARG,2039,23.1129003718879
Argentina,ARG,2040,23.7057515960029
Argentina,ARG,2041,24.3460276090935
Argentina,ARG,2042,25.0360885179927
Argentina,ARG,2043,25.7627835431964
Argentina,ARG,2044,26.5069561839347
Argentina,ARG,2045,27.2554980869087
Argentina,ARG,2046,27.99865918292
Argentina,ARG,2047,28.7325109562861
Argentina,ARG,2048,29.4539136312723
Argentina,ARG,2049,30.1704701253234
Argentina,ARG,2050,30.8835834125364
Armenia,ARM,2000,14.1601550296688
Armenia,ARM,2001,14.5669248346944
Armenia,ARM,2002,15.1157224022065
Armenia,ARM,2003,15.6446414144128
Armenia,ARM,2004,16.1035943261704
Armenia,ARM,2005,16.4324533577882
Armenia,ARM,2006,16.5581288587837
Armenia,ARM,2007,16.4184771795511
Armenia,ARM,2008,16.0632649243199
Armenia,ARM,2009,15.6399045640536
Armenia,ARM,2010,15.3275061207324
Armenia,ARM,2011,15.2071899840717
Armenia,ARM,2012,15.2554042984527
Armenia,ARM,2013,15.3767531899183
Armenia,ARM,2014,15.542233190204
Armenia,ARM,2015,15.8403518094083
Armenia,ARM,2016,16.2618213310109
Armenia,ARM,2017,16.7625534481544
Armenia,ARM,2018,17.2645182175621
Armenia,ARM,2019,17.8042980623195
Armenia,ARM,2020,18.2897095679418
Armenia,ARM,2021,18.7082798282625
Armenia,ARM,2022,19.2126210693179
Armenia,ARM,2023,19.6465374462569
Armenia,ARM,2024,20.4335749113731
Armenia,ARM,2025,21.6958860459498
Armenia,ARM,2026,22.9547668574529
Armenia,ARM,2027,24.1324013373027
Armenia,ARM,2028,25.1965550425541
Armenia,ARM,2029,26.1366351143276
Armenia,ARM,2030,26.9275507216131
Armenia,ARM,2031,27.5796252443609
Armenia,ARM,2032,28.1245242557032
Armenia,ARM,2033,28.5937042366865
Armenia,ARM,2034,29.010495418878
Armenia,ARM,2035,29.3929775038811
Armenia,ARM,2036,29.7541680671132
Armenia,ARM,2037,30.0766522967282
Armenia,ARM,2038,30.3641510427036
Armenia,ARM,2039,30.6476413985163
Armenia,ARM,2040,30.9605727939152
Armenia,ARM,2041,31.333147471122
Armenia,ARM,2042,31.7824218602187
Armenia,ARM,2043,32.3283530374627
Armenia,ARM,2044,32.9822092004712
Armenia,ARM,2045,33.7496040515766
Armenia,ARM,2046,34.6249567087364
Armenia,ARM,2047,35.5843904596081
Armenia,ARM,2048,36.6220156176728
Armenia,ARM,2049,37.7546995082557
Armenia,ARM,2050,38.9967121034788
Australia,AUS,2000,18.4404914467146
Australia,AUS,2001,18.5772011959242
Australia,AUS,2002,18.7127323974033
Australia,AUS,2003,18.8398708904641
Australia,AUS,2004,18.9836966228745
Australia,AUS,2005,19.1310333967163
Australia,AUS,2006,19.2717494706077
Australia,AUS,2007,19.3981662950467
Australia,AUS,2008,19.5189082391702
Australia,AUS,2009,19.7257997705892
Australia,AUS,2010,20.0725746708257
Australia,AUS,2011,20.5282558448571
Australia,AUS,2012,21.0375343205585
Australia,AUS,2013,21.5386207048104
Australia,AUS,2014,22.023452328806
Australia,AUS,2015,22.5076119973565
Australia,AUS,2016,22.9691602900349
Australia,AUS,2017,23.3956977573784
Australia,AUS,2018,23.8439530509551
Australia,AUS,2019,24.383152985158
Australia,AUS,2020,25.0972747499351
Australia,AUS,2021,25.8365969160502
Australia,AUS,2022,26.3953997265958
Australia,AUS,2023,26.9162159817018
Australia,AUS,2024,27.5190567493021
Australia,AUS,2025,28.1702515610389
Australia,AUS,2026,28.8459756703672
Australia,AUS,2027,29.5246203596488
Australia,AUS,2028,30.1786921223815
Australia,AUS,2029,30.7855894685241
Australia,AUS,2030,31.3198857794372
Australia,AUS,2031,31.7928516898945
Australia,AUS,2032,32.2493485307865
Australia,AUS,2033,32.7274485509456
Australia,AUS,2034,33.237525679458
Australia,AUS,2035,33.7896511281665
Australia,AUS,2036,34.3789887554825
Australia,AUS,2037,34.9360663724697
Australia,AUS,2038,35.3971731519462
Australia,AUS,2039,35.7665335581452
Australia,AUS,2040,36.0673048518575
Australia,AUS,2041,36.3155181026158
Australia,AUS,2042,36.5320399833816
Australia,AUS,2043,36.7472595815834
Australia,AUS,2044,36.9907301226076
Australia,AUS,2045,37.2825194736978
Australia,AUS,2046,37.6345128318746
Australia,AUS,2047,38.0524169532615
Australia,AUS,2048,38.5097622169912
Australia,AUS,2049,38.980735292076
Australia,AUS,2050,39.4588348242549
Bangladesh,BGD,2000,5.84539079116541
Bangladesh,BGD,2001,5.86789252454913
Bangladesh,BGD,2002,5.91576715658698
Bangladesh,BGD,2003,5.98364295448218
Bangladesh,BGD,2004,6.06403552107259
Bangladesh,BGD,2005,6.15323814564069
Bangladesh,BGD,2006,6.25483192391766
Bangladesh,BGD,2007,6.3719037093988
Bangladesh,BGD,2008,6.50584958273277
Bangladesh,BGD,2009,6.65505567963701
Bangladesh,BGD,2010,6.81767435451691
Bangladesh,BGD,2011,6.9977307992859
Bangladesh,BGD,2012,7.18427722271008
Bangladesh,BGD,2013,7.35009257974433
Bangladesh,BGD,2014,7.49808224678947
Bangladesh,BGD,2015,7.67049516937057
Bangladesh,BGD,2016,7.88083150095721
Bangladesh,BGD,2017,8.13253782885509
Bangladesh,BGD,2018,8.42340995776793
Bangladesh,BGD,2019,8.73026000966038
Bangladesh,BGD,2020,8.99007678263529
Bangladesh,BGD,2021,9.19731840432484
Bangladesh,BGD,2022,9.42496463313091
Bangladesh,BGD,2023,9.67649438187319
Bangladesh,BGD,2024,9.91940845499206
Bangladesh,BGD,2025,10.1519960710357
Bangladesh,BGD,2026,10.3903412531317
Bangladesh,BGD,2027,10.6360210287697
Bangladesh,BGD,2028,10.8891786399881
Bangladesh,BGD,2029,11.1500595390723
Bangladesh,BGD,2030,11.4191934549405
Bangladesh,BGD,2031,11.6978630337031
Bangladesh,BGD,2032,11.9878225172635
Bangladesh,BGD,2033,12.2876849162808
Bangladesh,BGD,2034,12.5953418210585
Bangladesh,BGD,2035,12.9097050755828
Bangladesh,BGD,2036,13.2286098403654
Bangladesh,BGD,2037,13.5542905431715
Bangladesh,BGD,2038,13.8886362461792
Bangladesh,BGD,2039,14.232374273176
Bangladesh,BGD,2040,14.5880387357457
Bangladesh,BGD,2041,14.9566460330262
Bangladesh,BGD,2042,15.3407389159758
Bangladesh,BGD,2043,15.7475772916815
Bangladesh,BGD,2044,16.1909774267709
Bangladesh,BGD,2045,16.6884911228806
Bangladesh,BGD,2046,17.2578930086447
Bangladesh,BGD,2047,17.9140964623012
Bangladesh,BGD,2048,18.6555219292795
Bangladesh,BGD,2049,19.4572980102829
Bangladesh,BGD,2050,20.2814551904956
Brazil,BRA,2000,7.93220434397092
Brazil,BRA,2001,8.03501787966254
Brazil,BRA,2002,8.15002932903742
Brazil,BRA,2003,8.28186916269744
Brazil,BRA,2004,8.43526156880175
Brazil,BRA,2005,8.60565567522607
Brazil,BRA,2006,8.79236542167364
Brazil,BRA,2007,8.99752728002274
Brazil,BRA,2008,9.21870099294769
Brazil,BRA,2009,9.45760463136831
Brazil,BRA,2010,9.71490148180701
Brazil,BRA,2011,9.989980432061
Brazil,BRA,2012,10.2910049602004
Brazil,BRA,2013,10.6261168301056
Brazil,BRA,2014,11.0072481437228
Brazil,BRA,2015,11.4254652033893
Brazil,BRA,2016,11.8604268136993
Brazil,BRA,2017,12.3179673512207
Brazil,BRA,2018,12.8053633893132
Brazil,BRA,2019,13.3105476119749
Brazil,BRA,2020,13.7823454162982
Brazil,BRA,2021,14.2363505448809
Brazil,BRA,2022,14.7410682664371
Brazil,BRA,2023,15.3155231428833
Brazil,BRA,2024,15.9472851362189
Brazil,BRA,2025,16.6061543157117
Brazil,BRA,2026,17.2795878851204
Brazil,BRA,2027,17.9657701509845
Brazil,BRA,2028,18.6615309003739
Brazil,BRA,2029,19.3549844445772
Brazil,BRA,2030,20.0332744986018
Brazil,BRA,2031,20.6968651316616
Brazil,BRA,2032,21.340239835627
Brazil,BRA,2033,21.9574763298572
Brazil,BRA,2034,22.5672301105545
Brazil,BRA,2035,23.1924703714881
Brazil,BRA,2036,23.8393549507602
Brazil,BRA,2037,24.5061223532246
Brazil,BRA,2038,25.1939791279709
Brazil,BRA,2039,25.8970704881785
Brazil,BRA,2040,26.6213026385716
Brazil,BRA,2041,27.3826496641802
Brazil,BRA,2042,28.1856520403976
Brazil,BRA,2043,29.0316100419871
Brazil,BRA,2044,29.9193883794796
Brazil,BRA,2045,30.8471206737734
Brazil,BRA,2046,31.8106681127267
Brazil,BRA,2047,32.8018062713361
Brazil,BRA,2048,33.8082695982456
Brazil,BRA,2049,34.8134538490789
Brazil,BRA,2050,35.8080588684816
Canada,CAN,2000,18.3663785182498
Canada,CAN,2001,18.4357847531014
Canada,CAN,2002,18.5034961320171
Canada,CAN,2003,18.5954614756905
Canada,CAN,2004,18.706609284488
Canada,CAN,2005,18.8409849545639
Canada,CAN,2006,19.0394136029885
Canada,CAN,2007,19.3030646853921
Canada,CAN,2008,19.6113883470983
Canada,CAN,2009,19.9561301483974
Canada,CAN,2010,20.3517712526114
Canada,CAN,2011,20.8677195198989
Canada,CAN,2012,21.5255099255067
Canada,CAN,2013,22.2317032546435
Canada,CAN,2014,22.9295596532934
Canada,CAN,2015,23.628805646746
Canada,CAN,2016,24.3182237048516
Canada,CAN,2017,24.9861815767739
Canada,CAN,2018,25.64886923064
Canada,CAN,2019,26.3697715591015
Canada,CAN,2020,27.1936414105089
Canada,CAN,2021,28.0993647538034
Canada,CAN,2022,28.912163269063
Canada,CAN,2023,29.627957515168
Canada,CAN,2024,30.4192165820617
Canada,CAN,2025,31.2856361840415
Canada,CAN,2026,32.1899935685086
Canada,CAN,2027,33.1081770737589
Canada,CAN,2028,34.029279028587
Canada,CAN,2029,34.9174785597015
Canada,CAN,2030,35.6998218076727
Canada,CAN,2031,36.3234056983852
Canada,CAN,2032,36.8146373302403
Canada,CAN,2033,37.2502131743457
Canada,CAN,2034,37.6710490513811
Canada,CAN,2035,38.0878080717594
Canada,CAN,2036,38.4610509303322
Canada,CAN,2037,38.7521623536122
Canada,CAN,2038,38.9860863984637
Canada,CAN,2039,39.2005335807521
Canada,CAN,2040,39.4223711019405
Canada,CAN,2041,39.6427803736703
Canada,CAN,2042,39.8504561474943
Canada,CAN,2043,40.0581983623437
Canada,CAN,2044,40.2904824718946
Canada,CAN,2045,40.5571056320026
Canada,CAN,2046,40.8501404676035
Canada,CAN,2047,41.159441738534
Canada,CAN,2048,41.4806540101599
Canada,CAN,2049,41.821662645989
Canada,CAN,2050,42.1724983729857
Chile,CHL,2000,12.5779902806082
Chile,CHL,2001,12.8099601708401
Chile,CHL,2002,13.0321763289584
Chile,CHL,2003,13.2335202094718
Chile,CHL,2004,13.4211414924211
Chile,CHL,2005,13.6040918063906
Chile,CHL,2006,13.7795985913216
Chile,CHL,2007,13.9589598959431
Chile,CHL,2008,14.1520806732981
Chile,CHL,2009,14.3677032860814
Chile,CHL,2010,14.6037929078793
Chile,CHL,2011,14.8630145956136
Chile,CHL,2012,15.1600365224894
Chile,CHL,2013,15.5119874376647
Chile,CHL,2014,15.9117216217289
Chile,CHL,2015,16.3486104257685
Chile,CHL,2016,16.7814216590287
Chile,CHL,2017,17.1574888237141
Chile,CHL,2018,17.5018022354169
Chile,CHL,2019,17.8713690943583
Chile,CHL,2020,18.3102493821331
Chile,CHL,2021,18.7918794175431
Chile,CHL,2022,19.29158977992
Chile,CHL,2023,19.8677499182616
Chile,CHL,2024,20.5157339576198
Chile,CHL,2025,21.1865485606478
Chile,CHL,2026,21.8741938794979
Chile,CHL,2027,22.578115877961
Chile,CHL,2028,23.2977928214726
Chile,CHL,2029,24.0290650623198
Chile,CHL,2030,24.7712217035663
Chile,CHL,2031,25.5283499422537
Chile,CHL,2032,26.3100631384593
Chile,CHL,2033,27.1092776940284
Chile,CHL,2034,27.9204030051033
Chile,CHL,2035,28.7577903551807
Chile,CHL,2036,29.6254830079536
Chile,CHL,2037,30.4955410191534
Chile,CHL,2038,31.3626250277076
Chile,CHL,2039,32.2430567675137
Chile,CHL,2040,33.1279947415448
Chile,CHL,2041,34.0215189300219
Chile,CHL,2042,34.926019240143
Chile,CHL,2043,35.8419954951573
Chile,CHL,2044,36.773689577251
Chile,CHL,2045,37.7296473439058
Chile,CHL,2046,38.714457286713
Chile,CHL,2047,39.7310140149005
Chile,CHL,2048,40.7959494625648
Chile,CHL,2049,41.9239368526297
Chile,CHL,2050,43.1186837345065
China,CHN,2000,10.2537068693229
China,CHN,2001,10.4573858613371
China,CHN,2002,10.6238297448667
China,CHN,2003,10.7699657260215
China,CHN,2004,10.8858354156327
China,CHN,2005,10.9859070267137
China,CHN,2006,11.1311997267598
China,CHN,2007,11.3093975872181
China,CHN,2008,11.4806163821237
China,CHN,2009,11.6643228478839
China,CHN,2010,11.8870971882945
China,CHN,2011,12.1693852973614
China,CHN,2012,12.5172449405952
China,CHN,2013,12.9340399474292
China,CHN,2014,13.4243128881013
China,CHN,2015,14.0355167465737
China,CHN,2016,14.7333475757794
China,CHN,2017,15.5392612055647
China,CHN,2018,16.4153050771481
China,CHN,2019,17.2944746246392
China,CHN,2020,18.2208231849821
China,CHN,2021,19.0800204763786
China,CHN,2022,19.945983165379
China,CHN,2023,20.7196179586136
China,CHN,2024,21.153787152081
China,CHN,2025,21.3994804890981
China,CHN,2026,21.5942791730316
China,CHN,2027,22.1916353527867
China,CHN,2028,23.5282115452403
China,CHN,2029,25.021616515151
China,CHN,2030,26.3827448671463
China,CHN,2031,27.7198661828771
China,CHN,2032,28.9288836771408
China,CHN,2033,30.3129456048484
China,CHN,2034,31.9490377227045
China,CHN,2035,33.6688685571364
China,CHN,2036,35.4378142311173
China,CHN,2037,37.136065104225
China,CHN,2038,38.7905788660833
China,CHN,2039,40.3157997991919
China,CHN,2040,41.5880313708851
China,CHN,2041,42.6504597676797
China,CHN,2042,43.5419819823247
China,CHN,2043,44.3214779933708
China,CHN,2044,45.1676134533932
China,CHN,2045,46.1273692669148
China,CHN,2046,47.2009182116471
China,CHN,2047,48.4995513653983
China,CHN,2048,49.7535783890206
China,CHN,2049,50.9073058447878
China,CHN,2050,52.2852788128891
Cyprus,CYP,2000,14.6732411821672
Cyprus,CYP,2001,14.6981164485075
Cyprus,CYP,2002,14.7117816083415
Cyprus,CYP,2003,14.7219834345922
Cyprus,CYP,2004,14.7572642083278
Cyprus,CYP,2005,14.8210779192204
Cyprus,CYP,2006,14.9239681096901
Cyprus,CYP,2007,15.076173531363
Cyprus,CYP,2008,15.2736002186584
Cyprus,CYP,2009,15.5094897216239
Cyprus,CYP,2010,15.7866552558287
Cyprus,CYP,2011,16.0841750923526
Cyprus,CYP,2012,16.3987207408903
Cyprus,CYP,2013,16.745426533228
Cyprus,CYP,2014,17.1082848989089
Cyprus,CYP,2015,17.4776194014107
Cyprus,CYP,2016,17.8483841575361
Cyprus,CYP,2017,18.2098755051821
Cyprus,CYP,2018,18.5681800273677
Cyprus,CYP,2019,18.9315211272561
Cyprus,CYP,2020,19.3232944182746
Cyprus,CYP,2021,19.7428728473554
Cyprus,CYP,2022,20.1433885127982
Cyprus,CYP,2023,20.5727192148738
Cyprus,CYP,2024,21.0876448700777
Cyprus,CYP,2025,21.645280752254
Cyprus,CYP,2026,22.2055961787947
Cyprus,CYP,2027,22.7534300718252
Cyprus,CYP,2028,23.2982300820282
Cyprus,CYP,2029,23.853979304268
Cyprus,CYP,2030,24.416972486575
Cyprus,CYP,2031,24.9930520902102
Cyprus,CYP,2032,25.5939132199186
Cyprus,CYP,2033,26.2212223009831
Cyprus,CYP,2034,26.8635237054607
Cyprus,CYP,2035,27.5076636053159
Cyprus,CYP,2036,28.1394276103897
Cyprus,CYP,2037,28.7619617894847
Cyprus,CYP,2038,29.3913718887947
Cyprus,CYP,2039,30.0472539782
Cyprus,CYP,2040,30.7574435935997
Cyprus,CYP,2041,31.5459138549746
Cyprus,CYP,2042,32.4306752917487
Cyprus,CYP,2043,33.4206157707772
Cyprus,CYP,2044,34.5164354188467
Cyprus,CYP,2045,35.72031391563
Cyprus,CYP,2046,37.0339463342876
Cyprus,CYP,2047,38.4584513072119
Cyprus,CYP,2048,39.9927452918641
Cyprus,CYP,2049,41.631795575373
Cyprus,CYP,2050,43.3673037934885
Czechia,CZE,2000,19.7212250813578
Czechia,CZE,2001,19.6810048767853
Czechia,CZE,2002,19.6233393093798
Czechia,CZE,2003,19.5703179389559
Czechia,CZE,2004,19.5878543323492
Czechia,CZE,2005,19.7346894444949
Czechia,CZE,2006,19.9893814997563
Czechia,CZE,2007,20.328617183048
Czechia,CZE,2008,20.8167724407581
Czechia,CZE,2009,21.4320287059777
Czechia,CZE,2010,22.04072126632
Czechia,CZE,2011,22.872961451277
Czechia,CZE,2012,24.003403106615
Czechia,CZE,2013,25.1238697640274
Czechia,CZE,2014,26.1604668747413
Czechia,CZE,2015,27.1604607965973
Czechia,CZE,2016,28.191499359573
Czechia,CZE,2017,29.2279176610866
Czechia,CZE,2018,30.1918502088294
Czechia,CZE,2019,31.1016030374541
Czechia,CZE,2020,31.8570586506378
Czechia,CZE,2021,32.3960941870763
Czechia,CZE,2022,32.2950105465412
Czechia,CZE,2023,32.213467884019
Czechia,CZE,2024,32.6948896445608
Czechia,CZE,2025,33.2318515824216
Czechia,CZE,2026,33.6549373016817
Czechia,CZE,2027,33.9265230823361
Czechia,CZE,2028,34.3410750408037
Czechia,CZE,2029,34.9122649543384
Czechia,CZE,2030,35.4407331524314
Czechia,CZE,2031,35.8316105007383
Czechia,CZE,2032,36.1289125849295
Czechia,CZE,2033,36.3860843610868
Czechia,CZE,2034,36.6928701106421
Czechia,CZE,2035,37.1142258528319
Czechia,CZE,2036,37.6293519629856
Czechia,CZE,2037,38.3113382050361
Czechia,CZE,2038,39.3196416838273
Czechia,CZE,2039,40.6664710902919
Czechia,CZE,2040,42.1515906242432
Czechia,CZE,2041,43.6192621462718
Czechia,CZE,2042,45.0378148089243
Czechia,CZE,2043,46.4122041569929
Czechia,CZE,2044,47.7296257849673
Czechia,CZE,2045,48.8309960116435
Czechia,CZE,2046,49.669658866984
Czechia,CZE,2047,50.4090473795435
Czechia,CZE,2048,51.1113538204309
Czechia,CZE,2049,51.780849807095
Czechia,CZE,2050,52.4422762126303
Ecuador,ECU,2000,7.86019008347528
Ecuador,ECU,2001,7.97955755231297
Ecuador,ECU,2002,8.10670091069432
Ecuador,ECU,2003,8.24112354946905
Ecuador,ECU,2004,8.38059890918829
Ecuador,ECU,2005,8.51872179297019
Ecuador,ECU,2006,8.65170486971535
Ecuador,ECU,2007,8.7869402294284
Ecuador,ECU,2008,8.9428852500404
Ecuador,ECU,2009,9.11902694958753
Ecuador,ECU,2010,9.30019810275752
Ecuador,ECU,2011,9.47028436064045
Ecuador,ECU,2012,9.63687108382388
Ecuador,ECU,2013,9.83798027028625
Ecuador,ECU,2014,10.0783935702262
Ecuador,ECU,2015,10.324636920303
Ecuador,ECU,2016,10.5542896832542
Ecuador,ECU,2017,10.7678628155725
Ecuador,ECU,2018,11.0001244721145
Ecuador,ECU,2019,11.2697116186031
Ecuador,ECU,2020,11.4495006166191
Ecuador,ECU,2021,11.5599416884375
Ecuador,ECU,2022,11.7815729993469
Ecuador,ECU,2023,12.0965454474112
Ecuador,ECU,2024,12.4166360262669
Ecuador,ECU,2025,12.7345924195644
Ecuador,ECU,2026,13.0618771126093
Ecuador,ECU,2027,13.4010748370542
Ecuador,ECU,2028,13.7626691263599
Ecuador,ECU,2029,14.147501427111
Ecuador,ECU,2030,14.5502131273194
Ecuador,ECU,2031,14.9713599173704
Ecuador,ECU,2032,15.4059815169831
Ecuador,ECU,2033,15.8483781031578
Ecuador,ECU,2034,16.3053222888416
Ecuador,ECU,2035,16.7823845995686
Ecuador,ECU,2036,17.2794675038238
Ecuador,ECU,2037,17.795724391427
Ecuador,ECU,2038,18.3301275139179
Ecuador,ECU,2039,18.8806517757171
Ecuador,ECU,2040,19.4456846976407
Ecuador,ECU,2041,20.025921787581
Ecuador,ECU,2042,20.6226780055045
Ecuador,ECU,2043,21.2374058693627
Ecuador,ECU,2044,21.873045280569
Ecuador,ECU,2045,22.5327458906051
Ecuador,ECU,2046,23.2182556573508
Ecuador,ECU,2047,23.9301719601117
Ecuador,ECU,2048,24.6702655265277
Ecuador,ECU,2049,25.4434873427236
Ecuador,ECU,2050,26.2341462280756
Egypt,EGY,2000,6.8195207771389
Egypt,EGY,2001,6.77028916634008
Egypt,EGY,2002,6.71711649484969
Egypt,EGY,2003,6.64958839177529
Egypt,EGY,2004,6.56500074317417
Egypt,EGY,2005,6.4723759634556
Egypt,EGY,2006,6.38822554451636
Egypt,EGY,2007,6.32476752959616
Egypt,EGY,2008,6.28794321108333
Egypt,EGY,2009,6.28354104638759
Egypt,EGY,2010,6.31986851418943
Egypt,EGY,2011,6.38516908928163
Egypt,EGY,2012,6.4783022469015
Egypt,EGY,2013,6.58389969244239
Egypt,EGY,2014,6.68550128712773
Egypt,EGY,2015,6.80516609988622
Egypt,EGY,2016,6.94309086801381
Egypt,EGY,2017,7.09697045251357
Egypt,EGY,2018,7.26668451982911
Egypt,EGY,2019,7.44924287915129
Egypt,EGY,2020,7.58665174911614
Egypt,EGY,2021,7.63834702066039
Egypt,EGY,2022,7.74772796448056
Egypt,EGY,2023,7.93940459919248
Egypt,EGY,2024,8.13543188265904
Egypt,EGY,2025,8.34412428923757
Egypt,EGY,2026,8.55299932118918
Egypt,EGY,2027,8.75542100979814
Egypt,EGY,2028,8.94838786225645
Egypt,EGY,2029,9.133007845028
Egypt,EGY,2030,9.30556558304075
Egypt,EGY,2031,9.47723213777184
Egypt,EGY,2032,9.65679692860874
Egypt,EGY,2033,9.84987430155709
Egypt,EGY,2034,10.0618142427729
Egypt,EGY,2035,10.2803602459215
Egypt,EGY,2036,10.5052199058008
Egypt,EGY,2037,10.7382213391038
Egypt,EGY,2038,10.9718971884829
Egypt,EGY,2039,11.2093689228827
Egypt,EGY,2040,11.4609362013488
Egypt,EGY,2041,11.7308148265967
Egypt,EGY,2042,12.0165723070254
Egypt,EGY,2043,12.3181897848625
Egypt,EGY,2044,12.6363645690318
Egypt,EGY,2045,12.9684005959313
Egypt,EGY,2046,13.3084110286344
Egypt,EGY,2047,13.6616627684498
Egypt,EGY,2048,14.0419045789987
Egypt,EGY,2049,14.4413228338398
Egypt,EGY,2050,14.8499737857979
Ethiopia,ETH,2000,5.26663706782069
Ethiopia,ETH,2001,5.27689227446435
Ethiopia,ETH,2002,5.27455446427606
Ethiopia,ETH,2003,5.27088201460225
Ethiopia,ETH,2004,5.27055596669157
Ethiopia,ETH,2005,5.27549894855572
Ethiopia,ETH,2006,5.28162973305159
Ethiopia,ETH,2007,5.28322763431366
Ethiopia,ETH,2008,5.28755580778772
Ethiopia,ETH,2009,5.3013464563979
Ethiopia,ETH,2010,5.32231052064965
Ethiopia,ETH,2011,5.34866838127307
Ethiopia,ETH,2012,5.37887075689279
Ethiopia,ETH,2013,5.40302806752253
Ethiopia,ETH,2014,5.4190929891968
Ethiopia,ETH,2015,5.41394890276207
Ethiopia,ETH,2016,5.39478565290047
Ethiopia,ETH,2017,5.38842935107786
Ethiopia,ETH,2018,5.39612955081909
Ethiopia,ETH,2019,5.41556721801467
Ethiopia,ETH,2020,5.43384894019026
Ethiopia,ETH,2021,5.44251443212072
Ethiopia,ETH,2022,5.46515340367129
Ethiopia,ETH,2023,5.51886869123526
Ethiopia,ETH,2024,5.59691374919611
Ethiopia,ETH,2025,5.68969926481904
Ethiopia,ETH,2026,5.79010829409009
Ethiopia,ETH,2027,5.89879387153141
Ethiopia,ETH,2028,6.01540404287538
Ethiopia,ETH,2029,6.13535648222215
Ethiopia,ETH,2030,6.25402623879518
Ethiopia,ETH,2031,6.370396241283
Ethiopia,ETH,2032,6.48617985426554
Ethiopia,ETH,2033,6.59814318420319
Ethiopia,ETH,2034,6.70125772539541
Ethiopia,ETH,2035,6.79665282502555
Ethiopia,ETH,2036,6.88602026902306
Ethiopia,ETH,2037,6.96897611481694
Ethiopia,ETH,2038,7.04693393146411
Ethiopia,ETH,2039,7.12371776609781
Ethiopia,ETH,2040,7.20644778322918
Ethiopia,ETH,2041,7.29895292954502
Ethiopia,ETH,2042,7.39873329070315
Ethiopia,ETH,2043,7.50406563219231
Ethiopia,ETH,2044,7.61405866031506
Ethiopia,ETH,2045,7.72720476858902
Ethiopia,ETH,2046,7.83929548246559
Ethiopia,ETH,2047,7.94504617813205
Ethiopia,ETH,2048,8.04539185780516
Ethiopia,ETH,2049,8.15531568243361
Ethiopia,ETH,2050,8.29092037388252
France,FRA,2000,24.6040042583603
France,FRA,2001,24.7954958564477
France,FRA,2002,24.9477711089087
France,FRA,2003,25.040210951183
France,FRA,2004,25.1590771458885
France,FRA,2005,25.265680743455
France,FRA,2006,25.2561649414524
France,FRA,2007,25.2890466951257
France,FRA,2008,25.4630170062984
France,FRA,2009,25.6976738947315
France,FRA,2010,25.9439893809411
France,FRA,2011,26.4831239219727
France,FRA,2012,27.3249374613418
France,FRA,2013,28.1795459733674
France,FRA,2014,29.0643577099352
France,FRA,2015,29.9691649530843
France,FRA,2016,30.7903475113013
France,FRA,2017,31.5247668711496
France,FRA,2018,32.2283943292714
France,FRA,2019,32.9295024945655
France,FRA,2020,33.5646318689425
France,FRA,2021,34.1156814854036
France,FRA,2022,34.708428013942
France,FRA,2023,35.3839758623752
France,FRA,2024,36.0997061996498
France,FRA,2025,36.8131632661019
France,FRA,2026,37.5166558877247
France,FRA,2027,38.1940056531475
France,FRA,2028,38.8954518641352
France,FRA,2029,39.6428641209566
France,FRA,2030,40.3963575617417
France,FRA,2031,41.0856624023676
France,FRA,2032,41.7070945192712
France,FRA,2033,42.3220813049212
France,FRA,2034,42.941840448912
France,FRA,2035,43.5948793480426
France,FRA,2036,44.2539566162529
France,FRA,2037,44.9065825820326
France,FRA,2038,45.5634648341921
France,FRA,2039,46.1298030812621
France,FRA,2040,46.5253374753086
France,FRA,2041,46.7945065443219
France,FRA,2042,47.0518006588897
France,FRA,2043,47.3179632089469
France,FRA,2044,47.5627578284452
France,FRA,2045,47.8611336884064
France,FRA,2046,48.1593328933716
France,FRA,2047,48.3720220349634
France,FRA,2048,48.4519019285445
France,FRA,2049,48.4432894805449
France,FRA,2050,48.4608706971946
Germany,DEU,2000,24.2477248722868
Germany,DEU,2001,24.9108166139553
Germany,DEU,2002,25.5882956322125
Germany,DEU,2003,26.3396505481219
Germany,DEU,2004,27.2704634909127
Germany,DEU,2005,28.2958968695441
Germany,DEU,2006,29.4080511154121
Germany,DEU,2007,30.2789123501651
Germany,DEU,2008,30.7991869707201
Germany,DEU,2009,31.2252210513745
Germany,DEU,2010,31.2836478267731
Germany,DEU,2011,31.1406005583242
Germany,DEU,2012,31.282652731417
Germany,DEU,2013,31.5565826945796
Germany,DEU,2014,31.8220023900549
Germany,DEU,2015,32.0268681402872
Germany,DEU,2016,32.2482094758743
Germany,DEU,2017,32.6342617227857
Germany,DEU,2018,33.0059176113602
Germany,DEU,2019,33.4240838892073
Germany,DEU,2020,33.9237851682177
Germany,DEU,2021,34.5810372816215
Germany,DEU,2022,35.2968943623634
Germany,DEU,2023,36.00642356201
Germany,DEU,2024,36.8802981475787
Germany,DEU,2025,37.9792604229416
Germany,DEU,2026,39.1635188710105
Germany,DEU,2027,40.3181627234217
Germany,DEU,2028,41.564676538011
Germany,DEU,2029,42.8926522558709
Germany,DEU,2030,44.202983996964
Germany,DEU,2031,45.4750038492884
Germany,DEU,2032,46.7010421522375
Germany,DEU,2033,47.8456180987368
Germany,DEU,2034,48.8736596205112
Germany,DEU,2035,49.71374792588
Germany,DEU,2036,50.3736198024788
Germany,DEU,2037,50.8428673437356
Germany,DEU,2038,51.0819325947531
Germany,DEU,2039,51.1926585731699
Germany,DEU,2040,51.2669019141945
Germany,DEU,2041,51.3483097019794
Germany,DEU,2042,51.4788997809859
Germany,DEU,2043,51.6443240539957
Germany,DEU,2044,51.8358376188378
Germany,DEU,2045,52.1142310444248
Germany,DEU,2046,52.4484089773929
Germany,DEU,2047,52.7672397229876
Germany,DEU,2048,53.0545877873844
Germany,DEU,2049,53.2923755064739
Germany,DEU,2050,53.5143256929545
Greece,GRC,2000,25.3534855466444
Greece,GRC,2001,25.7683879120197
Greece,GRC,2002,26.2318853108803
Greece,GRC,2003,26.7158028018098
Greece,GRC,2004,27.1410317274481
Greece,GRC,2005,27.483167045616
Greece,GRC,2006,27.7275838559945
Greece,GRC,2007,27.8926884260982
Greece,GRC,2008,28.0725084251966
Greece,GRC,2009,28.4027131134176
Greece,GRC,2010,28.9355270010858
Greece,GRC,2011,29.6261792035129
Greece,GRC,2012,30.3927287216601
Greece,GRC,2013,31.1945667531886
Greece,GRC,2014,31.9815431678696
Greece,GRC,2015,32.713766269677
Greece,GRC,2016,33.3505055933744
Greece,GRC,2017,33.8784511452943
Greece,GRC,2018,34.3558336019507
Greece,GRC,2019,34.8041078249776
Greece,GRC,2020,35.3006788331396
Greece,GRC,2021,36.1728657951338
Greece,GRC,2022,36.9148929690617
Greece,GRC,2023,37.3159509951963
Greece,GRC,2024,38.0958775721895
Greece,GRC,2025,38.8850507677798
Greece,GRC,2026,39.4290629958781
Greece,GRC,2027,39.9934402451084
Greece,GRC,2028,40.5761600026479
Greece,GRC,2029,41.2032563673973
Greece,GRC,2030,41.9221669371378
Greece,GRC,2031,42.7601428887369
Greece,GRC,2032,43.7712522672783
Greece,GRC,2033,44.9161350148984
Greece,GRC,2034,46.1106682140034
Greece,GRC,2035,47.3341765175357
Greece,GRC,2036,48.5377851075042
Greece,GRC,2037,49.7434449767954
Greece,GRC,2038,50.9554334127307
Greece,GRC,2039,52.2110942757376
Greece,GRC,2040,53.5225805605385
Greece,GRC,2041,54.8811775622593
Greece,GRC,2042,56.2415986742511
Greece,GRC,2043,57.5815838752453
Greece,GRC,2044,58.9812253113482
Greece,GRC,2045,60.3910145142721
Greece,GRC,2046,61.7344020314329
Greece,GRC,2047,62.945240784857
Greece,GRC,2048,63.9553776569313
Greece,GRC,2049,64.6697011136122
Greece,GRC,2050,65.0727509696465
Guatemala,GTM,2000,7.13101644960593
Guatemala,GTM,2001,7.13060531772072
Guatemala,GTM,2002,7.1086815312958
Guatemala,GTM,2003,7.0721061711406
Guatemala,GTM,2004,7.0274671515693
Guatemala,GTM,2005,6.98233745227111
Guatemala,GTM,2006,6.94124615983387
Guatemala,GTM,2007,6.9085862548799
Guatemala,GTM,2008,6.88620432336271
Guatemala,GTM,2009,6.87134078785135
Guatemala,GTM,2010,6.8607060784872
Guatemala,GTM,2011,6.85617872197162
Guatemala,GTM,2012,6.86376690383237
Guatemala,GTM,2013,6.89115188405185
Guatemala,GTM,2014,6.93561229973097
Guatemala,GTM,2015,6.98548628804058
Guatemala,GTM,2016,7.03884381892451
Guatemala,GTM,2017,7.10841874270917
Guatemala,GTM,2018,7.19927671735663
Guatemala,GTM,2019,7.30418232637222
Guatemala,GTM,2020,7.37243018693789
Guatemala,GTM,2021,7.36332329868898
Guatemala,GTM,2022,7.38937008507723
Guatemala,GTM,2023,7.50028033277051
Guatemala,GTM,2024,7.62791398832328
Guatemala,GTM,2025,7.75381397570943
Guatemala,GTM,2026,7.87624928870345
Guatemala,GTM,2027,7.99541853697162
Guatemala,GTM,2028,8.1136943811589
Guatemala,GTM,2029,8.23374901678482
Guatemala,GTM,2030,8.35541727790581
Guatemala,GTM,2031,8.48055934301596
Guatemala,GTM,2032,8.61111879963232
Guatemala,GTM,2033,8.74783133438938
Guatemala,GTM,2034,8.89388875095415
Guatemala,GTM,2035,9.05459258106175
Guatemala,GTM,2036,9.23237696317722
Guatemala,GTM,2037,9.42657816220059
Guatemala,GTM,2038,9.63656619356409
Guatemala,GTM,2039,9.86478386487206
Guatemala,GTM,2040,10.1137765654807
Guatemala,GTM,2041,10.3836317005008
Guatemala,GTM,2042,10.6790084815007
Guatemala,GTM,2043,11.0016026171459
Guatemala,GTM,2044,11.3503989811096
Guatemala,GTM,2045,11.7286029081656
Guatemala,GTM,2046,12.135856705474
Guatemala,GTM,2047,12.5686717622581
Guatemala,GTM,2048,13.028522523117
Guatemala,GTM,2049,13.5068194026765
Guatemala,GTM,2050,13.9951404935374
India,IND,2000,7.34653079538106
India,IND,2001,7.38964284086494
India,IND,2002,7.43989763750713
India,IND,2003,7.49282370529032
India,IND,2004,7.53499082137635
India,IND,2005,7.56868087880033
India,IND,2006,7.59765244485906
India,IND,2007,7.626189156999
India,IND,2008,7.66169656295134
India,IND,2009,7.70331417311134
India,IND,2010,7.7537122163073
India,IND,2011,7.8187352403354
India,IND,2012,7.89781181625837
India,IND,2013,7.98839036172002
India,IND,2014,8.13279560233489
India,IND,2015,8.33495531190129
India,IND,2016,8.5515603801864
India,IND,2017,8.78174521944322
India,IND,2018,9.03074254846896
India,IND,2019,9.2965077293909
India,IND,2020,9.54352404153678
India,IND,2021,9.69042628572764
India,IND,2022,9.87859325809253
India,IND,2023,10.1760245971185
India,IND,2024,10.4742211819038
India,IND,2025,10.780022881367
India,IND,2026,11.0910706700499
India,IND,2027,11.4066631906262
India,IND,2028,11.727363164962
India,IND,2029,12.0568036449381
India,IND,2030,12.3904423156601
India,IND,2031,12.7232191483449
India,IND,2032,13.0657764679169
India,IND,2033,13.4210567513903
India,IND,2034,13.7843412468402
India,IND,2035,14.1592410382462
India,IND,2036,14.5509216023677
India,IND,2037,14.9568004868517
India,IND,2038,15.3762115522708
India,IND,2039,15.8109672322795
India,IND,2040,16.2540825967063
India,IND,2041,16.7100342200405
India,IND,2042,17.1786280381374
India,IND,2043,17.6554539620801
India,IND,2044,18.1529587485831
India,IND,2045,18.6831810909136
India,IND,2046,19.2447536666243
India,IND,2047,19.8298071667464
India,IND,2048,20.4398688852375
India,IND,2049,21.0802032127572
India,IND,2050,21.7458641442406
Indonesia,IDN,2000,7.80951880069408
Indonesia,IDN,2001,7.94607272599144
Indonesia,IDN,2002,8.08680676850844
Indonesia,IDN,2003,8.22365818571774
Indonesia,IDN,2004,8.34791388492726
Indonesia,IDN,2005,8.46411621560027
Indonesia,IDN,2006,8.57254922040668
Indonesia,IDN,2007,8.66853150568927
Indonesia,IDN,2008,8.75285761604214
Indonesia,IDN,2009,8.82440575363353
Indonesia,IDN,2010,8.8843636472831
Indonesia,IDN,2011,8.93762534344079
Indonesia,IDN,2012,8.98164135748601
Indonesia,IDN,2013,9.01716935047299
Indonesia,IDN,2014,9.04291888407228
Indonesia,IDN,2015,9.0838257161931
Indonesia,IDN,2016,9.1663169371872
Indonesia,IDN,2017,9.28361959747885
Indonesia,IDN,2018,9.43481281546814
Indonesia,IDN,2019,9.61947648774002
Indonesia,IDN,2020,9.78113237612511
Indonesia,IDN,2021,9.87189859305212
Indonesia,IDN,2022,10.0508673607854
Indonesia,IDN,2023,10.362938068806
Indonesia,IDN,2024,10.7006546661457
Indonesia,IDN,2025,11.058160951274
Indonesia,IDN,2026,11.4298774196981
Indonesia,IDN,2027,11.8129937077199
Indonesia,IDN,2028,12.2123568643769
Indonesia,IDN,2029,12.6303791228764
Indonesia,IDN,2030,13.0676093887415
Indonesia,IDN,2031,13.5257010836518
Indonesia,IDN,2032,14.0007292244185
Indonesia,IDN,2033,14.4862141460186
Indonesia,IDN,2034,14.981181505686
Indonesia,IDN,2035,15.4823492481696
Indonesia,IDN,2036,15.9835416948487
Indonesia,IDN,2037,16.4843712671019
Indonesia,IDN,2038,16.9906395964874
Indonesia,IDN,2039,17.4919021962258
Indonesia,IDN,2040,17.988532168995
Indonesia,IDN,2041,18.4900853295614
Indonesia,IDN,2042,18.9909072906238
Indonesia,IDN,2043,19.5007876690073
Indonesia,IDN,2044,20.0225419865624
Indonesia,IDN,2045,20.5452499077446
Indonesia,IDN,2046,21.0635288368933
Indonesia,IDN,2047,21.5810009915294
Indonesia,IDN,2048,22.094701653403
Indonesia,IDN,2049,22.5942428141536
Indonesia,IDN,2050,23.052069308819
Iran,IRN,2000,6.74420024393445
Iran,IRN,2001,6.72252328260376
Iran,IRN,2002,6.78030326779443
Iran,IRN,2003,6.82982734248663
Iran,IRN,2004,6.80599730383174
Iran,IRN,2005,6.7870314398256
Iran,IRN,2006,6.78513478491715
Iran,IRN,2007,6.83865644215434
Iran,IRN,2008,6.94410307353857
Iran,IRN,2009,7.07258114919439
Iran,IRN,2010,7.22647739400766
Iran,IRN,2011,7.40813275311899
Iran,IRN,2012,7.61560870519685
Iran,IRN,2013,7.84537158439599
Iran,IRN,2014,8.14872592002641
Iran,IRN,2015,8.53181837194809
Iran,IRN,2016,8.93238653012797
Iran,IRN,2017,9.33970407913464
Iran,IRN,2018,9.75212743986881
Iran,IRN,2019,10.1576571036537
Iran,IRN,2020,10.4778613494491
Iran,IRN,2021,10.725242871787
Iran,IRN,2022,11.032576380602
Iran,IRN,2023,11.4319710586764
Iran,IRN,2024,11.8854065944813
Iran,IRN,2025,12.3652733030733
Iran,IRN,2026,12.8716832292398
Iran,IRN,2027,13.3768012762293
Iran,IRN,2028,13.8610941731966
Iran,IRN,2029,14.329018599841
Iran,IRN,2030,14.7813228882443
Iran,IRN,2031,15.2693830766663
Iran,IRN,2032,15.7815154898424
Iran,IRN,2033,16.3384344439092
Iran,IRN,2034,16.9862565375331
Iran,IRN,2035,17.6900573654988
Iran,IRN,2036,18.4552472898077
Iran,IRN,2037,19.2112278861128
Iran,IRN,2038,19.9473937925778
Iran,IRN,2039,20.7267210901852
Iran,IRN,2040,21.5558228022288
Iran,IRN,2041,22.4671920238354
Iran,IRN,2042,23.4430254872602
Iran,IRN,2043,24.5006370567125
Iran,IRN,2044,25.7007642440585
Iran,IRN,2045,27.0653423596895
Iran,IRN,2046,28.6099770432469
Iran,IRN,2047,30.244483460622
Iran,IRN,2048,31.9641093893629
Iran,IRN,2049,33.8753866953019
Iran,IRN,2050,35.9042144153362
Ireland,IRL,2000,16.69155593263
Ireland,IRL,2001,16.5202913136731
Ireland,IRL,2002,16.3824485292462
Ireland,IRL,2003,16.3106669568128
Ireland,IRL,2004,16.2649618120993
Ireland,IRL,2005,16.1061839883118
Ireland,IRL,2006,15.8148902811713
Ireland,IRL,2007,15.6389745903645
Ireland,IRL,2008,15.7910640451489
Ireland,IRL,2009,16.2438657757017
Ireland,IRL,2010,16.8484959871777
Ireland,IRL,2011,17.5074446317746
Ireland,IRL,2012,18.1882478927597
Ireland,IRL,2013,18.8452823763621
Ireland,IRL,2014,19.454639290689
Ireland,IRL,2015,19.9937661279546
Ireland,IRL,2016,20.4600991457275
Ireland,IRL,2017,20.9102393898354
Ireland,IRL,2018,21.352991757987
Ireland,IRL,2019,21.7982647261788
Ireland,IRL,2020,22.2878973523607
Ireland,IRL,2021,22.7326285535838
Ireland,IRL,2022,23.1896707932489
Ireland,IRL,2023,23.7491074924569
Ireland,IRL,2024,24.2433155498537
Ireland,IRL,2025,24.6713742347952
Ireland,IRL,2026,25.1268823643671
Ireland,IRL,2027,25.6054082057761
Ireland,IRL,2028,26.1231975344408
Ireland,IRL,2029,26.6873830962634
Ireland,IRL,2030,27.2855866546967
Ireland,IRL,2031,27.876343390851
Ireland,IRL,2032,28.4553421357275
Ireland,IRL,2033,29.0475790586244
Ireland,IRL,2034,29.6914391383646
Ireland,IRL,2035,30.4373947094782
Ireland,IRL,2036,31.224929753252
Ireland,IRL,2037,32.033706865385
Ireland,IRL,2038,32.8998277459468
Ireland,IRL,2039,33.8052703515449
Ireland,IRL,2040,34.7602041793483
Ireland,IRL,2041,35.7436045675255
Ireland,IRL,2042,36.7469649881094
Ireland,IRL,2043,37.7991046405186
Ireland,IRL,2044,38.9553288924862
Ireland,IRL,2045,40.1939549585035
Ireland,IRL,2046,41.3875322540515
Ireland,IRL,2047,42.4688275022875
Ireland,IRL,2048,43.4131550320802
Ireland,IRL,2049,44.2083144554249
Ireland,IRL,2050,44.897213792349
Japan,JPN,2000,25.5829077540866
Japan,JPN,2001,26.6196950152351
Japan,JPN,2002,27.6269516744114
Japan,JPN,2003,28.5174400700531
Japan,JPN,2004,29.4899068685571
Japan,JPN,2005,30.7461136167414
Japan,JPN,2006,32.1001161079786
Japan,JPN,2007,33.3851840359043
Japan,JPN,2008,34.6549685456291
Japan,JPN,2009,35.6885204758233
Japan,JPN,2010,36.3570690356362
Japan,JPN,2011,37.5096383909559
Japan,JPN,2012,39.3517333824124
Japan,JPN,2013,41.3218704786427
Japan,JPN,2014,43.1329887093866
Japan,JPN,2015,44.6983766959767
Japan,JPN,2016,46.0338925686738
Japan,JPN,2017,47.089336376634
Japan,JPN,2018,47.9099218851132
Japan,JPN,2019,48.5194993042234
Japan,JPN,2020,49.1295400037183
Japan,JPN,2021,49.7439803746351
Japan,JPN,2022,50.0569286100223
Japan,JPN,2023,50.2846808708749
Japan,JPN,2024,50.6621061893626
Japan,JPN,2025,51.0385747358793
Japan,JPN,2026,51.392949449436
Japan,JPN,2027,51.7433304512045
Japan,JPN,2028,52.1303522168777
Japan,JPN,2029,52.6171285612524
Japan,JPN,2030,53.2512288588294
Japan,JPN,2031,53.6053090996837
Japan,JPN,2032,54.0763037678061
Japan,JPN,2033,55.0147487042635
Japan,JPN,2034,56.0075230988077
Japan,JPN,2035,57.1730782165603
Japan,JPN,2036,58.5425731741436
Japan,JPN,2037,60.0871434070416
Japan,JPN,2038,61.8091092980906
Japan,JPN,2039,63.5913777185481
Japan,JPN,2040,65.188738858194
Japan,JPN,2041,66.5518962244274
Japan,JPN,2042,67.7317394405889
Japan,JPN,2043,68.7731983133011
Japan,JPN,2044,69.6944663665657
Japan,JPN,2045,70.4728571731584
Japan,JPN,2046,71.105180202269
Japan,JPN,2047,71.6419327005573
Japan,JPN,2048,72.1662241949453
Japan,JPN,2049,72.6795212280201
Japan,JPN,2050,73.1030190348581
Jordan,JOR,2000,4.70728071261874
Jordan,JOR,2001,4.8419011455741
Jordan,JOR,2002,4.98186432007814
Jordan,JOR,2003,5.11937262177061
Jordan,JOR,2004,5.24495041545233
Jordan,JOR,2005,5.35744539440582
Jordan,JOR,2006,5.45034111903121
Jordan,JOR,2007,5.52191228560603
Jordan,JOR,2008,5.58814724910368
Jordan,JOR,2009,5.64751862747153
Jordan,JOR,2010,5.70433320742085
Jordan,JOR,2011,5.76516645636023
Jordan,JOR,2012,5.84034658729842
Jordan,JOR,2013,5.716697885532
Jordan,JOR,2014,5.42920032051843
Jordan,JOR,2015,5.36359715541341
Jordan,JOR,2016,5.49326054068488
Jordan,JOR,2017,5.65195151087872
Jordan,JOR,2018,5.82458748767678
Jordan,JOR,2019,6.00093286540193
Jordan,JOR,2020,6.16365202110958
Jordan,JOR,2021,6.29939125732655
Jordan,JOR,2022,6.47150399594479
Jordan,JOR,2023,6.70628467757107
Jordan,JOR,2024,6.9792796645597
Jordan,JOR,2025,7.30757057297963
Jordan,JOR,2026,7.63851664406145
Jordan,JOR,2027,7.9572571169346
Jordan,JOR,2028,8.3151440852335
Jordan,JOR,2029,8.69776244208124
Jordan,JOR,2030,9.1088307911695
Jordan,JOR,2031,9.54611068801955
Jordan,JOR,2032,10.0062722209127
Jordan,JOR,2033,10.4915171507607
Jordan,JOR,2034,10.9874794990713
Jordan,JOR,2035,11.4895814361271
Jordan,JOR,2036,11.9984289662325
Jordan,JOR,2037,12.5093461932168
Jordan,JOR,2038,13.0121837026543
Jordan,JOR,2039,13.4977055130839
Jordan,JOR,2040,13.9627496566234
Jordan,JOR,2041,14.4179625036486
Jordan,JOR,2042,14.8811662430713
Jordan,JOR,2043,15.3494480670856
Jordan,JOR,2044,15.808845459097
Jordan,JOR,2045,16.2592261630166
Jordan,JOR,2046,16.7138100161613
Jordan,JOR,2047,17.1794185761498
Jordan,JOR,2048,17.6450393237327
Jordan,JOR,2049,18.1045681273115
Jordan,JOR,2050,18.5651307524299
Kazakhstan,KAZ,2000,10.1923763815338
Kazakhstan,KAZ,2001,10.2719088841058
Kazakhstan,KAZ,2002,10.4866826964223
Kazakhstan,KAZ,2003,10.7363279347334
Kazakhstan,KAZ,2004,10.930882076394
Kazakhstan,KAZ,2005,11.0341135658761
Kazakhstan,KAZ,2006,11.0149739636354
Kazakhstan,KAZ,2007,10.8141848695087
Kazakhstan,KAZ,2008,10.398894395048
Kazakhstan,KAZ,2009,9.91035154223342
Kazakhstan,KAZ,2010,9.54770149751336
Kazakhstan,KAZ,2011,9.39610858135143
Kazakhstan,KAZ,2012,9.45815421963543
Kazakhstan,KAZ,2013,9.66487994340538
Kazakhstan,KAZ,2014,9.96010321640276
Kazakhstan,KAZ,2015,10.312639318106
Kazakhstan,KAZ,2016,10.6894108244726
Kazakhstan,KAZ,2017,11.0712786780395
Kazakhstan,KAZ,2018,11.428980780716
Kazakhstan,KAZ,2019,11.7790269663408
Kazakhstan,KAZ,2020,12.1138935090569
Kazakhstan,KAZ,2021,12.3947689014763
Kazakhstan,KAZ,2022,12.7995921019924
Kazakhstan,KAZ,2023,13.3673369412011
Kazakhstan,KAZ,2024,13.9627974882177
Kazakhstan,KAZ,2025,14.553371874478
Kazakhstan,KAZ,2026,15.1142979182018
Kazakhstan,KAZ,2027,15.6364692519005
Kazakhstan,KAZ,2028,16.1109097988756
Kazakhstan,KAZ,2029,16.5535809016797
Kazakhstan,KAZ,2030,16.9659150623505
Kazakhstan,KAZ,2031,17.3296047556465
Kazakhstan,KAZ,2032,17.645353173475
Kazakhstan,KAZ,2033,17.9226349028473
Kazakhstan,KAZ,2034,18.1716761330127
Kazakhstan,KAZ,2035,18.3978121297766
Kazakhstan,KAZ,2036,18.5962500729967
Kazakhstan,KAZ,2037,18.8042484289189
Kazakhstan,KAZ,2038,19.0421546900395
Kazakhstan,KAZ,2039,19.2851532772891
Kazakhstan,KAZ,2040,19.5303782764996
Kazakhstan,KAZ,2041,19.7750832964784
Kazakhstan,KAZ,2042,20.0162611380171
Kazakhstan,KAZ,2043,20.2531280748025
Kazakhstan,KAZ,2044,20.4942307964484
Kazakhstan,KAZ,2045,20.7479419953005
Kazakhstan,KAZ,2046,21.0212096187128
Kazakhstan,KAZ,2047,21.3163753444477
Kazakhstan,KAZ,2048,21.6400113440425
Kazakhstan,KAZ,2049,22.0041321487389
Kazakhstan,KAZ,2050,22.4092421367068
Kenya,KEN,2000,4.30916710272581
Kenya,KEN,2001,4.27066935772077
Kenya,KEN,2002,4.2235338439993
Kenya,KEN,2003,4.16914706991101
Kenya,KEN,2004,4.11051802874562
Kenya,KEN,2005,4.05421307374977
Kenya,KEN,2006,4.00117382353335
Kenya,KEN,2007,3.9493333558482
Kenya,KEN,2008,3.89848641003755
Kenya,KEN,2009,3.8548730035955
Kenya,KEN,2010,3.8525648108435
Kenya,KEN,2011,3.91559617719144
Kenya,KEN,2012,4.00332442444515
Kenya,KEN,2013,4.10541919365818
Kenya,KEN,2014,4.24736104787133
Kenya,KEN,2015,4.39751397048972
Kenya,KEN,2016,4.4601216405582
Kenya,KEN,2017,4.50052817437118
Kenya,KEN,2018,4.64586230284123
Kenya,KEN,2019,4.78684442513126
Kenya,KEN,2020,4.81509836225402
Kenya,KEN,2021,4.81862806148195
Kenya,KEN,2022,4.84877321977825
Kenya,KEN,2023,4.88485934966732
Kenya,KEN,2024,4.92737179677385
Kenya,KEN,2025,4.97511453736272
Kenya,KEN,2026,5.03961345870953
Kenya,KEN,2027,5.12184630012101
Kenya,KEN,2028,5.21891969361594
Kenya,KEN,2029,5.32756436502536
Kenya,KEN,2030,5.44481633887518
Kenya,KEN,2031,5.56914540699507
Kenya,KEN,2032,5.69843364099433
Kenya,KEN,2033,5.83113757475938
Kenya,KEN,2034,5.96845298838767
Kenya,KEN,2035,6.11021982596307
Kenya,KEN,2036,6.25534130597439
Kenya,KEN,2037,6.40159092287272
Kenya,KEN,2038,6.54655288600298
Kenya,KEN,2039,6.69063374112555
Kenya,KEN,2040,6.83611580051769
Kenya,KEN,2041,6.98591753575317
Kenya,KEN,2042,7.14001671473399
Kenya,KEN,2043,7.29873292245827
Kenya,KEN,2044,7.46377588597988
Kenya,KEN,2045,7.63529776579027
Kenya,KEN,2046,7.81602259609654
Kenya,KEN,2047,8.00637384948054
Kenya,KEN,2048,8.20404159169287
Kenya,KEN,2049,8.41151346903181
Kenya,KEN,2050,8.63024350055051
Kyrgyzstan,KGZ,2000,9.01063898828829
Kyrgyzstan,KGZ,2001,8.9197101565358
Kyrgyzstan,KGZ,2002,8.85013844731844
Kyrgyzstan,KGZ,2003,8.78779280577771
Kyrgyzstan,KGZ,2004,8.71622487380548
Kyrgyzstan,KGZ,2005,8.60616604565845
Kyrgyzstan,KGZ,2006,8.40993096940168
Kyrgyzstan,KGZ,2007,8.09576322499689
Kyrgyzstan,KGZ,2008,7.66268172247954
Kyrgyzstan,KGZ,2009,7.16707291315839
Kyrgyzstan,KGZ,2010,6.81197467516206
Kyrgyzstan,KGZ,2011,6.75065935913832
Kyrgyzstan,KGZ,2012,6.93491917804439
Kyrgyzstan,KGZ,2013,7.20790029137283
Kyrgyzstan,KGZ,2014,7.52322846737281
Kyrgyzstan,KGZ,2015,7.85459593661254
Kyrgyzstan,KGZ,2016,8.07974862317405
Kyrgyzstan,KGZ,2017,8.16448897057708
Kyrgyzstan,KGZ,2018,8.23958853810245
Kyrgyzstan,KGZ,2019,8.31582010095524
Kyrgyzstan,KGZ,2020,8.30762307700796
Kyrgyzstan,KGZ,2021,8.25888366179875
Kyrgyzstan,KGZ,2022,8.402530580395
Kyrgyzstan,KGZ,2023,8.76724210704515
Kyrgyzstan,KGZ,2024,9.16789539512103
Kyrgyzstan,KGZ,2025,9.60235185306944
Kyrgyzstan,KGZ,2026,10.0426040962102
Kyrgyzstan,KGZ,2027,10.4473646680806
Kyrgyzstan,KGZ,2028,10.813777421556
Kyrgyzstan,KGZ,2029,11.1632595322339
Kyrgyzstan,KGZ,2030,11.4846359705752
Kyrgyzstan,KGZ,2031,11.7458561935415
Kyrgyzstan,KGZ,2032,11.9612289101665
Kyrgyzstan,KGZ,2033,12.1602857299051
Kyrgyzstan,KGZ,2034,12.3464274434194
Kyrgyzstan,KGZ,2035,12.5394982641644
Kyrgyzstan,KGZ,2036,12.7394554487252
Kyrgyzstan,KGZ,2037,12.9159659292948
Kyrgyzstan,KGZ,2038,13.0692827402262
Kyrgyzstan,KGZ,2039,13.209655832398
Kyrgyzstan,KGZ,2040,13.3595296529692
Kyrgyzstan,KGZ,2041,13.5185974669023
Kyrgyzstan,KGZ,2042,13.6888643630625
Kyrgyzstan,KGZ,2043,13.8646810193673
Kyrgyzstan,KGZ,2044,14.0345212397561
Kyrgyzstan,KGZ,2045,14.2354077332775
Kyrgyzstan,KGZ,2046,14.4516789674071
Kyrgyzstan,KGZ,2047,14.6608646253182
Kyrgyzstan,KGZ,2048,14.8892456368548
Kyrgyzstan,KGZ,2049,15.1564719313611
Kyrgyzstan,KGZ,2050,15.4799722996903
Lebanon,LBN,2000,8.11875254885738
Lebanon,LBN,2001,8.20307926105469
Lebanon,LBN,2002,8.28606473446446
Lebanon,LBN,2003,8.36239623292676
Lebanon,LBN,2004,8.42249792973899
Lebanon,LBN,2005,8.47057093849547
Lebanon,LBN,2006,8.51690746767727
Lebanon,LBN,2007,8.56619099631509
Lebanon,LBN,2008,8.62294738258141
Lebanon,LBN,2009,8.693996451066
Lebanon,LBN,2010,8.78742347281383
Lebanon,LBN,2011,8.90731215015141
Lebanon,LBN,2012,9.05581048675849
Lebanon,LBN,2013,9.24453099569825
Lebanon,LBN,2014,9.47028805195901
Lebanon,LBN,2015,10.071433302371
Lebanon,LBN,2016,11.0557226594283
Lebanon,LBN,2017,12.0343397986007
Lebanon,LBN,2018,12.9736395274874
Lebanon,LBN,2019,13.867380966529
Lebanon,LBN,2020,14.4982421644228
Lebanon,LBN,2021,14.7465520811131
Lebanon,LBN,2022,15.0288972831934
Lebanon,LBN,2023,15.481363289485
Lebanon,LBN,2024,15.9224170227039
Lebanon,LBN,2025,16.3250116587182
Lebanon,LBN,2026,16.7125628143354
Lebanon,LBN,2027,17.0999130783284
Lebanon,LBN,2028,17.5013074977934
Lebanon,LBN,2029,17.927365519705
Lebanon,LBN,2030,18.3903118072215
Lebanon,LBN,2031,18.8963872087783
Lebanon,LBN,2032,19.4455087475856
Lebanon,LBN,2033,20.0291781496039
Lebanon,LBN,2034,20.6213122651037
Lebanon,LBN,2035,21.1628639583948
Lebanon,LBN,2036,21.6192346340525
Lebanon,LBN,2037,22.0067663024169
Lebanon,LBN,2038,22.3472796186523
Lebanon,LBN,2039,22.6545988162888
Lebanon,LBN,2040,22.9375062063487
Lebanon,LBN,2041,23.2061793202522
Lebanon,LBN,2042,23.475139755237
Lebanon,LBN,2043,23.758289952014
Lebanon,LBN,2044,24.0381412131467
Lebanon,LBN,2045,24.3169538578302
Lebanon,LBN,2046,24.6127230148073
Lebanon,LBN,2047,24.9012719878668
Lebanon,LBN,2048,25.1800047020341
Lebanon,LBN,2049,25.4528805847525
Lebanon,LBN,2050,25.6924303325624
Malaysia,MYS,2000,6.2568245835537
Malaysia,MYS,2001,6.32047919310318
Malaysia,MYS,2002,6.41747918333356
Malaysia,MYS,2003,6.52795553934576
Malaysia,MYS,2004,6.63295500009065
Malaysia,MYS,2005,6.73303819452176
Malaysia,MYS,2006,6.8376568646497
Malaysia,MYS,2007,6.95222097427797
Malaysia,MYS,2008,7.07626774109647
Malaysia,MYS,2009,7.21471741613929
Malaysia,MYS,2010,7.37395837601609
Malaysia,MYS,2011,7.54699919612253
Malaysia,MYS,2012,7.72818973082431
Malaysia,MYS,2013,7.9189400178165
Malaysia,MYS,2014,8.12088177327187
Malaysia,MYS,2015,8.33660718986588
Malaysia,MYS,2016,8.56906594388444
Malaysia,MYS,2017,8.82444820302562
Malaysia,MYS,2018,9.10098778725884
Malaysia,MYS,2019,9.38874110057873
Malaysia,MYS,2020,9.70208039682881
Malaysia,MYS,2021,9.99108976843659
Malaysia,MYS,2022,10.2680313372086
Malaysia,MYS,2023,10.6050195238823
Malaysia,MYS,2024,10.9794517768264
Malaysia,MYS,2025,11.3691596931934
Malaysia,MYS,2026,11.7707796942649
Malaysia,MYS,2027,12.178414463085
Malaysia,MYS,2028,12.5794475947175
Malaysia,MYS,2029,12.9661636517572
Malaysia,MYS,2030,13.3313176972297
Malaysia,MYS,2031,13.6844923051528
Malaysia,MYS,2032,14.0436681203857
Malaysia,MYS,2033,14.4158595566209
Malaysia,MYS,2034,14.8065827979136
Malaysia,MYS,2035,15.2164992149667
Malaysia,MYS,2036,15.6505675928789
Malaysia,MYS,2037,16.1116701741464
Malaysia,MYS,2038,16.5874029762117
Malaysia,MYS,2039,17.0726062669636
Malaysia,MYS,2040,17.5716853353877
Malaysia,MYS,2041,18.096709909166
Malaysia,MYS,2042,18.6647660663641
Malaysia,MYS,2043,19.2819023311757
Malaysia,MYS,2044,19.9494330254643
Malaysia,MYS,2045,20.6730006068906
Malaysia,MYS,2046,21.45919875892
Malaysia,MYS,2047,22.3113871962618
Malaysia,MYS,2048,23.2148967430335
Malaysia,MYS,2049,24.1464030841254
Malaysia,MYS,2050,25.092047139913
Mexico,MEX,2000,8.26512261883683
Mexico,MEX,2001,8.43383925933879
Mexico,MEX,2002,8.61863941357158
Mexico,MEX,2003,8.79951433581514
Mexico,MEX,2004,8.96909977872096
Mexico,MEX,2005,9.12014765593337
Mexico,MEX,2006,9.24644652535731
Mexico,MEX,2007,9.33108070423633
Mexico,MEX,2008,9.38622369273309
Mexico,MEX,2009,9.44189266211272
Mexico,MEX,2010,9.50796289480529
Mexico,MEX,2011,9.59520769207681
Mexico,MEX,2012,9.71157852756685
Mexico,MEX,2013,9.84799296945748
Mexico,MEX,2014,10.0005574873953
Mexico,MEX,2015,10.1739429054871
Mexico,MEX,2016,10.3654082091867
Mexico,MEX,2017,10.5755380742914
Mexico,MEX,2018,10.8069963878908
Mexico,MEX,2019,11.0597076431255
Mexico,MEX,2020,11.2522495542144
Mexico,MEX,2021,11.3639250657102
Mexico,MEX,2022,11.5698766771657
Mexico,MEX,2023,11.9034209856067
Mexico,MEX,2024,12.2670026127846
Mexico,MEX,2025,12.6454225351637
Mexico,MEX,2026,13.0401761412422
Mexico,MEX,2027,13.4505802205431
Mexico,MEX,2028,13.874521897373
Mexico,MEX,2029,14.3160063426924
Mexico,MEX,2030,14.7792043400805
Mexico,MEX,2031,15.2599568827666
Mexico,MEX,2032,15.7570126186716
Mexico,MEX,2033,16.2705218586468
Mexico,MEX,2034,16.7944244964135
Mexico,MEX,2035,17.3289537733376
Mexico,MEX,2036,17.8787187476319
Mexico,MEX,2037,18.4423292299419
Mexico,MEX,2038,19.0156667116453
Mexico,MEX,2039,19.5894660787446
Mexico,MEX,2040,20.1515645289248
Mexico,MEX,2041,20.7037349004996
Mexico,MEX,2042,21.2570738741585
Mexico,MEX,2043,21.8147305091103
Mexico,MEX,2044,22.3725810701919
Mexico,MEX,2045,22.9259184790173
Mexico,MEX,2046,23.4865336682557
Mexico,MEX,2047,24.068083870491
Mexico,MEX,2048,24.6549404768814
Mexico,MEX,2049,25.2480091934581
Mexico,MEX,2050,25.8607580366326
Mongolia,MNG,2000,5.58133856919846
Mongolia,MNG,2001,5.52380889333166
Mongolia,MNG,2002,5.46625528886788
Mongolia,MNG,2003,5.42318787438872
Mongolia,MNG,2004,5.40459140703606
Mongolia,MNG,2005,5.4133010813921
Mongolia,MNG,2006,5.44197986219551
Mongolia,MNG,2007,5.47892164254834
Mongolia,MNG,2008,5.51482017711377
Mongolia,MNG,2009,5.54392497331434
Mongolia,MNG,2010,5.56602219283718
Mongolia,MNG,2011,5.56801758321342
Mongolia,MNG,2012,5.56729508345123
Mongolia,MNG,2013,5.59735476267446
Mongolia,MNG,2014,5.6613818472298
Mongolia,MNG,2015,5.760214200714
Mongolia,MNG,2016,5.89476021314387
Mongolia,MNG,2017,6.06988351447562
Mongolia,MNG,2018,6.29352844605294
Mongolia,MNG,2019,6.57133593267847
Mongolia,MNG,2020,6.8433108631548
Mongolia,MNG,2021,7.07951659675967
Mongolia,MNG,2022,7.38630062430861
Mongolia,MNG,2023,7.78189603424772
Mongolia,MNG,2024,8.19805782699704
Mongolia,MNG,2025,8.61955118193622
Mongolia,MNG,2026,9.05598911062842
Mongolia,MNG,2027,9.49785174343003
Mongolia,MNG,2028,9.9194987020204
Mongolia,MNG,2029,10.3231790706226
Mongolia,MNG,2030,10.7153040131157
Mongolia,MNG,2031,11.1008418660822
Mongolia,MNG,2032,11.487888948739
Mongolia,MNG,2033,11.877183964144
Mongolia,MNG,2034,12.2643110587136
Mongolia,MNG,2035,12.6542932234671
Mongolia,MNG,2036,13.0576960987026
Mongolia,MNG,2037,13.4780327628272
Mongolia,MNG,2038,13.9146415861164
Mongolia,MNG,2039,14.3655216215621
Mongolia,MNG,2040,14.8282460273957
Mongolia,MNG,2041,15.2996816734879
Mongolia,MNG,2042,15.7744516863397
Mongolia,MNG,2043,16.2484697744697
Mongolia,MNG,2044,16.7172982931299
Mongolia,MNG,2045,17.1757497080151
Mongolia,MNG,2046,17.6256813418652
Mongolia,MNG,2047,18.0767365798106
Mongolia,MNG,2048,18.5440481930209
Mongolia,MNG,2049,19.0437498386805
Mongolia,MNG,2050,19.5926515901753
Morocco,MAR,2000,7.01342171942158
Morocco,MAR,2001,7.09940071997213
Morocco,MAR,2002,7.18976795987014
Morocco,MAR,2003,7.2800563004357
Morocco,MAR,2004,7.3454252310834
Morocco,MAR,2005,7.39291136713611
Morocco,MAR,2006,7.46401619159877
Morocco,MAR,2007,7.56544345784894
Morocco,MAR,2008,7.66540384639092
Morocco,MAR,2009,7.75805006683146
Morocco,MAR,2010,7.86509877961545
Morocco,MAR,2011,7.99989336697294
Morocco,MAR,2012,8.15746983563723
Morocco,MAR,2013,8.32845451767268
Morocco,MAR,2014,8.52823158212821
Morocco,MAR,2015,8.77374122431438
Morocco,MAR,2016,9.06185803116272
Morocco,MAR,2017,9.39497272205666
Morocco,MAR,2018,9.76951835349017
Morocco,MAR,2019,10.1746908680514
Morocco,MAR,2020,10.5565430212111
Morocco,MAR,2021,10.9280093253657
Morocco,MAR,2022,11.3637166992227
Morocco,MAR,2023,11.8322534179946
Morocco,MAR,2024,12.288756723382
Morocco,MAR,2025,12.7359135987861
Morocco,MAR,2026,13.1929841528996
Morocco,MAR,2027,13.6598819863422
Morocco,MAR,2028,14.1135973510172
Morocco,MAR,2029,14.5481531795473
Morocco,MAR,2030,14.975703866528
Morocco,MAR,2031,15.4039832150924
Morocco,MAR,2032,15.826237477486
Morocco,MAR,2033,16.2313503119691
Morocco,MAR,2034,16.62808437788
Morocco,MAR,2035,17.0327334458723
Morocco,MAR,2036,17.457030112561
Morocco,MAR,2037,17.9053573767215
Morocco,MAR,2038,18.3670778852684
Morocco,MAR,2039,18.8401115115443
Morocco,MAR,2040,19.3336750643253
Morocco,MAR,2041,19.8510036202844
Morocco,MAR,2042,20.3886987590819
Morocco,MAR,2043,20.9375926385214
Morocco,MAR,2044,21.4979109794443
Morocco,MAR,2045,22.0802498454152
Morocco,MAR,2046,22.6936856049153
Morocco,MAR,2047,23.3358558301206
Morocco,MAR,2048,23.9939930338872
Morocco,MAR,2049,24.6668205763962
Morocco,MAR,2050,25.3552875116869
Myanmar,MMR,2000,7.91244997277546
Myanmar,MMR,2001,7.91680008310552
Myanmar,MMR,2002,7.92394735446748
Myanmar,MMR,2003,7.93134906830573
Myanmar,MMR,2004,7.93162514364774
Myanmar,MMR,2005,7.92381806799875
Myanmar,MMR,2006,7.91217897738849
Myanmar,MMR,2007,7.90080981125949
Myanmar,MMR,2008,7.87875488327211
Myanmar,MMR,2009,7.86777325735984
Myanmar,MMR,2010,7.88557846990889
Myanmar,MMR,2011,7.91491562881492
Myanmar,MMR,2012,7.95232298511585
Myanmar,MMR,2013,7.9996001920824
Myanmar,MMR,2014,8.11076276088656
Myanmar,MMR,2015,8.29536751772813
Myanmar,MMR,2016,8.50589780376213
Myanmar,MMR,2017,8.73391472047782
Myanmar,MMR,2018,8.9820200486398
Myanmar,MMR,2019,9.2496984715653
Myanmar,MMR,2020,9.52180829627169
Myanmar,MMR,2021,9.77876504980327
Myanmar,MMR,2022,10.0551015849372
Myanmar,MMR,2023,10.3649929650005
Myanmar,MMR,2024,10.6797597480008
Myanmar,MMR,2025,10.9975367678985
Myanmar,MMR,2026,11.320063684227
Myanmar,MMR,2027,11.6488807758261
Myanmar,MMR,2028,11.9834151429014
Myanmar,MMR,2029,12.3230423778872
Myanmar,MMR,2030,12.6674163951805
Myanmar,MMR,2031,13.0114444655675
Myanmar,MMR,2032,13.3532209115118
Myanmar,MMR,2033,13.6950578529183
Myanmar,MMR,2034,14.0373874268138
Myanmar,MMR,2035,14.3803209365115
Myanmar,MMR,2036,14.7248642926841
Myanmar,MMR,2037,15.0704635974833
Myanmar,MMR,2038,15.4155734160797
Myanmar,MMR,2039,15.7590883533307
Myanmar,MMR,2040,16.101665502345
Myanmar,MMR,2041,16.4465097158368
Myanmar,MMR,2042,16.7962532258259
Myanmar,MMR,2043,17.1552885183576
Myanmar,MMR,2044,17.5260961255527
Myanmar,MMR,2045,17.9045284650085
Myanmar,MMR,2046,18.2901880242907
Myanmar,MMR,2047,18.7019595095746
Myanmar,MMR,2048,19.1557023818604
Myanmar,MMR,2049,19.6373025437057
Myanmar,MMR,2050,20.1138016779967
Netherlands,NLD,2000,19.8975908700763
Netherlands,NLD,2001,19.9700984413076
Netherlands,NLD,2002,20.0515033681438
Netherlands,NLD,2003,20.2004582350422
Netherlands,NLD,2004,20.451373683529
Netherlands,NLD,2005,20.7710174543626
Netherlands,NLD,2006,21.0965694089652
Netherlands,NLD,2007,21.4291667884644
Netherlands,NLD,2008,21.8192378010297
Netherlands,NLD,2009,22.2854105685432
Netherlands,NLD,2010,22.756509778921
Netherlands,NLD,2011,23.5375719227291
Netherlands,NLD,2012,24.6155460407426
Netherlands,NLD,2013,25.5614595271364
Netherlands,NLD,2014,26.3783103912385
Netherlands,NLD,2015,27.0660399064305
Netherlands,NLD,2016,27.6296531011589
Netherlands,NLD,2017,28.1800289156454
Netherlands,NLD,2018,28.7377137071412
Netherlands,NLD,2019,29.2669350875926
Netherlands,NLD,2020,29.7959991452303
Netherlands,NLD,2021,30.318339068697
Netherlands,NLD,2022,30.7366593892216
Netherlands,NLD,2023,31.1676857399967
Netherlands,NLD,2024,31.7875743585925
Netherlands,NLD,2025,32.5073109527037
Netherlands,NLD,2026,33.2950764541927
Netherlands,NLD,2027,34.1488980817261
Netherlands,NLD,2028,35.0438526641833
Netherlands,NLD,2029,35.9773134793727
Netherlands,NLD,2030,36.9003033183086
Netherlands,NLD,2031,37.7615970234828
Netherlands,NLD,2032,38.5700179753822
Netherlands,NLD,2033,39.3640613135978
Netherlands,NLD,2034,40.2159123056352
Netherlands,NLD,2035,41.0795328122109
Netherlands,NLD,2036,41.8111490094512
Netherlands,NLD,2037,42.3881648788985
Netherlands,NLD,2038,42.7986415495321
Netherlands,NLD,2039,43.0481704357449
Netherlands,NLD,2040,43.175102187169
Netherlands,NLD,2041,43.2251911134059
Netherlands,NLD,2042,43.2467837837789
Netherlands,NLD,2043,43.2663686077049
Netherlands,NLD,2044,43.3013868021782
Netherlands,NLD,2045,43.3760747900374
Netherlands,NLD,2046,43.4720832585604
Netherlands,NLD,2047,43.5390653697369
Netherlands,NLD,2048,43.5934376564171
Netherlands,NLD,2049,43.6819847814363
Netherlands,NLD,2050,43.8219519973415
New Zealand,NZL,2000,17.9566040126047
New Zealand,NZL,2001,18.0351793804176
New Zealand,NZL,2002,17.9791501574303
New Zealand,NZL,2003,17.8932482081008
New Zealand,NZL,2004,17.9141789860523
New Zealand,NZL,2005,18.0933255033569
New Zealand,NZL,2006,18.3835244892547
New Zealand,NZL,2007,18.6808900919833
New Zealand,NZL,2008,18.9451589272481
New Zealand,NZL,2009,19.2389924605967
New Zealand,NZL,2010,19.6257473951267
New Zealand,NZL,2011,20.1578640618866
New Zealand,NZL,2012,20.8469164498031
New Zealand,NZL,2013,21.5103919586934
New Zealand,NZL,2014,21.9495465903295
New Zealand,NZL,2015,22.19947581423
New Zealand,NZL,2016,22.4064082834941
New Zealand,NZL,2017,22.6385427078457
New Zealand,NZL,2018,22.9438718100433
New Zealand,NZL,2019,23.3497385674397
New Zealand,NZL,2020,23.8994183292415
New Zealand,NZL,2021,24.6518873584196
New Zealand,NZL,2022,25.3359151073215
New Zealand,NZL,2023,25.913078764617
New Zealand,NZL,2024,26.5836060294042
New Zealand,NZL,2025,27.2956924321511
New Zealand,NZL,2026,28.04770283229
New Zealand,NZL,2027,28.8346464988349
New Zealand,NZL,2028,29.6220216385211
New Zealand,NZL,2029,30.3630008877731
New Zealand,NZL,2030,31.0341732399284
New Zealand,NZL,2031,31.6542366747915
New Zealand,NZL,2032,32.26438606108
New Zealand,NZL,2033,32.8945402781166
New Zealand,NZL,2034,33.5391778253065
New Zealand,NZL,2035,34.1856576257047
New Zealand,NZL,2036,34.8404591924549
New Zealand,NZL,2037,35.4615131115169
New Zealand,NZL,2038,35.9827149979862
New Zealand,NZL,2039,36.3962214203914
New Zealand,NZL,2040,36.7109917975433
New Zealand,NZL,2041,36.9487933626779
New Zealand,NZL,2042,37.1490659443276
New Zealand,NZL,2043,37.3497987227216
New Zealand,NZL,2044,37.5801363415956
New Zealand,NZL,2045,37.8390473551769
New Zealand,NZL,2046,38.1229921407058
New Zealand,NZL,2047,38.4415436323881
New Zealand,NZL,2048,38.7877349759559
New Zealand,NZL,2049,39.1540689940246
New Zealand,NZL,2050,39.5286249714751
Nicaragua,NIC,2000,6.27997181125451
Nicaragua,NIC,2001,6.44379005716265
Nicaragua,NIC,2002,6.6140383392362
Nicaragua,NIC,2003,6.78759372698057
Nicaragua,NIC,2004,6.96160783319993
Nicaragua,NIC,2005,7.10787097281765
Nicaragua,NIC,2006,7.16481298436187
Nicaragua,NIC,2007,7.16157086148905
Nicaragua,NIC,2008,7.15941042868861
Nicaragua,NIC,2009,7.15789052450387
Nicaragua,NIC,2010,7.1574336739445
Nicaragua,NIC,2011,7.15731642413076
Nicaragua,NIC,2012,7.16844012839876
Nicaragua,NIC,2013,7.21231838070744
Nicaragua,NIC,2014,7.30803247781288
Nicaragua,NIC,2015,7.43869422505744
Nicaragua,NIC,2016,7.57307728332494
Nicaragua,NIC,2017,7.70503426497601
Nicaragua,NIC,2018,7.84294580495304
Nicaragua,NIC,2019,7.98069919576774
Nicaragua,NIC,2020,8.01141792691136
Nicaragua,NIC,2021,7.97132070597544
Nicaragua,NIC,2022,8.04649683359885
Nicaragua,NIC,2023,8.22309820887712
Nicaragua,NIC,2024,8.42154948095744
Nicaragua,NIC,2025,8.63398840370604
Nicaragua,NIC,2026,8.85685815783508
Nicaragua,NIC,2027,9.09080828409126
Nicaragua,NIC,2028,9.3384694640741
Nicaragua,NIC,2029,9.6013063791507
Nicaragua,NIC,2030,9.88042004823689
Nicaragua,NIC,2031,10.1764259308485
Nicaragua,NIC,2032,10.4905211239072
Nicaragua,NIC,2033,10.8236493048493
Nicaragua,NIC,2034,11.1750275288447
Nicaragua,NIC,2035,11.54320146787
Nicaragua,NIC,2036,11.9294399488689
Nicaragua,NIC,2037,12.3340323773584
Nicaragua,NIC,2038,12.7577583395845
Nicaragua,NIC,2039,13.1998521910288
Nicaragua,NIC,2040,13.656759482475
Nicaragua,NIC,2041,14.1300083232304
Nicaragua,NIC,2042,14.6215748816356
Nicaragua,NIC,2043,15.128966106021
Nicaragua,NIC,2044,15.6546948598742
Nicaragua,NIC,2045,16.2001121116229
Nicaragua,NIC,2046,16.7604877193882
Nicaragua,NIC,2047,17.3373172906125
Nicaragua,NIC,2048,17.9304182115807
Nicaragua,NIC,2049,18.5397151526745
Nicaragua,NIC,2050,19.1678332759908
Nigeria,NGA,2000,5.70641492603394
Nigeria,NGA,2001,5.69116576237841
Nigeria,NGA,2002,5.68358007399579
Nigeria,NGA,2003,5.68291492286295
Nigeria,NGA,2004,5.68471937886517
Nigeria,NGA,2005,5.68764901079681
Nigeria,NGA,2006,5.69283260905037
Nigeria,NGA,2007,5.70032738903982
Nigeria,NGA,2008,5.71115234886325
Nigeria,NGA,2009,5.72407664741991
Nigeria,NGA,2010,5.73438737643302
Nigeria,NGA,2011,5.7373793132556
Nigeria,NGA,2012,5.72972745433616
Nigeria,NGA,2013,5.70474828317801
Nigeria,NGA,2014,5.667599995198
Nigeria,NGA,2015,5.63524212141292
Nigeria,NGA,2016,5.60624840955718
Nigeria,NGA,2017,5.57498452450049
Nigeria,NGA,2018,5.54899709603716
Nigeria,NGA,2019,5.52969938893295
Nigeria,NGA,2020,5.50129019490674
Nigeria,NGA,2021,5.47531059277357
Nigeria,NGA,2022,5.46504862743235
Nigeria,NGA,2023,5.45815496679884
Nigeria,NGA,2024,5.45012289763752
Nigeria,NGA,2025,5.44140442676899
Nigeria,NGA,2026,5.43472756958815
Nigeria,NGA,2027,5.43175475100928
Nigeria,NGA,2028,5.43289480070285
Nigeria,NGA,2029,5.43748562985409
Nigeria,NGA,2030,5.44662899033907
Nigeria,NGA,2031,5.4623705179337
Nigeria,NGA,2032,5.4857052277077
Nigeria,NGA,2033,5.51693015121713
Nigeria,NGA,2034,5.55650840512976
Nigeria,NGA,2035,5.60463207446594
Nigeria,NGA,2036,5.66122099079113
Nigeria,NGA,2037,5.72534951085248
Nigeria,NGA,2038,5.79675887005289
Nigeria,NGA,2039,5.87835884344263
Nigeria,NGA,2040,5.97192425305815
Nigeria,NGA,2041,6.07392179813086
Nigeria,NGA,2042,6.18232854051663
Nigeria,NGA,2043,6.29745067286563
Nigeria,NGA,2044,6.41406718966497
Nigeria,NGA,2045,6.52716835030311
Nigeria,NGA,2046,6.63642245427804
Nigeria,NGA,2047,6.74196571222949
Nigeria,NGA,2048,6.84568094908497
Nigeria,NGA,2049,6.94335411007645
Nigeria,NGA,2050,7.03065663712333
Pakistan,PAK,2000,6.5332543183133
Pakistan,PAK,2001,6.50753579882232
Pakistan,PAK,2002,6.5027784587605
Pakistan,PAK,2003,6.50101276340935
Pakistan,PAK,2004,6.48681813266159
Pakistan,PAK,2005,6.47307549751466
Pakistan,PAK,2006,6.46621477151715
Pakistan,PAK,2007,6.45184906839616
Pakistan,PAK,2008,6.4449766599296
Pakistan,PAK,2009,6.45699331270779
Pakistan,PAK,2010,6.47956988190071
Pakistan,PAK,2011,6.51868419629694
Pakistan,PAK,2012,6.57142311648024
Pakistan,PAK,2013,6.61801333718819
Pakistan,PAK,2014,6.63749563395922
Pakistan,PAK,2015,6.65458281911498
Pakistan,PAK,2016,6.69641235487885
Pakistan,PAK,2017,6.75016900447542
Pakistan,PAK,2018,6.80779819172731
Pakistan,PAK,2019,6.87845721571853
Pakistan,PAK,2020,6.92159286498641
Pakistan,PAK,2021,6.94315486331907
Pakistan,PAK,2022,7.0190839152709
Pakistan,PAK,2023,7.14068512944463
Pakistan,PAK,2024,7.25107077816052
Pakistan,PAK,2025,7.34394020038659
Pakistan,PAK,2026,7.43515779965925
Pakistan,PAK,2027,7.5243180612568
Pakistan,PAK,2028,7.61024620582944
Pakistan,PAK,2029,7.69352606070561
Pakistan,PAK,2030,7.77395613362653
Pakistan,PAK,2031,7.8519608204206
Pakistan,PAK,2032,7.92608208506054
Pakistan,PAK,2033,7.99496531154794
Pakistan,PAK,2034,8.05939483041655
Pakistan,PAK,2035,8.12137131046055
Pakistan,PAK,2036,8.1835844376392
Pakistan,PAK,2037,8.24935254275544
Pakistan,PAK,2038,8.32050894618712
Pakistan,PAK,2039,8.39653900918271
Pakistan,PAK,2040,8.47847578213149
Pakistan,PAK,2041,8.56650632012239
Pakistan,PAK,2042,8.66178900932134
Pakistan,PAK,2043,8.76614280234318
Pakistan,PAK,2044,8.88021661999337
Pakistan,PAK,2045,9.00797126508905
Pakistan,PAK,2046,9.15986917187336
Pakistan,PAK,2047,9.33576516477279
Pakistan,PAK,2048,9.52463912170535
Pakistan,PAK,2049,9.71897321017781
Pakistan,PAK,2050,9.91519213718298
Peru,PER,2000,7.06384497373847
Peru,PER,2001,7.37298359799617
Peru,PER,2002,7.76247946664956
Peru,PER,2003,8.20585988702917
Peru,PER,2004,8.67169177318046
Peru,PER,2005,9.16972174766188
Peru,PER,2006,9.70284062111553
Peru,PER,2007,10.2434813388966
Peru,PER,2008,10.6813544266803
Peru,PER,2009,11.0095060598802
Peru,PER,2010,11.3239694036491
Peru,PER,2011,11.6242147141854
Peru,PER,2012,11.923119279844
Peru,PER,2013,12.2237357004736
Peru,PER,2014,12.5084005672104
Peru,PER,2015,12.7443935229305
Peru,PER,2016,12.8750147289141
Peru,PER,2017,12.9783093369509
Peru,PER,2018,13.0595431356509
Peru,PER,2019,13.1433556006357
Peru,PER,2020,13.2537381534749
Peru,PER,2021,13.242600401371
Peru,PER,2022,13.2642606025808
Peru,PER,2023,13.4923720812664
Peru,PER,2024,13.8142506268914
Peru,PER,2025,14.1462188085159
Peru,PER,2026,14.4873886561438
Peru,PER,2027,14.8373025299666
Peru,PER,2028,15.1986989821296
Peru,PER,2029,15.573340454665
Peru,PER,2030,15.9638046978851
Peru,PER,2031,16.3715881452489
Peru,PER,2032,16.8019551206956
Peru,PER,2033,17.2579645981583
Peru,PER,2034,17.7347351930403
Peru,PER,2035,18.2299052428108
Peru,PER,2036,18.751346501938
Peru,PER,2037,19.297596173944
Peru,PER,2038,19.8599063800264
Peru,PER,2039,20.4341512467904
Peru,PER,2040,21.0165192890042
Peru,PER,2041,21.6040577897169
Peru,PER,2042,22.1936191238705
Peru,PER,2043,22.7859996682735
Peru,PER,2044,23.3849329632486
Peru,PER,2045,23.9930125792005
Peru,PER,2046,24.6147266401277
Peru,PER,2047,25.2575215487988
Peru,PER,2048,25.9291757453737
Peru,PER,2049,26.6328390571989
Peru,PER,2050,27.3695318638234
Philippines,PHL,2000,5.16819686171467
Philippines,PHL,2001,5.19120891657298
Philippines,PHL,2002,5.22799869482096
Philippines,PHL,2003,5.26560078504765
Philippines,PHL,2004,5.30126844729058
Philippines,PHL,2005,5.33443709007112
Philippines,PHL,2006,5.37217282933733
Philippines,PHL,2007,5.40423555993415
Philippines,PHL,2008,5.43288715013412
Philippines,PHL,2009,5.45808553492604
Philippines,PHL,2010,5.47295921497141
Philippines,PHL,2011,5.50499990117724
Philippines,PHL,2012,5.56042478862587
Philippines,PHL,2013,5.65725534046576
Philippines,PHL,2014,5.81399709120385
Philippines,PHL,2015,6.01433574812271
Philippines,PHL,2016,6.23761581893604
Philippines,PHL,2017,6.48059614293842
Philippines,PHL,2018,6.75133864338813
Philippines,PHL,2019,7.03881786604626
Philippines,PHL,2020,7.31618742043884
Philippines,PHL,2021,7.49663380533484
Philippines,PHL,2022,7.68169037002482
Philippines,PHL,2023,7.95727998278236
Philippines,PHL,2024,8.24119778927545
Philippines,PHL,2025,8.52584254209213
Philippines,PHL,2026,8.80202235444057
Philippines,PHL,2027,9.06852091411033
Philippines,PHL,2028,9.33025248990946
Philippines,PHL,2029,9.59513796204733
Philippines,PHL,2030,9.86016284092642
Philippines,PHL,2031,10.1122124969222
Philippines,PHL,2032,10.3549838950673
Philippines,PHL,2033,10.6004650446639
Philippines,PHL,2034,10.8594397957182
Philippines,PHL,2035,11.1474649663556
Philippines,PHL,2036,11.4550702228522
Philippines,PHL,2037,11.7520211475533
Philippines,PHL,2038,12.0288506393178
Philippines,PHL,2039,12.2983574730387
Philippines,PHL,2040,12.5720490336209
Philippines,PHL,2041,12.8542326842489
Philippines,PHL,2042,13.15353154339
Philippines,PHL,2043,13.4790218905754
Philippines,PHL,2044,13.8327094187106
Philippines,PHL,2045,14.2055051224497
Philippines,PHL,2046,14.585430131734
Philippines,PHL,2047,14.9641037692212
Philippines,PHL,2048,15.3394437054614
Philippines,PHL,2049,15.7186991404024
Philippines,PHL,2050,16.112338858314
Romania,ROU,2000,19.8675749228666
Romania,ROU,2001,20.2607426854057
Romania,ROU,2002,20.6602288414936
Romania,ROU,2003,21.0161817430256
Romania,ROU,2004,21.3308091399533
Romania,ROU,2005,21.5880421322676
Romania,ROU,2006,21.8350171418928
Romania,ROU,2007,22.0960444958063
Romania,ROU,2008,22.3784450357119
Romania,ROU,2009,22.764391368415
Romania,ROU,2010,23.1535180799505
Romania,ROU,2011,23.5537943107635
Romania,ROU,2012,23.9255167815738
Romania,ROU,2013,24.2588844034034
Romania,ROU,2014,24.8627380876515
Romania,ROU,2015,25.6349843458792
Romania,ROU,2016,26.3420727799048
Romania,ROU,2017,27.0317158917051
Romania,ROU,2018,27.7348779608619
Romania,ROU,2019,28.467890724979
Romania,ROU,2020,29.3083739639873
Romania,ROU,2021,29.929474837171
Romania,ROU,2022,30.2708024320144
Romania,ROU,2023,30.6866902590266
Romania,ROU,2024,31.0730808983971
Romania,ROU,2025,31.3163753075465
Romania,ROU,2026,31.4604894657972
Romania,ROU,2027,31.5378486175268
Romania,ROU,2028,31.5791580025392
Romania,ROU,2029,31.5820257960635
Romania,ROU,2030,31.5450450808304
Romania,ROU,2031,31.5240964208309
Romania,ROU,2032,32.2543409805873
Romania,ROU,2033,33.8310943504944
Romania,ROU,2034,35.3342992141618
Romania,ROU,2035,36.4884354597939
Romania,ROU,2036,37.4392293978705
Romania,ROU,2037,38.2865066201555
Romania,ROU,2038,39.0565512291673
Romania,ROU,2039,39.9388379031155
Romania,ROU,2040,40.9418170033488
Romania,ROU,2041,41.945846370073
Romania,ROU,2042,43.0010293737022
Romania,ROU,2043,44.0467899731993
Romania,ROU,2044,45.0445985923465
Romania,ROU,2045,45.9633414493795
Romania,ROU,2046,46.75560589388
Romania,ROU,2047,47.2901985852446
Romania,ROU,2048,47.38778393982
Romania,ROU,2049,47.5440341612371
Romania,ROU,2050,48.0882146085736
Russia,RUS,2000,17.7011663821611
Russia,RUS,2001,17.7808863394964
Russia,RUS,2002,18.0656261454416
Russia,RUS,2003,18.5022674892812
Russia,RUS,2004,18.9742376218001
Russia,RUS,2005,19.340856347347
Russia,RUS,2006,19.5394328254627
Russia,RUS,2007,19.4146321837362
Russia,RUS,2008,18.8551769002669
Russia,RUS,2009,18.1558805568212
Russia,RUS,2010,17.6084478982429
Russia,RUS,2011,17.4878184701999
Russia,RUS,2012,17.7616072694634
Russia,RUS,2013,18.138311940611
Russia,RUS,2014,18.7153489396303
Russia,RUS,2015,19.4430763772796
Russia,RUS,2016,20.125713373153
Russia,RUS,2017,20.8502734816605
Russia,RUS,2018,21.5838728775538
Russia,RUS,2019,22.3832159682268
Russia,RUS,2020,23.1413427909336
Russia,RUS,2021,23.6428493476847
Russia,RUS,2022,24.2704034540444
Russia,RUS,2023,25.2042318995154
Russia,RUS,2024,26.20747496093
Russia,RUS,2025,27.2960856765218
Russia,RUS,2026,28.2989281359122
Russia,RUS,2027,29.0233476211408
Russia,RUS,2028,29.5936744864637
Russia,RUS,2029,30.0400203599388
Russia,RUS,2030,30.3408302885417
Russia,RUS,2031,30.490975828854
Russia,RUS,2032,30.5571224719118
Russia,RUS,2033,30.6201281773221
Russia,RUS,2034,30.7268599306093
Russia,RUS,2035,30.9767623078196
Russia,RUS,2036,31.2985483322338
Russia,RUS,2037,31.6318809065805
Russia,RUS,2038,32.002606514798
Russia,RUS,2039,32.3843151264695
Russia,RUS,2040,32.8380892263278
Russia,RUS,2041,33.3333780144007
Russia,RUS,2042,33.8002719303241
Russia,RUS,2043,34.295282909171
Russia,RUS,2044,34.8571522774097
Russia,RUS,2045,35.5544163796407
Russia,RUS,2046,36.145278885036
Russia,RUS,2047,36.6793387563229
Russia,RUS,2048,37.5101204283739
Russia,RUS,2049,38.437576211025
Russia,RUS,2050,39.3950705804584
Serbia,SRB,2000,23.7937291944575
Serbia,SRB,2001,24.3107576926692
Serbia,SRB,2002,24.7752314482695
Serbia,SRB,2003,25.1828721241076
Serbia,SRB,2004,25.4838772486201
Serbia,SRB,2005,25.6806069685709
Serbia,SRB,2006,25.7797215673837
Serbia,SRB,2007,25.7864354398354
Serbia,SRB,2008,25.7072627705974
Serbia,SRB,2009,25.5976114222703
Serbia,SRB,2010,25.4917745492913
Serbia,SRB,2011,25.4904620952166
Serbia,SRB,2012,25.8288967747448
Serbia,SRB,2013,26.4969613080433
Serbia,SRB,2014,27.3297827317739
Serbia,SRB,2015,28.2800987520075
Serbia,SRB,2016,29.2471251063677
Serbia,SRB,2017,30.2560990868634
Serbia,SRB,2018,31.3988125615005
Serbia,SRB,2019,32.5658710453221
Serbia,SRB,2020,33.6161859843146
Serbia,SRB,2021,34.3061691056933
Serbia,SRB,2022,34.7309461391858
Serbia,SRB,2023,35.2833271368328
Serbia,SRB,2024,36.007912299795
Serbia,SRB,2025,36.76789508371
Serbia,SRB,2026,37.4554655475524
Serbia,SRB,2027,38.0541261906372
Serbia,SRB,2028,38.5710998636817
Serbia,SRB,2029,38.98741833465
Serbia,SRB,2030,39.3588583448094
Serbia,SRB,2031,39.7213970080981
Serbia,SRB,2032,40.0574967614634
Serbia,SRB,2033,40.3714178242281
Serbia,SRB,2034,40.6733828560336
Serbia,SRB,2035,40.9758648426898
Serbia,SRB,2036,41.3118481851492
Serbia,SRB,2037,41.7123031712013
Serbia,SRB,2038,42.1327830423389
Serbia,SRB,2039,42.5958448640434
Serbia,SRB,2040,43.1688250287433
Serbia,SRB,2041,43.8114735679938
Serbia,SRB,2042,44.4771545564384
Serbia,SRB,2043,45.1561014542083
Serbia,SRB,2044,45.8450707991261
Serbia,SRB,2045,46.5388867080869
Serbia,SRB,2046,47.2292206394109
Serbia,SRB,2047,47.9302595118955
Serbia,SRB,2048,48.7000099623274
Serbia,SRB,2049,49.5315477073891
Serbia,SRB,2050,50.3052823950293
Singapore,SGP,2000,8.33750650816551
Singapore,SGP,2001,8.46096654275093
Singapore,SGP,2002,8.58060902049719
Singapore,SGP,2003,8.76140266246955
Singapore,SGP,2004,9.03727967814016
Singapore,SGP,2005,9.30311181121084
Singapore,SGP,2006,9.42142967410306
Singapore,SGP,2007,9.33120227695091
Singapore,SGP,2008,9.22102220186798
Singapore,SGP,2009,9.26633403403088
Singapore,SGP,2010,9.34331513458927
Singapore,SGP,2011,9.49870238581252
Singapore,SGP,2012,9.87114756831128
Singapore,SGP,2013,10.3712948444538
Singapore,SGP,2014,10.9183948979354
Singapore,SGP,2015,11.4891426032608
Singapore,SGP,2016,12.107956919257
Singapore,SGP,2017,12.8383872844393
Singapore,SGP,2018,13.5821491189877
Singapore,SGP,2019,14.2882283779185
Singapore,SGP,2020,15.1952679757198
Singapore,SGP,2021,16.2203521552397
Singapore,SGP,2022,16.8529336310715
Singapore,SGP,2023,17.4332629423088
Singapore,SGP,2024,18.2917962346624
Singapore,SGP,2025,19.1782315327791
Singapore,SGP,2026,20.0810945253402
Singapore,SGP,2027,20.9835145369093
Singapore,SGP,2028,21.8939892237487
Singapore,SGP,2029,22.815878547903
Singapore,SGP,2030,23.7244464514132
Singapore,SGP,2031,24.5960620239951
Singapore,SGP,2032,25.4200730746238
Singapore,SGP,2033,26.1996908138436
Singapore,SGP,2034,26.9449448433344
Singapore,SGP,2035,27.7105493871055
Singapore,SGP,2036,28.5491685825716
Singapore,SGP,2037,29.4482086995085
Singapore,SGP,2038,30.3585844899331
Singapore,SGP,2039,31.2284649311945
Singapore,SGP,2040,32.0489977515965
Singapore,SGP,2041,32.8715736872208
Singapore,SGP,2042,33.7076423394293
Singapore,SGP,2043,34.5335199738658
Singapore,SGP,2044,35.3961670710056
Singapore,SGP,2045,36.3170037894218
Singapore,SGP,2046,37.2955317429618
Singapore,SGP,2047,38.3564635875141
Singapore,SGP,2048,39.4402271307615
Singapore,SGP,2049,40.538133922571
Singapore,SGP,2050,41.7158562515975
Slovakia,SVK,2000,16.4233821122026
Slovakia,SVK,2001,16.3679093634258
Slovakia,SVK,2002,16.3296191668707
Slovakia,SVK,2003,16.3177052849776
Slovakia,SVK,2004,16.346278545231
Slovakia,SVK,2005,16.4233521460878
Slovakia,SVK,2006,16.5297265367288
Slovakia,SVK,2007,16.6549337194046
Slovakia,SVK,2008,16.8013664163855
Slovakia,SVK,2009,17.0209132184257
Slovakia,SVK,2010,17.2668950514766
Slovakia,SVK,2011,17.5481751439558
Slovakia,SVK,2012,18.0041465085949
Slovakia,SVK,2013,18.613203960189
Slovakia,SVK,2014,19.29501600109
Slovakia,SVK,2015,20.0641245028756
Slovakia,SVK,2016,20.9669052942893
Slovakia,SVK,2017,21.9479063549341
Slovakia,SVK,2018,22.9301574444198
Slovakia,SVK,2019,23.9293582031718
Slovakia,SVK,2020,24.8794866434145
Slovakia,SVK,2021,25.6541011925274
Slovakia,SVK,2022,26.4374938711877
Slovakia,SVK,2023,27.3323647496168
Slovakia,SVK,2024,28.2146152099042
Slovakia,SVK,2025,29.1103346918295
Slovakia,SVK,2026,29.9478422396161
Slovakia,SVK,2027,30.6517024706537
Slovakia,SVK,2028,31.3670070701867
Slovakia,SVK,2029,32.1292368217171
Slovakia,SVK,2030,32.8399633771523
Slovakia,SVK,2031,33.4370529285429
Slovakia,SVK,2032,33.9221642875966
Slovakia,SVK,2033,34.3326792167484
Slovakia,SVK,2034,34.7777924414615
Slovakia,SVK,2035,35.296200014052
Slovakia,SVK,2036,35.8664839252186
Slovakia,SVK,2037,36.5639376890274
Slovakia,SVK,2038,37.4508168538655
Slovakia,SVK,2039,38.5230473042513
Slovakia,SVK,2040,39.6988955681256
Slovakia,SVK,2041,40.9325994763303
Slovakia,SVK,2042,42.2355320049881
Slovakia,SVK,2043,43.583233246597
Slovakia,SVK,2044,44.9857793742925
Slovakia,SVK,2045,46.3470896571321
Slovakia,SVK,2046,47.6262780154577
Slovakia,SVK,2047,48.9109465776933
Slovakia,SVK,2048,50.217618036991
Slovakia,SVK,2049,51.5464760017721
Slovakia,SVK,2050,52.9063914672263
South Korea,KOR,2000,9.85842322024216
South Korea,KOR,2001,10.3694915258224
South Korea,KOR,2002,10.8990467346679
South Korea,KOR,2003,11.4431076881698
South Korea,KOR,2004,12.0004342255512
South Korea,KOR,2005,12.5432686078152
South Korea,KOR,2006,13.1054252643816
South Korea,KOR,2007,13.6845570185099
South Korea,KOR,2008,14.187066293195
South Korea,KOR,2009,14.6497226464137
South Korea,KOR,2010,15.1359936224068
South Korea,KOR,2011,15.5789415587946
South Korea,KOR,2012,16.0082431817077
South Korea,KOR,2013,16.516748195558
South Korea,KOR,2014,17.0936824049145
South Korea,KOR,2015,17.6779804083552
South Korea,KOR,2016,18.2353000731619
South Korea,KOR,2017,18.9764143023336
South Korea,KOR,2018,19.8458040524492
South Korea,KOR,2019,20.7697470386564
South Korea,KOR,2020,21.955966668736
South Korea,KOR,2021,23.2870478873057
South Korea,KOR,2022,24.5912480325812
South Korea,KOR,2023,25.9356983752934
South Korea,KOR,2024,27.4714427796973
South Korea,KOR,2025,29.2670911250904
South Korea,KOR,2026,31.1758658970677
South Korea,KOR,2027,32.9530287407533
South Korea,KOR,2028,34.5895860247026
South Korea,KOR,2029,36.1301095428372
South Korea,KOR,2030,37.68249945859
South Korea,KOR,2031,39.2946130819443
South Korea,KOR,2032,40.9598525177982
South Korea,KOR,2033,42.8647346309304
South Korea,KOR,2034,44.9637013869789
South Korea,KOR,2035,47.1213023030168
South Korea,KOR,2036,49.3757919742317
South Korea,KOR,2037,51.6115545272326
South Korea,KOR,2038,53.7816828715782
South Korea,KOR,2039,55.9388649990475
South Korea,KOR,2040,57.8859404329286
South Korea,KOR,2041,59.5809753227383
South Korea,KOR,2042,61.2137163777637
South Korea,KOR,2043,62.8378427220235
South Korea,KOR,2044,64.6209540859301
South Korea,KOR,2045,66.7045270173232
South Korea,KOR,2046,68.86523219651
South Korea,KOR,2047,70.9894768365205
South Korea,KOR,2048,72.9073583434161
South Korea,KOR,2049,74.4096100887263
South Korea,KOR,2050,75.6101352828822
Tajikistan,TJK,2000,6.68737691405355
Tajikistan,TJK,2001,6.5927291453224
Tajikistan,TJK,2002,6.50227045298239
Tajikistan,TJK,2003,6.42191164834779
Tajikistan,TJK,2004,6.34795365361907
Tajikistan,TJK,2005,6.25683507457184
Tajikistan,TJK,2006,6.13257590464358
Tajikistan,TJK,2007,5.96883422954016
Tajikistan,TJK,2008,5.76311431328797
Tajikistan,TJK,2009,5.53230432371501
Tajikistan,TJK,2010,5.30913775028909
Tajikistan,TJK,2011,5.12823507254236
Tajikistan,TJK,2012,4.99222695110559
Tajikistan,TJK,2013,4.90094399185418
Tajikistan,TJK,2014,4.8605713279806
Tajikistan,TJK,2015,4.86589751487662
Tajikistan,TJK,2016,4.9141237232669
Tajikistan,TJK,2017,4.99800579181119
Tajikistan,TJK,2018,5.11527105673535
Tajikistan,TJK,2019,5.26711186901552
Tajikistan,TJK,2020,5.4068196552424
Tajikistan,TJK,2021,5.55671015702636
Tajikistan,TJK,2022,5.79421378239517
Tajikistan,TJK,2023,6.09932287824273
Tajikistan,TJK,2024,6.43156153622634
Tajikistan,TJK,2025,6.77237130077511
Tajikistan,TJK,2026,7.1179952743023
Tajikistan,TJK,2027,7.45907507652586
Tajikistan,TJK,2028,7.77290404222936
Tajikistan,TJK,2029,8.05092235704835
Tajikistan,TJK,2030,8.29290808871819
Tajikistan,TJK,2031,8.51494440763764
Tajikistan,TJK,2032,8.72819833216952
Tajikistan,TJK,2033,8.9297715749708
Tajikistan,TJK,2034,9.12228495947888
Tajikistan,TJK,2035,9.30372310101552
Tajikistan,TJK,2036,9.46793187707552
Tajikistan,TJK,2037,9.61367269385762
Tajikistan,TJK,2038,9.74789155653214
Tajikistan,TJK,2039,9.87925482263473
Tajikistan,TJK,2040,10.0109197680524
Tajikistan,TJK,2041,10.1442353081197
Tajikistan,TJK,2042,10.2822634190422
Tajikistan,TJK,2043,10.4336705259148
Tajikistan,TJK,2044,10.6068240224161
Tajikistan,TJK,2045,10.8016861748618
Tajikistan,TJK,2046,11.014564125184
Tajikistan,TJK,2047,11.2437034641979
Tajikistan,TJK,2048,11.498460754352
Tajikistan,TJK,2049,11.7972841791811
Tajikistan,TJK,2050,12.1473834994919
Thailand,THA,2000,8.80251200411884
Thailand,THA,2001,9.16210697701502
Thailand,THA,2002,9.51709331543494
Thailand,THA,2003,9.87978784198864
Thailand,THA,2004,10.2533547231038
Thailand,THA,2005,10.6217509015733
Thailand,THA,2006,10.9444007677202
Thailand,THA,2007,11.2130374116697
Thailand,THA,2008,11.4629562436231
Thailand,THA,2009,11.730004480037
Thailand,THA,2010,12.0334420851547
Thailand,THA,2011,12.3782678320699
Thailand,THA,2012,12.7788680218975
Thailand,THA,2013,13.2552528961712
Thailand,THA,2014,13.8080328847299
Thailand,THA,2015,14.4253374635217
Thailand,THA,2016,15.0823642795828
Thailand,THA,2017,15.7793632430084
Thailand,THA,2018,16.5321700852304
Thailand,THA,2019,17.3351890927991
Thailand,THA,2020,18.1828532318187
Thailand,THA,2021,19.0788682890423
Thailand,THA,2022,20.0038807513821
Thailand,THA,2023,20.968546826091
Thailand,THA,2024,21.9820365175353
Thailand,THA,2025,23.0239920543965
Thailand,THA,2026,24.0936909741738
Thailand,THA,2027,25.1963394367085
Thailand,THA,2028,26.3359676998322
Thailand,THA,2029,27.4966764134391
Thailand,THA,2030,28.67400733118
Thailand,THA,2031,29.8723917597754
Thailand,THA,2032,31.1033427829823
Thailand,THA,2033,32.3695942681376
Thailand,THA,2034,33.6535479550329
Thailand,THA,2035,34.9389831053519
Thailand,THA,2036,36.2037314387189
Thailand,THA,2037,37.4377962417295
Thailand,THA,2038,38.6336749591834
Thailand,THA,2039,39.7667198719111
Thailand,THA,2040,40.8384488840333
Thailand,THA,2041,41.8713493075218
Thailand,THA,2042,42.8936463416022
Thailand,THA,2043,43.9151030925781
Thailand,THA,2044,44.9219687126723
Thailand,THA,2045,45.9152555941565
Thailand,THA,2046,46.8893967756518
Thailand,THA,2047,47.8343689604786
Thailand,THA,2048,48.7206626958516
Thailand,THA,2049,49.5064480242807
Thailand,THA,2050,50.1971289442728
Tunisia,TUN,2000,8.53176150983191
Tunisia,TUN,2001,8.67408579115185
Tunisia,TUN,2002,8.78759385609894
Tunisia,TUN,2003,8.88872444864695
Tunisia,TUN,2004,8.98238058389417
Tunisia,TUN,2005,9.06766449021748
Tunisia,TUN,2006,9.1380372720372
Tunisia,TUN,2007,9.19455317241439
Tunisia,TUN,2008,9.24748035881076
Tunisia,TUN,2009,9.30595922395653
Tunisia,TUN,2010,9.37927191320598
Tunisia,TUN,2011,9.47011520952393
Tunisia,TUN,2012,9.58117573028467
Tunisia,TUN,2013,9.72219853236911
Tunisia,TUN,2014,9.9178956348451
Tunisia,TUN,2015,10.1997711634646
Tunisia,TUN,2016,10.5352961885305
Tunisia,TUN,2017,10.898813861457
Tunisia,TUN,2018,11.3326465644462
Tunisia,TUN,2019,11.8694485572067
Tunisia,TUN,2020,12.4285834961169
Tunisia,TUN,2021,12.8726774625305
Tunisia,TUN,2022,13.3072089799204
Tunisia,TUN,2023,13.8048743214216
Tunisia,TUN,2024,14.345051127668
Tunisia,TUN,2025,14.9435020818355
Tunisia,TUN,2026,15.5066442592309
Tunisia,TUN,2027,16.0374218747938
Tunisia,TUN,2028,16.6130434963775
Tunisia,TUN,2029,17.2991452304198
Tunisia,TUN,2030,18.0089704000779
Tunisia,TUN,2031,18.5976246085407
Tunisia,TUN,2032,19.0796992885967
Tunisia,TUN,2033,19.5524018890164
Tunisia,TUN,2034,20.1058619744716
Tunisia,TUN,2035,20.7055363850033
Tunisia,TUN,2036,21.2669151347625
Tunisia,TUN,2037,21.8191852550101
Tunisia,TUN,2038,22.420378641811
Tunisia,TUN,2039,23.1027736821556
Tunisia,TUN,2040,23.862903473833
Tunisia,TUN,2041,24.6303412941741
Tunisia,TUN,2042,25.3677289305195
Tunisia,TUN,2043,26.1003215629417
Tunisia,TUN,2044,26.9389717613357
Tunisia,TUN,2045,27.9252226251345
Tunisia,TUN,2046,28.9003346340124
Tunisia,TUN,2047,29.7786928434127
Tunisia,TUN,2048,30.6485755355109
Tunisia,TUN,2049,31.6206765546039
Tunisia,TUN,2050,32.6775149310491
Turkey,TUR,2000,9.08547664950281
Turkey,TUR,2001,9.2827979101411
Turkey,TUR,2002,9.48630909445249
Turkey,TUR,2003,9.69525111025887
Turkey,TUR,2004,9.90867108495712
Turkey,TUR,2005,10.1250418417102
Turkey,TUR,2006,10.3402703030632
Turkey,TUR,2007,10.548976289451
Turkey,TUR,2008,10.6651115563462
Turkey,TUR,2009,10.6998224266347
Turkey,TUR,2010,10.7533140956222
Turkey,TUR,2011,10.8086953023048
Turkey,TUR,2012,10.8671677444952
Turkey,TUR,2013,10.9531352120614
Turkey,TUR,2014,11.0341588895581
Turkey,TUR,2015,11.118741262379
Turkey,TUR,2016,11.2973508098164
Turkey,TUR,2017,11.5614356110924
Turkey,TUR,2018,11.8938986966186
Turkey,TUR,2019,12.4389779416645
Turkey,TUR,2020,13.1307438407251
Turkey,TUR,2021,13.7793439935438
Turkey,TUR,2022,14.2743700861558
Turkey,TUR,2023,14.6730315172246
Turkey,TUR,2024,15.0646636859411
Turkey,TUR,2025,15.4532011160262
Turkey,TUR,2026,15.9127676003156
Turkey,TUR,2027,16.4580153228948
Turkey,TUR,2028,17.0761166370955
Turkey,TUR,2029,17.7387727960476
Turkey,TUR,2030,18.410260952732
Turkey,TUR,2031,19.0567957963991
Turkey,TUR,2032,19.652530236712
Turkey,TUR,2033,20.1957907482896
Turkey,TUR,2034,20.7128600788356
Turkey,TUR,2035,21.2356750767652
Turkey,TUR,2036,21.7955982386348
Turkey,TUR,2037,22.4229830069334
Turkey,TUR,2038,23.1272324303822
Turkey,TUR,2039,23.9041636545799
Turkey,TUR,2040,24.7549046376631
Turkey,TUR,2041,25.6808136441976
Turkey,TUR,2042,26.6823747518138
Turkey,TUR,2043,27.7500945656714
Turkey,TUR,2044,28.8616254252961
Turkey,TUR,2045,29.9908740270627
Turkey,TUR,2046,31.1068873517584
Turkey,TUR,2047,32.1839900666596
Turkey,TUR,2048,33.2162376960094
Turkey,TUR,2049,34.2115179802658
Turkey,TUR,2050,35.1827774801172
Ukraine,UKR,2000,19.5186748112905
Ukraine,UKR,2001,19.7253905363671
Ukraine,UKR,2002,20.2807542532016
Ukraine,UKR,2003,20.9933038316411
Ukraine,UKR,2004,21.5911629321543
Ukraine,UKR,2005,21.9164308166372
Ukraine,UKR,2006,22.0948609415221
Ukraine,UKR,2007,22.2358696730094
Ukraine,UKR,2008,21.8874718139125
Ukraine,UKR,2009,21.412957138538
Ukraine,UKR,2010,20.9885212507398
Ukraine,UKR,2011,20.5451035920521
Ukraine,UKR,2012,20.5748547997826
Ukraine,UKR,2013,20.6628176290144
Ukraine,UKR,2014,20.9779051251224
Ukraine,UKR,2015,21.7215715845781
Ukraine,UKR,2016,22.4375447590746
Ukraine,UKR,2017,23.2420967001411
Ukraine,UKR,2018,23.9591650206221
Ukraine,UKR,2019,24.6146045398727
Ukraine,UKR,2020,25.2828375624753
Ukraine,UKR,2021,25.7725230363922
Ukraine,UKR,2022,26.5249328766639
Ukraine,UKR,2023,27.6372055426887
Ukraine,UKR,2024,28.239354443179
Ukraine,UKR,2025,28.1756222178247
Ukraine,UKR,2026,28.3674355948076
Ukraine,UKR,2027,29.150701189726
Ukraine,UKR,2028,29.9276902453891
Ukraine,UKR,2029,30.6754501404905
Ukraine,UKR,2030,31.392473231143
Ukraine,UKR,2031,31.9293368361124
Ukraine,UKR,2032,32.3365113632757
Ukraine,UKR,2033,32.6727730913974
Ukraine,UKR,2034,33.1999505162436
Ukraine,UKR,2035,34.0221199889951
Ukraine,UKR,2036,34.6042383559393
Ukraine,UKR,2037,34.9816300281459
Ukraine,UKR,2038,35.3384215753565
Ukraine,UKR,2039,35.8414214007244
Ukraine,UKR,2040,36.557604361862
Ukraine,UKR,2041,37.3013470871681
Ukraine,UKR,2042,38.0533276299066
Ukraine,UKR,2043,38.8445415522868
Ukraine,UKR,2044,39.7543698483322
Ukraine,UKR,2045,40.7940008534993
Ukraine,UKR,2046,41.9520979713778
Ukraine,UKR,2047,43.2072501797911
Ukraine,UKR,2048,44.6716491803377
Ukraine,UKR,2049,46.2510808554154
Ukraine,UKR,2050,47.8232291306364
United Kingdom,GBR,2000,24.3798919178771
United Kingdom,GBR,2001,24.3222603622768
United Kingdom,GBR,2002,24.2949023425826
United Kingdom,GBR,2003,24.2919216881843
United Kingdom,GBR,2004,24.2947848045532
United Kingdom,GBR,2005,24.2283963922568
United Kingdom,GBR,2006,24.11995306204
United Kingdom,GBR,2007,24.1072449980886
United Kingdom,GBR,2008,24.2466529753894
United Kingdom,GBR,2009,24.5034007984281
United Kingdom,GBR,2010,24.7915439530878
United Kingdom,GBR,2011,25.2596313867542
United Kingdom,GBR,2012,26.0082203536055
United Kingdom,GBR,2013,26.7118015334454
United Kingdom,GBR,2014,27.2278757927975
United Kingdom,GBR,2015,27.6148260360841
United Kingdom,GBR,2016,27.9357658563332
United Kingdom,GBR,2017,28.2812710267658
United Kingdom,GBR,2018,28.6623382707267
United Kingdom,GBR,2019,29.0585517302394
United Kingdom,GBR,2020,29.3337810451412
United Kingdom,GBR,2021,29.503015999012
United Kingdom,GBR,2022,29.8395141244777
United Kingdom,GBR,2023,30.3666932322808
United Kingdom,GBR,2024,30.797930216115
United Kingdom,GBR,2025,31.1099081064582
United Kingdom,GBR,2026,31.4768238018682
United Kingdom,GBR,2027,31.8793814223972
United Kingdom,GBR,2028,32.2868099297945
United Kingdom,GBR,2029,32.7238074512861
United Kingdom,GBR,2030,33.2149341660554
United Kingdom,GBR,2031,33.7110660588173
United Kingdom,GBR,2032,34.22114525269
United Kingdom,GBR,2033,34.7609055891921
United Kingdom,GBR,2034,35.3262845246792
United Kingdom,GBR,2035,35.8474757410612
United Kingdom,GBR,2036,36.3478952266016
United Kingdom,GBR,2037,36.8991448915455
United Kingdom,GBR,2038,37.3578618978454
United Kingdom,GBR,2039,37.6861555726434
United Kingdom,GBR,2040,37.9415529497716
United Kingdom,GBR,2041,38.1385866043306
United Kingdom,GBR,2042,38.2937787882798
United Kingdom,GBR,2043,38.4426829876335
United Kingdom,GBR,2044,38.6659183642955
United Kingdom,GBR,2045,39.0249942328369
United Kingdom,GBR,2046,39.4291951373167
United Kingdom,GBR,2047,39.8213337723444
United Kingdom,GBR,2048,40.1958017140103
United Kingdom,GBR,2049,40.5402913211917
United Kingdom,GBR,2050,40.9490993350539
United States,USA,2000,18.2830920355624
United States,USA,2001,18.1676411697448
United States,USA,2002,18.079339479754
United States,USA,2003,18.0184918687108
United States,USA,2004,17.9845813057707
United States,USA,2005,17.9650845675822
United States,USA,2006,18.0083520321117
United States,USA,2007,18.1910875918401
United States,USA,2008,18.4701116102864
United States,USA,2009,18.7656318387163
United States,USA,2010,19.0418602918717
United States,USA,2011,19.4049704326596
United States,USA,2012,19.9302813481993
United States,USA,2013,20.4832954786701
United States,USA,2014,21.0076984789637
United States,USA,2015,21.5197560097866
United States,USA,2016,22.0373347242252
United States,USA,2017,22.5932964007972
United States,USA,2018,23.1963174147476
United States,USA,2019,23.8484502578743
United States,USA,2020,24.5240793444043
United States,USA,2021,25.1969128616528
United States,USA,2022,25.9509136030074
United States,USA,2023,26.829104167511
United States,USA,2024,27.6905731148421
United States,USA,2025,28.5012566002895
United States,USA,2026,29.3198091856531
United States,USA,2027,30.1120150491227
United States,USA,2028,30.8501370520846
United States,USA,2029,31.541414286395
United States,USA,2030,32.1491775769041
United States,USA,2031,32.6524562097841
United States,USA,2032,33.0831090589521
United States,USA,2033,33.4734563618639
United States,USA,2034,33.869216556842
United States,USA,2035,34.3193915786909
United States,USA,2036,34.7562384707385
United States,USA,2037,35.0539248144338
United States,USA,2038,35.2358248603405
United States,USA,2039,35.3882680197729
United States,USA,2040,35.5304508037291
United States,USA,2041,35.6633052734366
United States,USA,2042,35.8267658148115
United States,USA,2043,36.0225917920585
United States,USA,2044,36.2472659310509
United States,USA,2045,36.5165598619683
United States,USA,2046,36.8025029118832
United States,USA,2047,37.0908291584177
United States,USA,2048,37.3687419112557
United States,USA,2049,37.6300366014915
United States,USA,2050,37.8976661473023
Uruguay,URY,2000,20.8758442656479
Uruguay,URY,2001,21.0906289528941
Uruguay,URY,2002,21.3003138836607
Uruguay,URY,2003,21.4725747864132
Uruguay,URY,2004,21.6107125702816
Uruguay,URY,2005,21.7625829560256
Uruguay,URY,2006,21.9192621211696
Uruguay,URY,2007,22.0429118582073
Uruguay,URY,2008,22.1480020230251
Uruguay,URY,2009,22.2450533160097
Uruguay,URY,2010,22.3343152741607
Uruguay,URY,2011,22.4067766224453
Uruguay,URY,2012,22.4842471407393
Uruguay,URY,2013,22.5707155713155
Uruguay,URY,2014,22.6510152838327
Uruguay,URY,2015,22.7409882857073
Uruguay,URY,2016,22.8498896541761
Uruguay,URY,2017,22.9867139174726
Uruguay,URY,2018,23.169081543568
Uruguay,URY,2019,23.3802318354749
Uruguay,URY,2020,23.6267185294577
Uruguay,URY,2021,23.7906310119016
Uruguay,URY,2022,23.9030382819188
Uruguay,URY,2023,24.141051065381
Uruguay,URY,2024,24.4361189659018
Uruguay,URY,2025,24.7365942840522
Uruguay,URY,2026,25.0665466682742
Uruguay,URY,2027,25.4263562421383
Uruguay,URY,2028,25.8075490761479
Uruguay,URY,2029,26.192686212188
Uruguay,URY,2030,26.5607195653221
Uruguay,URY,2031,26.9176555650634
Uruguay,URY,2032,27.2775336748549
Uruguay,URY,2033,27.6532027656544
Uruguay,URY,2034,28.0573741035296
Uruguay,URY,2035,28.4903811531868
Uruguay,URY,2036,28.9470714569275
Uruguay,URY,2037,29.4308687567115
Uruguay,URY,2038,29.9718213722797
Uruguay,URY,2039,30.6144800474429
Uruguay,URY,2040,31.3609394018512
Uruguay,URY,2041,32.1582857730236
Uruguay,URY,2042,32.9269691687395
Uruguay,URY,2043,33.6381886710248
Uruguay,URY,2044,34.2848395422905
Uruguay,URY,2045,34.8390944145745
Uruguay,URY,2046,35.3369047926155
Uruguay,URY,2047,35.8354868149287
Uruguay,URY,2048,36.3492678421511
Uruguay,URY,2049,36.8802524274864
Uruguay,URY,2050,37.4449300438604
Uzbekistan,UZB,2000,7.88662046120199
Uzbekistan,UZB,2001,7.93993211732328
Uzbekistan,UZB,2002,7.99223170799464
Uzbekistan,UZB,2003,8.03438143076945
Uzbekistan,UZB,2004,8.03288899004115
Uzbekistan,UZB,2005,7.96876318024421
Uzbekistan,UZB,2006,7.85510703573454
Uzbekistan,UZB,2007,7.71135381218929
Uzbekistan,UZB,2008,7.5541040690314
Uzbekistan,UZB,2009,7.39515637059983
Uzbekistan,UZB,2010,7.24213387862935
Uzbekistan,UZB,2011,7.1061702149563
Uzbekistan,UZB,2012,7.00348813359023
Uzbekistan,UZB,2013,6.94910262544115
Uzbekistan,UZB,2014,6.95296292905746
Uzbekistan,UZB,2015,7.06177865862771
Uzbekistan,UZB,2016,7.24973578844503
Uzbekistan,UZB,2017,7.45568703877968
Uzbekistan,UZB,2018,7.68744806774157
Uzbekistan,UZB,2019,7.94114323959564
Uzbekistan,UZB,2020,8.17273596349438
Uzbekistan,UZB,2021,8.39902174187035
Uzbekistan,UZB,2022,8.67934844160145
Uzbekistan,UZB,2023,8.97791652929865
Uzbekistan,UZB,2024,9.30402099021851
Uzbekistan,UZB,2025,9.68916536710264
Uzbekistan,UZB,2026,10.1062358864211
Uzbekistan,UZB,2027,10.5401577537621
Uzbekistan,UZB,2028,10.9608694134533
Uzbekistan,UZB,2029,11.3479560044769
Uzbekistan,UZB,2030,11.708438627547
Uzbekistan,UZB,2031,12.0350097883645
Uzbekistan,UZB,2032,12.325580571867
Uzbekistan,UZB,2033,12.5724859025198
Uzbekistan,UZB,2034,12.7780090932415
Uzbekistan,UZB,2035,12.962208468242
Uzbekistan,UZB,2036,13.1301393241177
Uzbekistan,UZB,2037,13.2892681869738
Uzbekistan,UZB,2038,13.4453557733277
Uzbekistan,UZB,2039,13.606480925086
Uzbekistan,UZB,2040,13.7792208714217
Uzbekistan,UZB,2041,13.959817422395
Uzbekistan,UZB,2042,14.1471136092208
Uzbekistan,UZB,2043,14.3360246249955
Uzbekistan,UZB,2044,14.538954205603
Uzbekistan,UZB,2045,14.7710151511274
Uzbekistan,UZB,2046,15.0283122352048
Uzbekistan,UZB,2047,15.3160323708264
Uzbekistan,UZB,2048,15.6474654267989
Uzbekistan,UZB,2049,16.0390926067661
Uzbekistan,UZB,2050,16.4880293761106
Vietnam,VNM,2000,9.57175377051991
Vietnam,VNM,2001,9.56538836696657
Vietnam,VNM,2002,9.54771614880354
Vietnam,VNM,2003,9.51516339120472
Vietnam,VNM,2004,9.45908325131985
Vietnam,VNM,2005,9.38184067333591
Vietnam,VNM,2006,9.25843867240816
Vietnam,VNM,2007,9.10157466530023
Vietnam,VNM,2008,8.93118360602563
Vietnam,VNM,2009,8.78945818300127
Vietnam,VNM,2010,8.71692164459598
Vietnam,VNM,2011,8.68441456525812
Vietnam,VNM,2012,8.71420239438335
Vietnam,VNM,2013,8.82149252656302
Vietnam,VNM,2014,9.00723862746086
Vietnam,VNM,2015,9.27417992736107
Vietnam,VNM,2016,9.54207774357747
Vietnam,VNM,2017,9.8350269066046
Vietnam,VNM,2018,10.201775794375
Vietnam,VNM,2019,10.629230593085
Vietnam,VNM,2020,11.1211352293981
Vietnam,VNM,2021,11.6108537735214
Vietnam,VNM,2022,12.1324364656354
Vietnam,VNM,2023,12.7206521797624
Vietnam,VNM,2024,13.3579535353205
Vietnam,VNM,2025,14.0349059014874
Vietnam,VNM,2026,14.6440245305254
Vietnam,VNM,2027,15.224860689711
Vietnam,VNM,2028,15.8857047868039
Vietnam,VNM,2029,16.5921234405412
Vietnam,VNM,2030,17.2745442762179
Vietnam,VNM,2031,17.8860990796074
Vietnam,VNM,2032,18.4519605366176
Vietnam,VNM,2033,19.0618611692279
Vietnam,VNM,2034,19.7373881882167
Vietnam,VNM,2035,20.4091906945605
Vietnam,VNM,2036,21.0723094568075
Vietnam,VNM,2037,21.7481179822731
Vietnam,VNM,2038,22.3862040660398
Vietnam,VNM,2039,22.985124902352
Vietnam,VNM,2040,23.6245046425637
Vietnam,VNM,2041,24.308326415573
Vietnam,VNM,2042,24.971035258927
Vietnam,VNM,2043,25.6219557209832
Vietnam,VNM,2044,26.3210906476153
Vietnam,VNM,2045,27.033405890068
Vietnam,VNM,2046,27.7512801316737
Vietnam,VNM,2047,28.5994909513612
Vietnam,VNM,2048,29.5909896888388
Vietnam,VNM,2049,30.6630017444708
Vietnam,VNM,2050,31.7419318777704
