Country,ISO3,Year,Dependency_Ratio
Andorra,AND,2000,38.2609244758777
Andorra,AND,2001,38.9898478228751
Andorra,AND,2002,39.5564042303173
Andorra,AND,2003,38.8803389762757
Andorra,AND,2004,37.3267802372418
Andorra,AND,2005,36.7306571534535
Andorra,AND,2006,36.5890914083685
Andorra,AND,2007,36.3435022980084
Andorra,AND,2008,36.443115338105
Andorra,AND,2009,37.0265105110991
Andorra,AND,2010,38.3349616907492
Andorra,AND,2011,39.2481203007519
Andorra,AND,2012,39.2727668213457
Andorra,AND,2013,39.4617752884009
Andorra,AND,2014,39.5371281507834
Andorra,AND,2015,39.3616405028095
Andorra,AND,2016,39.1038735787242
Andorra,AND,2017,38.7983591750715
Andorra,AND,2018,38.3256344663857
Andorra,AND,2019,38.0123080254823
Andorra,AND,2020,38.1539010890912
Argentina,ARG,2000,60.8399424011737
Argentina,ARG,2001,60.442088771688
Argentina,ARG,2002,60.0100181534326
Argentina,ARG,2003,59.5157720560259
Argentina,ARG,2004,58.9908808603745
Argentina,ARG,2005,58.4885317167095
Argentina,ARG,2006,58.0003526705021
Argentina,ARG,2007,57.5050434620378
Argentina,ARG,2008,57.0741876732807
Argentina,ARG,2009,56.735685768345
Argentina,ARG,2010,56.452142111234
Argentina,ARG,2011,56.2739537637124
Argentina,ARG,2012,56.1467747951315
Argentina,ARG,2013,56.0487044709811
Argentina,ARG,2014,56.0256427923844
Argentina,ARG,2015,56.0522891497333
Argentina,ARG,2016,56.0461721346243
Argentina,ARG,2017,55.9728015245357
Argentina,ARG,2018,55.8529254060554
Argentina,ARG,2019,55.5931801951266
Argentina,ARG,2020,55.0207968902513
Armenia,ARM,2000,54.813388611356
Armenia,ARM,2001,52.4889483731996
Armenia,ARM,2002,51.0703531395798
Armenia,ARM,2003,50.0136226039065
Armenia,ARM,2004,48.9919306433595
Armenia,ARM,2005,47.8193074702708
Armenia,ARM,2006,46.4862231466127
Armenia,ARM,2007,45.1305540220802
Armenia,ARM,2008,44.0261431322025
Armenia,ARM,2009,43.2941291937252
Armenia,ARM,2010,42.9172236658305
Armenia,ARM,2011,42.8588952887091
Armenia,ARM,2012,43.1066653605776
Armenia,ARM,2013,43.5955735295585
Armenia,ARM,2014,44.220347328995
Armenia,ARM,2015,45.0074829961521
Armenia,ARM,2016,45.9130890185114
Armenia,ARM,2017,46.8188831337656
Armenia,ARM,2018,47.4127303230816
Armenia,ARM,2019,47.8107543362811
Armenia,ARM,2020,48.1754870679756
Australia,AUS,2000,49.4598371499961
Australia,AUS,2001,49.286835461901
Australia,AUS,2002,49.0739278664306
Australia,AUS,2003,48.8445617344122
Australia,AUS,2004,48.6497650677502
Australia,AUS,2005,48.4752997933678
Australia,AUS,2006,48.3296763998251
Australia,AUS,2007,48.2183232721235
Australia,AUS,2008,48.1253903251165
Australia,AUS,2009,48.1482571709664
Australia,AUS,2010,48.3638611109409
Australia,AUS,2011,48.7682383229883
Australia,AUS,2012,49.3289726898378
Australia,AUS,2013,49.9243673123919
Australia,AUS,2014,50.4910608998852
Australia,AUS,2015,51.0633010294012
Australia,AUS,2016,51.6034455745862
Australia,AUS,2017,52.0424214921712
Australia,AUS,2018,52.4455151692804
Australia,AUS,2019,52.9197584315896
Australia,AUS,2020,53.6061246381616
Bangladesh,BGD,2000,68.8735107703625
Bangladesh,BGD,2001,67.829792240324
Bangladesh,BGD,2002,67.1451832030454
Bangladesh,BGD,2003,66.5127410987043
Bangladesh,BGD,2004,65.873127608104
Bangladesh,BGD,2005,65.1910648619481
Bangladesh,BGD,2006,64.524039740509
Bangladesh,BGD,2007,63.9122837398699
Bangladesh,BGD,2008,63.3356883947747
Bangladesh,BGD,2009,62.7031938906288
Bangladesh,BGD,2010,61.9686828582303
Bangladesh,BGD,2011,61.0979549461299
Bangladesh,BGD,2012,60.0398362395264
Bangladesh,BGD,2013,58.8576060722821
Bangladesh,BGD,2014,57.6363999788042
Bangladesh,BGD,2015,56.4576539922494
Bangladesh,BGD,2016,55.3718768318608
Bangladesh,BGD,2017,54.6436395397794
Bangladesh,BGD,2018,54.3273751721014
Bangladesh,BGD,2019,54.1751879343991
Bangladesh,BGD,2020,54.0679893713504
Bolivia,BOL,2000,76.3336649111143
Bolivia,BOL,2001,75.682735506341
Bolivia,BOL,2002,74.8379179638206
Bolivia,BOL,2003,73.8265836537673
Bolivia,BOL,2004,72.7282553866109
Bolivia,BOL,2005,71.5807768757071
Bolivia,BOL,2006,70.4318320212529
Bolivia,BOL,2007,69.3299621042665
Bolivia,BOL,2008,68.2874899484743
Bolivia,BOL,2009,67.2985565884859
Bolivia,BOL,2010,66.3579351859945
Bolivia,BOL,2011,65.4432668246454
Bolivia,BOL,2012,64.5576422442095
Bolivia,BOL,2013,63.667311881399
Bolivia,BOL,2014,62.727121369388
Bolivia,BOL,2015,61.8121001966183
Bolivia,BOL,2016,60.9743711428497
Bolivia,BOL,2017,60.1913809522196
Bolivia,BOL,2018,59.4399552784395
Bolivia,BOL,2019,58.713758032825
Bolivia,BOL,2020,57.9125889872922
Brazil,BRA,2000,53.9320341342569
Brazil,BRA,2001,52.8183017276819
Brazil,BRA,2002,51.7532497132855
Brazil,BRA,2003,50.7500013938033
Brazil,BRA,2004,49.832060271032
Brazil,BRA,2005,49.0129699418087
Brazil,BRA,2006,48.2684711339596
Brazil,BRA,2007,47.5826124507755
Brazil,BRA,2008,46.9295922668047
Brazil,BRA,2009,46.3061674570182
Brazil,BRA,2010,45.7187256688073
Brazil,BRA,2011,45.1609994407706
Brazil,BRA,2012,44.6429009356262
Brazil,BRA,2013,44.1751173479507
Brazil,BRA,2014,43.8183703322034
Brazil,BRA,2015,43.5935934449924
Brazil,BRA,2016,43.4398109123601
Brazil,BRA,2017,43.3713300884192
Brazil,BRA,2018,43.4316522323209
Brazil,BRA,2019,43.5397483001089
Brazil,BRA,2020,43.586067027448
Canada,CAN,2000,46.505468173978
Canada,CAN,2001,46.0490993934186
Canada,CAN,2002,45.6162132930749
Canada,CAN,2003,45.224975652383
Canada,CAN,2004,44.8239663324754
Canada,CAN,2005,44.4124530492161
Canada,CAN,2006,44.1056701402663
Canada,CAN,2007,43.9728341323754
Canada,CAN,2008,43.979810181512
Canada,CAN,2009,44.0683296307463
Canada,CAN,2010,44.2426034732426
Canada,CAN,2011,44.6166392924826
Canada,CAN,2012,45.2394993555654
Canada,CAN,2013,45.9856719197967
Canada,CAN,2014,46.7656650331144
Canada,CAN,2015,47.58596316024
Canada,CAN,2016,48.3895082605836
Canada,CAN,2017,49.0981143135691
Canada,CAN,2018,49.733479510056
Canada,CAN,2019,50.4105729188803
Canada,CAN,2020,51.1983504754589
Chile,CHL,2000,53.8239099418384
Chile,CHL,2001,53.1628122502133
Chile,CHL,2002,52.4079963740217
Chile,CHL,2003,51.5482417436611
Chile,CHL,2004,50.6197973954189
Chile,CHL,2005,49.6636024989372
Chile,CHL,2006,48.7080013399686
Chile,CHL,2007,47.848284266754
Chile,CHL,2008,47.1414138519081
Chile,CHL,2009,46.5631224830338
Chile,CHL,2010,46.0720549966286
Chile,CHL,2011,45.6658086015598
Chile,CHL,2012,45.3921644620775
Chile,CHL,2013,45.2602643872248
Chile,CHL,2014,45.2518120502398
Chile,CHL,2015,45.3254058695677
Chile,CHL,2016,45.3579053946093
Chile,CHL,2017,45.2413877408172
Chile,CHL,2018,45.0787301205063
Chile,CHL,2019,44.9884626222266
Chile,CHL,2020,45.0108226842024
China,CHN,2000,46.1167405203608
China,CHN,2001,44.9693136545846
China,CHN,2002,43.533674132168
China,CHN,2003,42.0909788399502
China,CHN,2004,40.6938368166364
China,CHN,2005,39.2449238610193
China,CHN,2006,38.2094413932748
China,CHN,2007,37.7081137948543
China,CHN,2008,37.4043264852973
China,CHN,2009,37.2567349884096
China,CHN,2010,37.2410832935716
China,CHN,2011,37.3648666288389
China,CHN,2012,37.7155563230657
China,CHN,2013,38.2392971679035
China,CHN,2014,38.8789249288739
China,CHN,2015,39.6093613191235
China,CHN,2016,40.4406557797685
China,CHN,2017,41.5109449386089
China,CHN,2018,42.5408726929072
China,CHN,2019,43.3873633674887
China,CHN,2020,44.0923748389161
Colombia,COL,2000,58.8133450075626
Colombia,COL,2001,58.0417440141025
Colombia,COL,2002,57.2531377173269
Colombia,COL,2003,56.4598488466286
Colombia,COL,2004,55.627862918277
Colombia,COL,2005,54.7328219349991
Colombia,COL,2006,53.7823960554323
Colombia,COL,2007,52.7988866682066
Colombia,COL,2008,51.8190453645652
Colombia,COL,2009,50.8541482322295
Colombia,COL,2010,49.928044960482
Colombia,COL,2011,49.0726865317542
Colombia,COL,2012,48.2742067097504
Colombia,COL,2013,47.4997948976283
Colombia,COL,2014,46.8044174276503
Colombia,COL,2015,46.1958678527108
Colombia,COL,2016,45.5697969538474
Colombia,COL,2017,44.8394758378985
Colombia,COL,2018,44.0866022098027
Colombia,COL,2019,43.4989256841647
Colombia,COL,2020,43.1205471111852
Cyprus,CYP,2000,47.5479465278275
Cyprus,CYP,2001,46.5566015508024
Cyprus,CYP,2002,45.8164578213726
Cyprus,CYP,2003,45.1491583704099
Cyprus,CYP,2004,44.323545634102
Cyprus,CYP,2005,43.3855082732175
Cyprus,CYP,2006,42.4094390563105
Cyprus,CYP,2007,41.4812391931976
Cyprus,CYP,2008,40.6615706533581
Cyprus,CYP,2009,39.9857916008929
Cyprus,CYP,2010,39.4796855753486
Cyprus,CYP,2011,39.2263750889524
Cyprus,CYP,2012,39.2271879595769
Cyprus,CYP,2013,39.3425836453323
Cyprus,CYP,2014,39.5330557690566
Cyprus,CYP,2015,39.821643139521
Cyprus,CYP,2016,40.2003427063831
Cyprus,CYP,2017,40.6130010482004
Cyprus,CYP,2018,41.0263211340384
Cyprus,CYP,2019,41.4645489568307
Cyprus,CYP,2020,41.9656883212308
Czechia,CZE,2000,43.3124778062693
Czechia,CZE,2001,42.5829572656062
Czechia,CZE,2002,41.8905086615567
Czechia,CZE,2003,41.232284481833
Czechia,CZE,2004,40.7022236719591
Czechia,CZE,2005,40.3846714345027
Czechia,CZE,2006,40.2500196562795
Czechia,CZE,2007,40.3686281575802
Czechia,CZE,2008,40.8263492689023
Czechia,CZE,2009,41.5983684904551
Czechia,CZE,2010,42.5753401685329
Czechia,CZE,2011,43.8657197049133
Czechia,CZE,2012,45.474711089563
Czechia,CZE,2013,47.0766511876963
Czechia,CZE,2014,48.5926586211395
Czechia,CZE,2015,50.0836370757165
Czechia,CZE,2016,51.6066775434751
Czechia,CZE,2017,53.1389365450804
Czechia,CZE,2018,54.5796531953634
Czechia,CZE,2019,55.9088220310965
Czechia,CZE,2020,56.9779595499788
Ecuador,ECU,2000,66.9348710719178
Ecuador,ECU,2001,66.2009487458404
Ecuador,ECU,2002,65.4745237834949
Ecuador,ECU,2003,64.7316316792424
Ecuador,ECU,2004,63.9446288913912
Ecuador,ECU,2005,63.1110273929274
Ecuador,ECU,2006,62.2389599111299
Ecuador,ECU,2007,61.3572216524124
Ecuador,ECU,2008,60.5461378972526
Ecuador,ECU,2009,59.8443555770608
Ecuador,ECU,2010,59.1736758555771
Ecuador,ECU,2011,58.4860330435279
Ecuador,ECU,2012,57.7889537361529
Ecuador,ECU,2013,57.0580201827907
Ecuador,ECU,2014,56.2912618898864
Ecuador,ECU,2015,55.4920102822515
Ecuador,ECU,2016,54.6259320805851
Ecuador,ECU,2017,53.74041651825
Ecuador,ECU,2018,52.8957612402445
Ecuador,ECU,2019,52.1307937287794
Ecuador,ECU,2020,51.4133224072679
"Egypt, Arab Rep.",EGY,2000,69.3934549848784
"Egypt, Arab Rep.",EGY,2001,67.9402422543577
"Egypt, Arab Rep.",EGY,2002,66.5601461970724
"Egypt, Arab Rep.",EGY,2003,65.2038092373218
"Egypt, Arab Rep.",EGY,2004,63.9117037732315
"Egypt, Arab Rep.",EGY,2005,62.7803568410348
"Egypt, Arab Rep.",EGY,2006,61.8838704393503
"Egypt, Arab Rep.",EGY,2007,61.265715476536
"Egypt, Arab Rep.",EGY,2008,60.9075568307342
"Egypt, Arab Rep.",EGY,2009,60.7595365780542
"Egypt, Arab Rep.",EGY,2010,60.8163918784867
"Egypt, Arab Rep.",EGY,2011,60.9062133572649
"Egypt, Arab Rep.",EGY,2012,61.0406937301322
"Egypt, Arab Rep.",EGY,2013,61.261463210988
"Egypt, Arab Rep.",EGY,2014,61.5419614141439
"Egypt, Arab Rep.",EGY,2015,61.9778656218534
"Egypt, Arab Rep.",EGY,2016,62.3353502105713
"Egypt, Arab Rep.",EGY,2017,62.5250399173232
"Egypt, Arab Rep.",EGY,2018,62.4836024422364
"Egypt, Arab Rep.",EGY,2019,62.1682059377755
"Egypt, Arab Rep.",EGY,2020,61.7215527133255
Ethiopia,ETH,2000,101.46430009787
Ethiopia,ETH,2001,101.754115332976
Ethiopia,ETH,2002,101.674390682263
Ethiopia,ETH,2003,101.340739685498
Ethiopia,ETH,2004,100.865326232135
Ethiopia,ETH,2005,100.274720261847
Ethiopia,ETH,2006,99.5005779580924
Ethiopia,ETH,2007,98.4515480078218
Ethiopia,ETH,2008,97.173034670864
Ethiopia,ETH,2009,95.6889158629572
Ethiopia,ETH,2010,93.9987555506378
Ethiopia,ETH,2011,92.165961714092
Ethiopia,ETH,2012,90.2361319500354
Ethiopia,ETH,2013,88.2761548188989
Ethiopia,ETH,2014,86.3346598583257
Ethiopia,ETH,2015,84.4571795095968
Ethiopia,ETH,2016,82.662242576724
Ethiopia,ETH,2017,80.9854260551296
Ethiopia,ETH,2018,79.5179195732953
Ethiopia,ETH,2019,78.2497670217938
Ethiopia,ETH,2020,77.0532101922889
Germany,DEU,2000,47.3064908238215
Germany,DEU,2001,47.7886305160811
Germany,DEU,2002,48.208752521652
Germany,DEU,2003,48.658252887585
Germany,DEU,2004,49.2978926675002
Germany,DEU,2005,50.0417234262092
Germany,DEU,2006,50.8443822110813
Germany,DEU,2007,51.4612503536768
Germany,DEU,2008,51.8149987679722
Germany,DEU,2009,52.1578637771433
Germany,DEU,2010,52.117530215009
Germany,DEU,2011,51.7462351755806
Germany,DEU,2012,51.5805062735217
Germany,DEU,2013,51.6197490623175
Germany,DEU,2014,51.8321732192251
Germany,DEU,2015,52.1224069865761
Germany,DEU,2016,52.5820458594372
Germany,DEU,2017,53.258253101446
Germany,DEU,2018,53.8754552465607
Germany,DEU,2019,54.5379868593646
Germany,DEU,2020,55.295066596629
Greece,GRC,2000,48.9160603436348
Greece,GRC,2001,49.2575277803581
Greece,GRC,2002,49.6012356692461
Greece,GRC,2003,49.81394017461
Greece,GRC,2004,49.9237390044235
Greece,GRC,2005,49.9778663729531
Greece,GRC,2006,49.9652587360059
Greece,GRC,2007,49.9217313970267
Greece,GRC,2008,50.0289146353289
Greece,GRC,2009,50.4142717154432
Greece,GRC,2010,51.0371347687828
Greece,GRC,2011,51.8715656781089
Greece,GRC,2012,52.8110001674071
Greece,GRC,2013,53.7320344476507
Greece,GRC,2014,54.5221040368717
Greece,GRC,2015,55.1924638263983
Greece,GRC,2016,55.851580185391
Greece,GRC,2017,56.436632254429
Greece,GRC,2018,56.9000604480465
Greece,GRC,2019,57.2897286477691
Greece,GRC,2020,57.6385194008422
Guatemala,GTM,2000,90.7630641286588
Guatemala,GTM,2001,90.0103391570531
Guatemala,GTM,2002,89.0023823387477
Guatemala,GTM,2003,87.7262698847206
Guatemala,GTM,2004,86.2506893109682
Guatemala,GTM,2005,84.6598327799119
Guatemala,GTM,2006,82.9981312024304
Guatemala,GTM,2007,81.2868486815643
Guatemala,GTM,2008,79.5368201134386
Guatemala,GTM,2009,77.763131897951
Guatemala,GTM,2010,75.9881537818837
Guatemala,GTM,2011,74.2499171577809
Guatemala,GTM,2012,72.5972732426122
Guatemala,GTM,2013,71.0381612271972
Guatemala,GTM,2014,69.5871817440447
Guatemala,GTM,2015,68.2484082404697
Guatemala,GTM,2016,66.9557228820458
Guatemala,GTM,2017,65.7208767382211
Guatemala,GTM,2018,64.5800677559675
Guatemala,GTM,2019,63.4502854678952
Guatemala,GTM,2020,62.2054538401565
"Hong Kong SAR, China",HKG,2000,39.0656333453725
"Hong Kong SAR, China",HKG,2001,38.6766411349744
"Hong Kong SAR, China",HKG,2002,38.4463647277344
"Hong Kong SAR, China",HKG,2003,38.0817334272916
"Hong Kong SAR, China",HKG,2004,37.4809262568404
"Hong Kong SAR, China",HKG,2005,36.7124441593314
"Hong Kong SAR, China",HKG,2006,35.9303171528991
"Hong Kong SAR, China",HKG,2007,35.3261706448474
"Hong Kong SAR, China",HKG,2008,34.879274926486
"Hong Kong SAR, China",HKG,2009,34.4835513779318
"Hong Kong SAR, China",HKG,2010,34.0969873136484
"Hong Kong SAR, China",HKG,2011,33.9176147984305
"Hong Kong SAR, China",HKG,2012,34.2513115606412
"Hong Kong SAR, China",HKG,2013,34.9615930314556
"Hong Kong SAR, China",HKG,2014,35.8520759839574
"Hong Kong SAR, China",HKG,2015,36.8431246619414
"Hong Kong SAR, China",HKG,2016,37.9119773975191
"Hong Kong SAR, China",HKG,2017,39.128588937798
"Hong Kong SAR, China",HKG,2018,40.4021598941078
"Hong Kong SAR, China",HKG,2019,41.7143206606678
"Hong Kong SAR, China",HKG,2020,43.0664684402752
India,IND,2000,66.5658129376285
India,IND,2001,65.6393614041737
India,IND,2002,64.7352214074379
India,IND,2003,63.8360537864219
India,IND,2004,62.8827039448926
India,IND,2005,61.9081709086155
India,IND,2006,60.9024728456723
India,IND,2007,59.8780645451957
India,IND,2008,58.8878284434793
India,IND,2009,57.9164697840483
India,IND,2010,56.9435299366504
India,IND,2011,55.9876762675338
India,IND,2012,55.060078071414
India,IND,2013,54.1378376565175
India,IND,2014,53.2421090234343
India,IND,2015,52.3977058192572
India,IND,2016,51.5768937298059
India,IND,2017,50.7672033452389
India,IND,2018,50.0307900245271
India,IND,2019,49.3781313856783
India,IND,2020,48.725925362152
Indonesia,IDN,2000,55.8008907117312
Indonesia,IDN,2001,55.1131405443784
Indonesia,IDN,2002,54.5155741469321
Indonesia,IDN,2003,53.9272699970922
Indonesia,IDN,2004,53.3540032243905
Indonesia,IDN,2005,52.8815735759382
Indonesia,IDN,2006,52.4846088421651
Indonesia,IDN,2007,52.1311902636998
Indonesia,IDN,2008,51.796391603422
Indonesia,IDN,2009,51.4312184816146
Indonesia,IDN,2010,51.0659039313865
Indonesia,IDN,2011,50.7251147654356
Indonesia,IDN,2012,50.3950625185566
Indonesia,IDN,2013,50.043914325018
Indonesia,IDN,2014,49.6839805094095
Indonesia,IDN,2015,49.3596437927725
Indonesia,IDN,2016,49.0806241774761
Indonesia,IDN,2017,48.813317657578
Indonesia,IDN,2018,48.5572855648717
Indonesia,IDN,2019,48.3187310528364
Indonesia,IDN,2020,48.0216798448748
"Iran, Islamic Rep.",IRN,2000,60.6492581468016
"Iran, Islamic Rep.",IRN,2001,56.3422902016049
"Iran, Islamic Rep.",IRN,2002,52.8371003545029
"Iran, Islamic Rep.",IRN,2003,49.8293700066519
"Iran, Islamic Rep.",IRN,2004,47.0765649654044
"Iran, Islamic Rep.",IRN,2005,44.7919748324646
"Iran, Islamic Rep.",IRN,2006,42.9687321027924
"Iran, Islamic Rep.",IRN,2007,41.6366525331215
"Iran, Islamic Rep.",IRN,2008,40.7584832601421
"Iran, Islamic Rep.",IRN,2009,40.2589386476999
"Iran, Islamic Rep.",IRN,2010,40.0629628816199
"Iran, Islamic Rep.",IRN,2011,40.0885727340065
"Iran, Islamic Rep.",IRN,2012,40.2675281790404
"Iran, Islamic Rep.",IRN,2013,40.6107006323808
"Iran, Islamic Rep.",IRN,2014,41.2091454936804
"Iran, Islamic Rep.",IRN,2015,42.0407182749515
"Iran, Islamic Rep.",IRN,2016,42.8934477448489
"Iran, Islamic Rep.",IRN,2017,43.6705219756192
"Iran, Islamic Rep.",IRN,2018,44.3383750252204
"Iran, Islamic Rep.",IRN,2019,44.7786947808427
"Iran, Islamic Rep.",IRN,2020,44.9349216202493
Iraq,IRQ,2000,87.8154980028886
Iraq,IRQ,2001,87.1176985817565
Iraq,IRQ,2002,86.3837568242254
Iraq,IRQ,2003,85.6149589152962
Iraq,IRQ,2004,84.801227903648
Iraq,IRQ,2005,83.8874965724331
Iraq,IRQ,2006,82.9311075666823
Iraq,IRQ,2007,81.984975135042
Iraq,IRQ,2008,81.0306304495879
Iraq,IRQ,2009,80.1148477417428
Iraq,IRQ,2010,79.3452096647587
Iraq,IRQ,2011,78.8269184426333
Iraq,IRQ,2012,78.4084376059728
Iraq,IRQ,2013,77.9595494709507
Iraq,IRQ,2014,77.4322732901079
Iraq,IRQ,2015,76.7457689966644
Iraq,IRQ,2016,75.941151388931
Iraq,IRQ,2017,75.0599077602728
Iraq,IRQ,2018,74.1065293195781
Iraq,IRQ,2019,73.0951419263335
Iraq,IRQ,2020,71.9840510727635
Ireland,IRL,2000,49.1855936825044
Ireland,IRL,2001,48.2896367937699
Ireland,IRL,2002,47.5612657714796
Ireland,IRL,2003,47.1541931452612
Ireland,IRL,2004,46.8096917014581
Ireland,IRL,2005,46.2404537484022
Ireland,IRL,2006,45.4699838177237
Ireland,IRL,2007,45.0913998816561
Ireland,IRL,2008,45.5578463161533
Ireland,IRL,2009,46.6772507032488
Ireland,IRL,2010,48.0748648862785
Ireland,IRL,2011,49.4173482756641
Ireland,IRL,2012,50.5369478087777
Ireland,IRL,2013,51.3979987426655
Ireland,IRL,2014,52.0464573784336
Ireland,IRL,2015,52.5046737823192
Ireland,IRL,2016,52.7774618565246
Ireland,IRL,2017,52.9415900509117
Ireland,IRL,2018,53.0287315034168
Ireland,IRL,2019,53.037163393321
Ireland,IRL,2020,53.0535763132357
Japan,JPN,2000,46.6755835541567
Japan,JPN,2001,47.6058531225117
Japan,JPN,2002,48.5344482614523
Japan,JPN,2003,49.3482801823691
Japan,JPN,2004,50.2932483497693
Japan,JPN,2005,51.5938532384092
Japan,JPN,2006,53.0146521815892
Japan,JPN,2007,54.3702199499157
Japan,JPN,2008,55.7290109699313
Japan,JPN,2009,56.7866882497385
Japan,JPN,2010,57.4033595360909
Japan,JPN,2011,58.5847537839962
Japan,JPN,2012,60.5362463320268
Japan,JPN,2013,62.6073022231989
Japan,JPN,2014,64.4653380797358
Japan,JPN,2015,66.0229941997136
Japan,JPN,2016,67.3227876016443
Japan,JPN,2017,68.3095186249903
Japan,JPN,2018,69.0229537254226
Japan,JPN,2019,69.4781102585107
Japan,JPN,2020,69.8915691054857
Jordan,JOR,2000,74.6577652007628
Jordan,JOR,2001,74.1750913098606
Jordan,JOR,2002,73.5852701497681
Jordan,JOR,2003,72.9213352868632
Jordan,JOR,2004,72.0805558009737
Jordan,JOR,2005,71.1118691378464
Jordan,JOR,2006,69.9743056631736
Jordan,JOR,2007,68.7451509325163
Jordan,JOR,2008,67.5290383241406
Jordan,JOR,2009,66.3429597590715
Jordan,JOR,2010,65.1507679340976
Jordan,JOR,2011,64.0154314863275
Jordan,JOR,2012,62.9972385245377
Jordan,JOR,2013,62.3084954646161
Jordan,JOR,2014,62.0603171156438
Jordan,JOR,2015,61.6234808949505
Jordan,JOR,2016,60.9582989168769
Jordan,JOR,2017,60.338812839042
Jordan,JOR,2018,59.6400832936228
Jordan,JOR,2019,58.8802726956431
Jordan,JOR,2020,58.0792660970113
Kazakhstan,KAZ,2000,52.2757413139262
Kazakhstan,KAZ,2001,50.8892902127798
Kazakhstan,KAZ,2002,49.7152750119888
Kazakhstan,KAZ,2003,48.7928716446465
Kazakhstan,KAZ,2004,48.1439017104514
Kazakhstan,KAZ,2005,47.6883857087747
Kazakhstan,KAZ,2006,47.3570026780758
Kazakhstan,KAZ,2007,47.1117272482949
Kazakhstan,KAZ,2008,46.935658443208
Kazakhstan,KAZ,2009,46.7707877522094
Kazakhstan,KAZ,2010,46.7914967905944
Kazakhstan,KAZ,2011,47.2918702077932
Kazakhstan,KAZ,2012,48.2666123385578
Kazakhstan,KAZ,2013,49.5309872731953
Kazakhstan,KAZ,2014,50.9797084009508
Kazakhstan,KAZ,2015,52.5207605589946
Kazakhstan,KAZ,2016,54.0318746567256
Kazakhstan,KAZ,2017,55.4148033056512
Kazakhstan,KAZ,2018,56.5235626212407
Kazakhstan,KAZ,2019,57.4655912088719
Kazakhstan,KAZ,2020,58.3765163228774
Kenya,KEN,2000,93.443539036463
Kenya,KEN,2001,91.9471681010166
Kenya,KEN,2002,90.529323120014
Kenya,KEN,2003,89.2589452128438
Kenya,KEN,2004,88.0596805503126
Kenya,KEN,2005,87.0486694098986
Kenya,KEN,2006,86.2372874684245
Kenya,KEN,2007,85.6322010455064
Kenya,KEN,2008,85.1410633733896
Kenya,KEN,2009,84.6712694841881
Kenya,KEN,2010,84.2201054386438
Kenya,KEN,2011,83.6955084873518
Kenya,KEN,2012,83.0105706556118
Kenya,KEN,2013,82.1267476397034
Kenya,KEN,2014,81.121499936462
Kenya,KEN,2015,79.9924124841202
Kenya,KEN,2016,78.6364414112252
Kenya,KEN,2017,77.1603826189851
Kenya,KEN,2018,75.7364230190387
Kenya,KEN,2019,74.2639405667526
Kenya,KEN,2020,72.6322381007686
"Korea, Rep.",KOR,2000,39.0262683255652
"Korea, Rep.",KOR,2001,39.2824564341745
"Korea, Rep.",KOR,2002,39.4441496233333
"Korea, Rep.",KOR,2003,39.5292757742813
"Korea, Rep.",KOR,2004,39.525917627204
"Korea, Rep.",KOR,2005,39.3635610064232
"Korea, Rep.",KOR,2006,39.1149684167156
"Korea, Rep.",KOR,2007,38.8293844819969
"Korea, Rep.",KOR,2008,38.4354178916179
"Korea, Rep.",KOR,2009,38.033861912487
"Korea, Rep.",KOR,2010,37.7039074846602
"Korea, Rep.",KOR,2011,37.2547574179042
"Korea, Rep.",KOR,2012,36.7828795943106
"Korea, Rep.",KOR,2013,36.5342930887925
"Korea, Rep.",KOR,2014,36.4720410483292
"Korea, Rep.",KOR,2015,36.4601267455493
"Korea, Rep.",KOR,2016,36.4600654674078
"Korea, Rep.",KOR,2017,36.7793132181662
"Korea, Rep.",KOR,2018,37.299629534955
"Korea, Rep.",KOR,2019,37.8813882499402
"Korea, Rep.",KOR,2020,38.7671326866112
Kyrgyz Republic,KGZ,2000,68.2006776290059
Kyrgyz Republic,KGZ,2001,66.4224942005393
Kyrgyz Republic,KGZ,2002,64.629398596988
Kyrgyz Republic,KGZ,2003,62.9832482972312
Kyrgyz Republic,KGZ,2004,61.5008882259052
Kyrgyz Republic,KGZ,2005,60.1019662934415
Kyrgyz Republic,KGZ,2006,58.648586037128
Kyrgyz Republic,KGZ,2007,57.0648841045437
Kyrgyz Republic,KGZ,2008,55.3380271036174
Kyrgyz Republic,KGZ,2009,53.8306951096295
Kyrgyz Republic,KGZ,2010,53.1417387548341
Kyrgyz Republic,KGZ,2011,53.4057116432203
Kyrgyz Republic,KGZ,2012,54.4404735783782
Kyrgyz Republic,KGZ,2013,55.6741442388454
Kyrgyz Republic,KGZ,2014,56.9069819836574
Kyrgyz Republic,KGZ,2015,58.150156918583
Kyrgyz Republic,KGZ,2016,59.0639463884673
Kyrgyz Republic,KGZ,2017,59.488277666114
Kyrgyz Republic,KGZ,2018,59.9520397978831
Kyrgyz Republic,KGZ,2019,60.7277440086941
Kyrgyz Republic,KGZ,2020,61.3520516472714
Lebanon,LBN,2000,58.7751108294532
Lebanon,LBN,2001,57.6232604989539
Lebanon,LBN,2002,56.4676448617067
Lebanon,LBN,2003,55.2520770567648
Lebanon,LBN,2004,53.9483576152468
Lebanon,LBN,2005,52.612987012987
Lebanon,LBN,2006,51.3597781181586
Lebanon,LBN,2007,50.2284073633696
Lebanon,LBN,2008,49.2286418412491
Lebanon,LBN,2009,48.410961681442
Lebanon,LBN,2010,47.8285896594537
Lebanon,LBN,2011,47.448365777061
Lebanon,LBN,2012,47.2064672833187
Lebanon,LBN,2013,47.0908167543263
Lebanon,LBN,2014,47.0775839655263
Lebanon,LBN,2015,48.3364582108649
Lebanon,LBN,2016,50.8721295078079
Lebanon,LBN,2017,53.3592312481811
Lebanon,LBN,2018,55.7444457284083
Lebanon,LBN,2019,57.947939773335
Lebanon,LBN,2020,58.9073887057113
Libya,LBY,2000,55.375714857257
Libya,LBY,2001,54.8688055504286
Libya,LBY,2002,54.5038251442756
Libya,LBY,2003,54.2312178707777
Libya,LBY,2004,54.079056428129
Libya,LBY,2005,54.0214280925948
Libya,LBY,2006,53.5622357050929
Libya,LBY,2007,52.8164134237758
Libya,LBY,2008,52.1972496546203
Libya,LBY,2009,51.6918875504305
Libya,LBY,2010,51.3831706548825
Libya,LBY,2011,53.6124778839499
Libya,LBY,2012,55.9867957206503
Libya,LBY,2013,55.5142744874201
Libya,LBY,2014,55.1827484691787
Libya,LBY,2015,55.0478591788407
Libya,LBY,2016,54.8129406406828
Libya,LBY,2017,54.316780868188
Libya,LBY,2018,53.5606314027915
Libya,LBY,2019,52.6904898725235
Libya,LBY,2020,51.7664329804524
Malaysia,MYS,2000,61.4063888151392
Malaysia,MYS,2001,60.2988538546068
Malaysia,MYS,2002,59.1995253303348
Malaysia,MYS,2003,58.0535975543566
Malaysia,MYS,2004,56.8082475537643
Malaysia,MYS,2005,55.4857254554276
Malaysia,MYS,2006,54.1658567260995
Malaysia,MYS,2007,52.8774181200561
Malaysia,MYS,2008,51.5703106887847
Malaysia,MYS,2009,50.217187727247
Malaysia,MYS,2010,49.0080301479463
Malaysia,MYS,2011,48.1465198770693
Malaysia,MYS,2012,47.5176972010419
Malaysia,MYS,2013,46.9575013879116
Malaysia,MYS,2014,46.452998725794
Malaysia,MYS,2015,46.0390855919982
Malaysia,MYS,2016,45.7340885358718
Malaysia,MYS,2017,45.4951518994463
Malaysia,MYS,2018,45.227518847802
Malaysia,MYS,2019,44.8360877975172
Malaysia,MYS,2020,44.2708649510882
Maldives,MDV,2000,78.4343127578265
Maldives,MDV,2001,74.1718596261069
Maldives,MDV,2002,70.1555589268418
Maldives,MDV,2003,66.4206289957734
Maldives,MDV,2004,62.8912667531345
Maldives,MDV,2005,59.5743351264653
Maldives,MDV,2006,55.9074245178981
Maldives,MDV,2007,51.9067994981367
Maldives,MDV,2008,48.3264355238658
Maldives,MDV,2009,45.3985271278994
Maldives,MDV,2010,43.0783141130375
Maldives,MDV,2011,41.2814899674467
Maldives,MDV,2012,39.9334370365011
Maldives,MDV,2013,38.9411756534302
Maldives,MDV,2014,38.1726285126341
Maldives,MDV,2015,37.4098572157554
Maldives,MDV,2016,36.5731854969146
Maldives,MDV,2017,35.7416836237512
Maldives,MDV,2018,34.958294347201
Maldives,MDV,2019,34.2339490950724
Maldives,MDV,2020,33.5342081048449
Mexico,MEX,2000,64.8374720830817
Mexico,MEX,2001,63.9944301026757
Mexico,MEX,2002,63.180962136667
Mexico,MEX,2003,62.3840117468188
Mexico,MEX,2004,61.5479972392309
Mexico,MEX,2005,60.6344937397539
Mexico,MEX,2006,59.6732082754969
Mexico,MEX,2007,58.6888542638054
Mexico,MEX,2008,57.7194070815135
Mexico,MEX,2009,56.7944957043171
Mexico,MEX,2010,55.9321268636884
Mexico,MEX,2011,55.1794320737435
Mexico,MEX,2012,54.5632141554873
Mexico,MEX,2013,54.027488950612
Mexico,MEX,2014,53.513139465276
Mexico,MEX,2015,52.97209888579
Mexico,MEX,2016,52.3968518760979
Mexico,MEX,2017,51.8182577831981
Mexico,MEX,2018,51.2690018964587
Mexico,MEX,2019,50.7872946012451
Mexico,MEX,2020,50.3089773441429
Mongolia,MNG,2000,62.8796894489998
Mongolia,MNG,2001,60.0556081479177
Mongolia,MNG,2002,57.2868846352447
Mongolia,MNG,2003,54.6740050910007
Mongolia,MNG,2004,52.3149219210631
Mongolia,MNG,2005,50.301413827289
Mongolia,MNG,2006,48.6916914180332
Mongolia,MNG,2007,47.5020153723875
Mongolia,MNG,2008,46.7362412620023
Mongolia,MNG,2009,46.4101397882339
Mongolia,MNG,2010,46.4948711694247
Mongolia,MNG,2011,46.6487262591356
Mongolia,MNG,2012,46.8940830192974
Mongolia,MNG,2013,47.5860682131157
Mongolia,MNG,2014,48.6804175336851
Mongolia,MNG,2015,50.0825069416898
Mongolia,MNG,2016,51.7262924597998
Mongolia,MNG,2017,53.5127010854887
Mongolia,MNG,2018,55.4120963362594
Mongolia,MNG,2019,57.4288259442459
Mongolia,MNG,2020,58.9121466009596
Morocco,MAR,2000,62.2276807795302
Morocco,MAR,2001,61.0419023199319
Morocco,MAR,2002,59.8593006334937
Morocco,MAR,2003,58.6812379549291
Morocco,MAR,2004,57.4496732210295
Morocco,MAR,2005,56.1916489979919
Morocco,MAR,2006,55.0741290970672
Morocco,MAR,2007,54.1573061144755
Morocco,MAR,2008,53.400034148467
Morocco,MAR,2009,52.795415581033
Morocco,MAR,2010,52.3621899992693
Morocco,MAR,2011,52.0610436194687
Morocco,MAR,2012,51.7973785639985
Morocco,MAR,2013,51.5336269622414
Morocco,MAR,2014,51.3322745978475
Morocco,MAR,2015,51.215660270365
Morocco,MAR,2016,51.1432000019679
Morocco,MAR,2017,51.1556180708406
Morocco,MAR,2018,51.2665088515347
Morocco,MAR,2019,51.4045655561766
Morocco,MAR,2020,51.445532015848
Myanmar,MMR,2000,58.2217539588067
Myanmar,MMR,2001,57.2352074018873
Myanmar,MMR,2002,56.4403415340296
Myanmar,MMR,2003,55.7675617214783
Myanmar,MMR,2004,55.0806514558901
Myanmar,MMR,2005,54.3329324573011
Myanmar,MMR,2006,53.5569485953781
Myanmar,MMR,2007,52.7788438336245
Myanmar,MMR,2008,51.9331393368263
Myanmar,MMR,2009,51.0971909384398
Myanmar,MMR,2010,50.3522749835262
Myanmar,MMR,2011,49.6180713857605
Myanmar,MMR,2012,48.9034909828251
Myanmar,MMR,2013,48.2399603707655
Myanmar,MMR,2014,47.7168930939888
Myanmar,MMR,2015,47.3459615010681
Myanmar,MMR,2016,47.0384089285758
Myanmar,MMR,2017,46.756347215943
Myanmar,MMR,2018,46.5323258218492
Myanmar,MMR,2019,46.396472048483
Myanmar,MMR,2020,46.3134094770448
Netherlands,NLD,2000,47.5997257745678
Netherlands,NLD,2001,47.7234584540489
Netherlands,NLD,2002,47.778007873293
Netherlands,NLD,2003,47.8837208072943
Netherlands,NLD,2004,48.0486896030983
Netherlands,NLD,2005,48.1687259592709
Netherlands,NLD,2006,48.2136628287853
Netherlands,NLD,2007,48.2541352334204
Netherlands,NLD,2008,48.3834903176158
Netherlands,NLD,2009,48.6378733180059
Netherlands,NLD,2010,48.9390840593512
Netherlands,NLD,2011,49.6322091919466
Netherlands,NLD,2012,50.6460351411108
Netherlands,NLD,2013,51.4289591698403
Netherlands,NLD,2014,52.0149611855016
Netherlands,NLD,2015,52.4272622166642
Netherlands,NLD,2016,52.6972672445206
Netherlands,NLD,2017,52.9840892509348
Netherlands,NLD,2018,53.2595764421941
Netherlands,NLD,2019,53.5125012921873
Netherlands,NLD,2020,53.8223735345247
New Zealand,NZL,2000,52.7172966382163
New Zealand,NZL,2001,52.4848880657864
New Zealand,NZL,2002,51.9651555848397
New Zealand,NZL,2003,51.3493361554743
New Zealand,NZL,2004,50.847736601215
New Zealand,NZL,2005,50.5037483038793
New Zealand,NZL,2006,50.3686450148658
New Zealand,NZL,2007,50.4429979608737
New Zealand,NZL,2008,50.6047098354443
New Zealand,NZL,2009,50.8301336353722
New Zealand,NZL,2010,51.1623907332559
New Zealand,NZL,2011,51.638047175897
New Zealand,NZL,2012,52.2425741120968
New Zealand,NZL,2013,52.7030093022296
New Zealand,NZL,2014,52.7543470643702
New Zealand,NZL,2015,52.5174780979885
New Zealand,NZL,2016,52.307552633679
New Zealand,NZL,2017,52.257834938067
New Zealand,NZL,2018,52.3710857473679
New Zealand,NZL,2019,52.5965964272569
New Zealand,NZL,2020,52.9981652964501
Nicaragua,NIC,2000,78.045426702172
Nicaragua,NIC,2001,76.2627403429759
Nicaragua,NIC,2002,74.4910277838672
Nicaragua,NIC,2003,72.7501380751168
Nicaragua,NIC,2004,71.0839597269489
Nicaragua,NIC,2005,69.4687250377982
Nicaragua,NIC,2006,67.9597654389063
Nicaragua,NIC,2007,66.5780733917154
Nicaragua,NIC,2008,65.2625486607333
Nicaragua,NIC,2009,64.0300059503856
Nicaragua,NIC,2010,62.8894902643049
Nicaragua,NIC,2011,61.8063368356308
Nicaragua,NIC,2012,60.7923863166663
Nicaragua,NIC,2013,59.8943184475099
Nicaragua,NIC,2014,59.1180966549615
Nicaragua,NIC,2015,58.4227991763294
Nicaragua,NIC,2016,57.7782531320644
Nicaragua,NIC,2017,57.1888758345376
Nicaragua,NIC,2018,56.6166527426414
Nicaragua,NIC,2019,56.0113131029246
Nicaragua,NIC,2020,55.2388559468015
Nigeria,NGA,2000,87.8803537652729
Nigeria,NGA,2001,87.8660990232171
Nigeria,NGA,2002,87.9887566173429
Nigeria,NGA,2003,88.2016466613452
Nigeria,NGA,2004,88.4323064270027
Nigeria,NGA,2005,88.7013602682499
Nigeria,NGA,2006,89.0370331032741
Nigeria,NGA,2007,89.3717479065226
Nigeria,NGA,2008,89.7010850655611
Nigeria,NGA,2009,90.01512867819
Nigeria,NGA,2010,90.2349884259357
Nigeria,NGA,2011,90.3493899125583
Nigeria,NGA,2012,90.3779963318547
Nigeria,NGA,2013,90.2972750019224
Nigeria,NGA,2014,90.092940117399
Nigeria,NGA,2015,89.7206263682148
Nigeria,NGA,2016,89.0622854601106
Nigeria,NGA,2017,88.1255756898501
Nigeria,NGA,2018,87.0562828519935
Nigeria,NGA,2019,85.8794318634782
Nigeria,NGA,2020,84.5258373117038
Pakistan,PAK,2000,87.8265663645158
Pakistan,PAK,2001,86.5773622162083
Pakistan,PAK,2002,85.5449528888916
Pakistan,PAK,2003,84.4400864362812
Pakistan,PAK,2004,83.0037628777389
Pakistan,PAK,2005,81.4989219399268
Pakistan,PAK,2006,80.100024981889
Pakistan,PAK,2007,78.616390172067
Pakistan,PAK,2008,77.3059146807243
Pakistan,PAK,2009,76.3243708555709
Pakistan,PAK,2010,75.5364234270318
Pakistan,PAK,2011,75.0100380395422
Pakistan,PAK,2012,74.7398435909083
Pakistan,PAK,2013,74.6202486526627
Pakistan,PAK,2014,74.4256172449709
Pakistan,PAK,2015,74.161810917677
Pakistan,PAK,2016,73.9138783908976
Pakistan,PAK,2017,73.5768238017572
Pakistan,PAK,2018,73.1024168008764
Pakistan,PAK,2019,72.6314584931864
Pakistan,PAK,2020,72.0651682830605
Peru,PER,2000,64.0029073497459
Peru,PER,2001,62.9840392352179
Peru,PER,2002,62.0588640528885
Peru,PER,2003,61.2360977253486
Peru,PER,2004,60.519573375419
Peru,PER,2005,59.9218464564285
Peru,PER,2006,59.4213281709725
Peru,PER,2007,58.9908779480438
Peru,PER,2008,58.4861812206581
Peru,PER,2009,57.915054074934
Peru,PER,2010,57.4065110598485
Peru,PER,2011,56.9732555404503
Peru,PER,2012,56.6078305489283
Peru,PER,2013,56.2690728263129
Peru,PER,2014,55.9260526415525
Peru,PER,2015,55.5249961792269
Peru,PER,2016,55.0315226387303
Peru,PER,2017,54.4342798477223
Peru,PER,2018,53.5702959648924
Peru,PER,2019,52.7058864277693
Peru,PER,2020,52.0259679366878
Philippines,PHL,2000,72.936876606391
Philippines,PHL,2001,71.8430200888632
Philippines,PHL,2002,70.8905082045512
Philippines,PHL,2003,69.8842742816374
Philippines,PHL,2004,68.8601701921728
Philippines,PHL,2005,67.8557797530439
Philippines,PHL,2006,67.0134961718752
Philippines,PHL,2007,66.2081132680944
Philippines,PHL,2008,65.4578959893668
Philippines,PHL,2009,64.7322063281476
Philippines,PHL,2010,63.7943677675165
Philippines,PHL,2011,62.9060289047957
Philippines,PHL,2012,62.0255491999165
Philippines,PHL,2013,61.1835246269493
Philippines,PHL,2014,60.4579386236435
Philippines,PHL,2015,59.5211985547012
Philippines,PHL,2016,58.4031241305213
Philippines,PHL,2017,57.3664779049531
Philippines,PHL,2018,56.4951142171875
Philippines,PHL,2019,55.745826525598
Philippines,PHL,2020,54.8178657691752
Puerto Rico,PRI,2000,54.4369863557776
Puerto Rico,PRI,2001,54.4795240826755
Puerto Rico,PRI,2002,54.5935114989907
Puerto Rico,PRI,2003,54.722311412047
Puerto Rico,PRI,2004,54.8311530049206
Puerto Rico,PRI,2005,54.9320163666705
Puerto Rico,PRI,2006,55.0610001340662
Puerto Rico,PRI,2007,55.2275607041916
Puerto Rico,PRI,2008,55.3968338574703
Puerto Rico,PRI,2009,55.5577089110657
Puerto Rico,PRI,2010,55.2535331778931
Puerto Rico,PRI,2011,54.3995104520009
Puerto Rico,PRI,2012,53.5909206737992
Puerto Rico,PRI,2013,53.0622007938787
Puerto Rico,PRI,2014,52.8301821532135
Puerto Rico,PRI,2015,52.8564600755737
Puerto Rico,PRI,2016,53.0953677788384
Puerto Rico,PRI,2017,54.3578779085825
Puerto Rico,PRI,2018,55.4969605248037
Puerto Rico,PRI,2019,55.5573739750081
Puerto Rico,PRI,2020,55.8410282907222
Romania,ROU,2000,47.3028700041796
Romania,ROU,2001,46.8137486101034
Romania,ROU,2002,46.2023543760568
Romania,ROU,2003,45.5990821741001
Romania,ROU,2004,45.0713374974319
Romania,ROU,2005,44.7235013938328
Romania,ROU,2006,44.6924990146748
Romania,ROU,2007,44.8659733655323
Romania,ROU,2008,45.1708039916349
Romania,ROU,2009,45.6558486393944
Romania,ROU,2010,46.1712166992167
Romania,ROU,2011,46.6849893722241
Romania,ROU,2012,47.0859211857548
Romania,ROU,2013,47.3962302449571
Romania,ROU,2014,48.0460231839618
Romania,ROU,2015,48.9572601796888
Romania,ROU,2016,49.8906722812143
Romania,ROU,2017,50.9128670248701
Romania,ROU,2018,51.9746076994291
Romania,ROU,2019,53.0183319640266
Romania,ROU,2020,54.1194231232454
Russian Federation,RUS,2000,43.5652823296039
Russian Federation,RUS,2001,42.3668405184076
Russian Federation,RUS,2002,41.5231777036921
Russian Federation,RUS,2003,41.1118911605145
Russian Federation,RUS,2004,40.933146045048
Russian Federation,RUS,2005,40.7583002208105
Russian Federation,RUS,2006,40.542928781967
Russian Federation,RUS,2007,40.2034276919991
Russian Federation,RUS,2008,39.6340464969755
Russian Federation,RUS,2009,39.060138267231
Russian Federation,RUS,2010,38.642521135056
Russian Federation,RUS,2011,38.8324315097642
Russian Federation,RUS,2012,39.7122076623378
Russian Federation,RUS,2013,40.7840417932466
Russian Federation,RUS,2014,42.1236258137655
Russian Federation,RUS,2015,43.6560400391556
Russian Federation,RUS,2016,45.0865219275749
Russian Federation,RUS,2017,46.4109081650047
Russian Federation,RUS,2018,47.5290734735912
Russian Federation,RUS,2019,48.5943754955694
Russian Federation,RUS,2020,49.5678005245706
Serbia,SRB,2000,48.0799058920134
Serbia,SRB,2001,48.1518125880113
Serbia,SRB,2002,48.2192030424731
Serbia,SRB,2003,48.2837315864194
Serbia,SRB,2004,48.2786292134742
Serbia,SRB,2005,48.196334272477
Serbia,SRB,2006,48.0190814295974
Serbia,SRB,2007,47.7509427617515
Serbia,SRB,2008,47.4020422688159
Serbia,SRB,2009,47.0426888973918
Serbia,SRB,2010,46.707163814053
Serbia,SRB,2011,46.5325545822968
Serbia,SRB,2012,46.8453076064932
Serbia,SRB,2013,47.6152988175827
Serbia,SRB,2014,48.6099080245693
Serbia,SRB,2015,49.7570563003371
Serbia,SRB,2016,50.8721349656193
Serbia,SRB,2017,51.9843219838154
Serbia,SRB,2018,53.2665314122019
Serbia,SRB,2019,54.6017908714794
Serbia,SRB,2020,55.8406068162926
Singapore,SGP,2000,33.4053702798412
Singapore,SGP,2001,33.1856643975603
Singapore,SGP,2002,33.1413664813315
Singapore,SGP,2003,33.040255189436
Singapore,SGP,2004,32.6647872830213
Singapore,SGP,2005,32.0662807862252
Singapore,SGP,2006,31.1695382893287
Singapore,SGP,2007,29.8728951478371
Singapore,SGP,2008,28.6303332765411
Singapore,SGP,2009,27.87340474654
Singapore,SGP,2010,27.3410335609054
Singapore,SGP,2011,26.9496478674041
Singapore,SGP,2012,26.8734686937048
Singapore,SGP,2013,27.0192311085442
Singapore,SGP,2014,27.3124316272141
Singapore,SGP,2015,27.6825611982179
Singapore,SGP,2016,28.1544000884945
Singapore,SGP,2017,28.8474686470753
Singapore,SGP,2018,29.5555499902006
Singapore,SGP,2019,30.1882050728381
Singapore,SGP,2020,31.1638429496119
Slovak Republic,SVK,2000,44.9704945905628
Slovak Republic,SVK,2001,43.7473693099929
Slovak Republic,SVK,2002,42.6108368504795
Slovak Republic,SVK,2003,41.6006959112054
Slovak Republic,SVK,2004,40.750523791546
Slovak Republic,SVK,2005,40.0609481106868
Slovak Republic,SVK,2006,39.4503846591065
Slovak Republic,SVK,2007,38.9500326393961
Slovak Republic,SVK,2008,38.6006960396032
Slovak Republic,SVK,2009,38.5436675449526
Slovak Republic,SVK,2010,38.7142612720511
Slovak Republic,SVK,2011,38.9901403319512
Slovak Republic,SVK,2012,39.4612066242009
Slovak Republic,SVK,2013,40.1143714089078
Slovak Republic,SVK,2014,40.8909492177303
Slovak Republic,SVK,2015,41.8080986794682
Slovak Republic,SVK,2016,42.9974711861622
Slovak Republic,SVK,2017,44.3936163689056
Slovak Republic,SVK,2018,45.8020130464426
Slovak Republic,SVK,2019,47.1743766979644
Slovak Republic,SVK,2020,48.4093813779099
Tajikistan,TJK,2000,84.8141091599029
Tajikistan,TJK,2001,82.1958494099529
Tajikistan,TJK,2002,79.6141838620057
Tajikistan,TJK,2003,77.2114992826189
Tajikistan,TJK,2004,75.0763673677751
Tajikistan,TJK,2005,73.0961466114903
Tajikistan,TJK,2006,71.2602403323497
Tajikistan,TJK,2007,69.7592546755616
Tajikistan,TJK,2008,68.5822066610905
Tajikistan,TJK,2009,67.5572053751767
Tajikistan,TJK,2010,66.671879604656
Tajikistan,TJK,2011,66.1456733097743
Tajikistan,TJK,2012,65.7413184753698
Tajikistan,TJK,2013,65.215142797166
Tajikistan,TJK,2014,64.7981575112711
Tajikistan,TJK,2015,64.6546579324183
Tajikistan,TJK,2016,64.6316867686227
Tajikistan,TJK,2017,64.645778430695
Tajikistan,TJK,2018,64.8775137072655
Tajikistan,TJK,2019,65.3067752248518
Tajikistan,TJK,2020,65.849974933617
Thailand,THA,2000,43.8829877665989
Thailand,THA,2001,43.3792360174805
Thailand,THA,2002,42.9588444120937
Thailand,THA,2003,42.6269343596548
Thailand,THA,2004,42.3578746279834
Thailand,THA,2005,42.0963439239568
Thailand,THA,2006,41.773454802002
Thailand,THA,2007,41.3866114142164
Thailand,THA,2008,40.9922627538581
Thailand,THA,2009,40.6382297866718
Thailand,THA,2010,40.2890456323974
Thailand,THA,2011,39.9223743100647
Thailand,THA,2012,39.6234784277851
Thailand,THA,2013,39.4940129315302
Thailand,THA,2014,39.5565144682596
Thailand,THA,2015,39.72661984392
Thailand,THA,2016,39.8914360247636
Thailand,THA,2017,40.0618541912691
Thailand,THA,2018,40.3013405116213
Thailand,THA,2019,40.607794056073
Thailand,THA,2020,40.974368915158
Tunisia,TUN,2000,55.4608438213728
Tunisia,TUN,2001,53.660525234157
Tunisia,TUN,2002,51.9112777835838
Tunisia,TUN,2003,50.2584264600528
Tunisia,TUN,2004,48.7389360170876
Tunisia,TUN,2005,47.4404054705282
Tunisia,TUN,2006,46.3887240167153
Tunisia,TUN,2007,45.5415647182237
Tunisia,TUN,2008,44.8953248719495
Tunisia,TUN,2009,44.4685451077198
Tunisia,TUN,2010,44.2865187934696
Tunisia,TUN,2011,44.330555449489
Tunisia,TUN,2012,44.5723999969535
Tunisia,TUN,2013,45.0647236444453
Tunisia,TUN,2014,45.6850530876263
Tunisia,TUN,2015,46.3571118128582
Tunisia,TUN,2016,47.1066362415689
Tunisia,TUN,2017,47.8580034971682
Tunisia,TUN,2018,48.605731168883
Tunisia,TUN,2019,49.3812826199351
Tunisia,TUN,2020,50.0715512342682
Turkiye,TUR,2000,56.3172082445777
Turkiye,TUR,2001,55.4197844017726
Turkiye,TUR,2002,54.6201100107839
Turkiye,TUR,2003,53.9106325504308
Turkiye,TUR,2004,53.2784264879328
Turkiye,TUR,2005,52.7174114645273
Turkiye,TUR,2006,52.2002887151974
Turkiye,TUR,2007,51.7039880562328
Turkiye,TUR,2008,51.0570512318991
Turkiye,TUR,2009,50.2459919396016
Turkiye,TUR,2010,49.4548531901584
Turkiye,TUR,2011,48.7243135492246
Turkiye,TUR,2012,48.0371465077245
Turkiye,TUR,2013,47.3558028630143
Turkiye,TUR,2014,46.6296994569191
Turkiye,TUR,2015,45.9452643498497
Turkiye,TUR,2016,45.5909695430664
Turkiye,TUR,2017,45.4922047348395
Turkiye,TUR,2018,45.5464015844488
Turkiye,TUR,2019,45.9523014817405
Turkiye,TUR,2020,46.4852950931551
Ukraine,UKR,2000,45.5082031520681
Ukraine,UKR,2001,44.4619703115316
Ukraine,UKR,2002,43.7827952677339
Ukraine,UKR,2003,43.4992725559268
Ukraine,UKR,2004,43.2844447040593
Ukraine,UKR,2005,42.9263643308974
Ukraine,UKR,2006,42.5377338231405
Ukraine,UKR,2007,42.2913224989539
Ukraine,UKR,2008,41.7453667037233
Ukraine,UKR,2009,41.2449127726442
Ukraine,UKR,2010,40.8671467578984
Ukraine,UKR,2011,40.5166354406486
Ukraine,UKR,2012,40.8345526687369
Ukraine,UKR,2013,41.3166740567217
Ukraine,UKR,2014,42.0954905825425
Ukraine,UKR,2015,43.3341607506951
Ukraine,UKR,2016,44.485957567843
Ukraine,UKR,2017,45.6557777135064
Ukraine,UKR,2018,46.557661136037
Ukraine,UKR,2019,47.2491268952806
Ukraine,UKR,2020,47.8846379680524
United Kingdom,GBR,2000,53.4314858659264
United Kingdom,GBR,2001,52.8823327842176
United Kingdom,GBR,2002,52.4964301559527
United Kingdom,GBR,2003,52.357292952779
United Kingdom,GBR,2004,52.2157863407455
United Kingdom,GBR,2005,51.8275715627106
United Kingdom,GBR,2006,51.4008482871775
United Kingdom,GBR,2007,51.156186206586
United Kingdom,GBR,2008,51.1947226586789
United Kingdom,GBR,2009,51.4406852551869
United Kingdom,GBR,2010,51.738023164778
United Kingdom,GBR,2011,52.2814445132043
United Kingdom,GBR,2012,53.2297928414796
United Kingdom,GBR,2013,54.1548136779892
United Kingdom,GBR,2014,54.8438613424964
United Kingdom,GBR,2015,55.4015607117461
United Kingdom,GBR,2016,55.9245937420551
United Kingdom,GBR,2017,56.4799610873143
United Kingdom,GBR,2018,57.0044444123161
United Kingdom,GBR,2019,57.4310230968997
United Kingdom,GBR,2020,57.6593785251194
United States,USA,2000,50.0358331385231
United States,USA,2001,49.6385027806598
United States,USA,2002,49.2523674393258
United States,USA,2003,48.87487974038
United States,USA,2004,48.4979199966309
United States,USA,2005,48.0956829396105
United States,USA,2006,47.8032811357291
United States,USA,2007,47.7735820707482
United States,USA,2008,47.9187424830396
United States,USA,2009,48.0979715941135
United States,USA,2010,48.2461171671874
United States,USA,2011,48.5112485576045
United States,USA,2012,48.9935351950955
United States,USA,2013,49.5000913054722
United States,USA,2014,49.9593733476943
United States,USA,2015,50.3802794150685
United States,USA,2016,50.7885326492272
United States,USA,2017,51.2357569487787
United States,USA,2018,51.6943259864247
United States,USA,2019,52.1637514294348
United States,USA,2020,52.5896813726484
Uruguay,URY,2000,59.8113405108553
Uruguay,URY,2001,59.8489216395122
Uruguay,URY,2002,59.8358581980962
Uruguay,URY,2003,59.703312305219
Uruguay,URY,2004,59.4505495039191
Uruguay,URY,2005,59.214030422378
Uruguay,URY,2006,58.9850686251671
Uruguay,URY,2007,58.6708765063403
Uruguay,URY,2008,58.3029599925215
Uruguay,URY,2009,57.8823079373983
Uruguay,URY,2010,57.4226662302485
Uruguay,URY,2011,56.9523598346889
Uruguay,URY,2012,56.5267544018137
Uruguay,URY,2013,56.1887709485469
Uruguay,URY,2014,55.8914702038185
Uruguay,URY,2015,55.655253084089
Uruguay,URY,2016,55.467903558164
Uruguay,URY,2017,55.2221042886245
Uruguay,URY,2018,54.9160760110058
Uruguay,URY,2019,54.5633225323007
Uruguay,URY,2020,54.1627509533779
Uzbekistan,UZB,2000,70.5343533403284
Uzbekistan,UZB,2001,68.206878584831
Uzbekistan,UZB,2002,65.8327687506574
Uzbekistan,UZB,2003,63.6048706178502
Uzbekistan,UZB,2004,61.5072809151456
Uzbekistan,UZB,2005,59.3766906615768
Uzbekistan,UZB,2006,57.1652563080568
Uzbekistan,UZB,2007,55.1243231431766
Uzbekistan,UZB,2008,53.4488462806641
Uzbekistan,UZB,2009,52.0994530058547
Uzbekistan,UZB,2010,50.9135971391737
Uzbekistan,UZB,2011,49.8601391184231
Uzbekistan,UZB,2012,49.0804585754969
Uzbekistan,UZB,2013,48.7263222498675
Uzbekistan,UZB,2014,48.8305476003008
Uzbekistan,UZB,2015,49.3359508232811
Uzbekistan,UZB,2016,50.0611692979578
Uzbekistan,UZB,2017,50.8221131406473
Uzbekistan,UZB,2018,51.7097466682868
Uzbekistan,UZB,2019,52.7698563917884
Uzbekistan,UZB,2020,53.9511270861508
"Venezuela, RB",VEN,2000,63.1073480179797
"Venezuela, RB",VEN,2001,62.1505961811793
"Venezuela, RB",VEN,2002,61.1981775928077
"Venezuela, RB",VEN,2003,60.2656616560146
"Venezuela, RB",VEN,2004,59.3548547902397
"Venezuela, RB",VEN,2005,58.5122487499449
"Venezuela, RB",VEN,2006,57.7736601935159
"Venezuela, RB",VEN,2007,57.1009620481937
"Venezuela, RB",VEN,2008,56.4767365652723
"Venezuela, RB",VEN,2009,55.8991914356006
"Venezuela, RB",VEN,2010,55.3598306657652
"Venezuela, RB",VEN,2011,54.878041791136
"Venezuela, RB",VEN,2012,54.4459843494093
"Venezuela, RB",VEN,2013,54.0187230989071
"Venezuela, RB",VEN,2014,53.6012010654475
"Venezuela, RB",VEN,2015,53.2199829831147
"Venezuela, RB",VEN,2016,53.0083098007427
"Venezuela, RB",VEN,2017,53.3639666664058
"Venezuela, RB",VEN,2018,54.5900649107737
"Venezuela, RB",VEN,2019,55.9638284576163
"Venezuela, RB",VEN,2020,56.4854585659602
Viet Nam,VNM,2000,59.9498221104256
Viet Nam,VNM,2001,57.9648902578706
Viet Nam,VNM,2002,56.2346454755768
Viet Nam,VNM,2003,54.6563872611096
Viet Nam,VNM,2004,53.0547414323825
Viet Nam,VNM,2005,51.3412154712425
Viet Nam,VNM,2006,49.5460786338393
Viet Nam,VNM,2007,47.8798783604028
Viet Nam,VNM,2008,46.4294210539472
Viet Nam,VNM,2009,45.1710967600072
Viet Nam,VNM,2010,44.1553936894184
Viet Nam,VNM,2011,43.429509513285
Viet Nam,VNM,2012,43.0574599485855
Viet Nam,VNM,2013,43.0653799174176
Viet Nam,VNM,2014,43.3734893031827
Viet Nam,VNM,2015,43.7681325303024
Viet Nam,VNM,2016,44.38523018963
Viet Nam,VNM,2017,45.3221818606231
Viet Nam,VNM,2018,46.123352133928
Viet Nam,VNM,2019,46.6054316189935
Viet Nam,VNM,2020,46.9641361395404
Zimbabwe,ZWE,2000,82.7828202158217
Zimbabwe,ZWE,2001,81.5563751508938
Zimbabwe,ZWE,2002,81.0078961121419
Zimbabwe,ZWE,2003,81.1534991009947
Zimbabwe,ZWE,2004,81.6091651856766
Zimbabwe,ZWE,2005,82.2028188716048
Zimbabwe,ZWE,2006,82.5129279048771
Zimbabwe,ZWE,2007,82.7732704031285
Zimbabwe,ZWE,2008,83.4642158994641
Zimbabwe,ZWE,2009,84.4783865020806
Zimbabwe,ZWE,2010,85.6706799596368
Zimbabwe,ZWE,2011,86.7989538485636
Zimbabwe,ZWE,2012,87.8594210543489
Zimbabwe,ZWE,2013,88.6378275042674
Zimbabwe,ZWE,2014,88.9275709065542
Zimbabwe,ZWE,2015,88.8363578945822
Zimbabwe,ZWE,2016,88.3275279751021
Zimbabwe,ZWE,2017,87.5123520945076
Zimbabwe,ZWE,2018,86.5168398539074
Zimbabwe,ZWE,2019,85.4479058285901
Zimbabwe,ZWE,2020,84.3843806399623
