Country,ISO3,Year,Dependency_Ratio_Young
Argentina,ARG,2000,45.3031616468956
Argentina,ARG,2001,44.8385891776457
Argentina,ARG,2002,44.3438603887641
Argentina,ARG,2003,43.8120278343514
Argentina,ARG,2004,43.2554108667324
Argentina,ARG,2005,42.6947939892607
Argentina,ARG,2006,42.1296696541309
Argentina,ARG,2007,41.5711237862678
Argentina,ARG,2008,41.062350577237
Argentina,ARG,2009,40.5977786677385
Argentina,ARG,2010,40.1778275564014
Argentina,ARG,2011,39.8400391139328
Argentina,ARG,2012,39.5291137228417
Argentina,ARG,2013,39.246694673681
Argentina,ARG,2014,39.0279891205802
Argentina,ARG,2015,38.8373470565414
Argentina,ARG,2016,38.6176660997503
Argentina,ARG,2017,38.3367608997386
Argentina,ARG,2018,37.9864893602132
Argentina,ARG,2019,37.4937423286225
Argentina,ARG,2020,36.7385200325396
Argentina,ARG,2021,35.8386839470968
Argentina,ARG,2022,34.8856643045046
Argentina,ARG,2023,33.8239612447006
Argentina,ARG,2024,32.7431422852471
Argentina,ARG,2025,31.6740911492555
Argentina,ARG,2026,30.6030783032831
Argentina,ARG,2027,29.5990580816489
Argentina,ARG,2028,28.6301319395612
Argentina,ARG,2029,27.6065049382836
Argentina,ARG,2030,26.5760360965144
Argentina,ARG,2031,25.6422162418672
Argentina,ARG,2032,24.8319658536836
Argentina,ARG,2033,24.1437574550932
Argentina,ARG,2034,23.6446991737943
Argentina,ARG,2035,23.4418883287557
Argentina,ARG,2036,23.4284350528613
Argentina,ARG,2037,23.4945052580728
Argentina,ARG,2038,23.6162332391179
Argentina,ARG,2039,23.7245844533309
Argentina,ARG,2040,23.8281996991048
Argentina,ARG,2041,23.9247862892364
Argentina,ARG,2042,24.0120047135643
Argentina,ARG,2043,24.0886900632665
Argentina,ARG,2044,24.1493139213442
Argentina,ARG,2045,24.1873714481734
Argentina,ARG,2046,24.1989685969067
Argentina,ARG,2047,24.1814197339764
Argentina,ARG,2048,24.1325229916826
Argentina,ARG,2049,24.0547445965053
Argentina,ARG,2050,23.9508798321764
Armenia,ARM,2000,40.6532335816871
Armenia,ARM,2001,37.9220235385051
Armenia,ARM,2002,35.9546307373733
Armenia,ARM,2003,34.3689811894937
Armenia,ARM,2004,32.8883363171891
Armenia,ARM,2005,31.3868541124825
Armenia,ARM,2006,29.928094287829
Armenia,ARM,2007,28.7120768425291
Armenia,ARM,2008,27.9628782078826
Armenia,ARM,2009,27.6542246296716
Armenia,ARM,2010,27.5897175450982
Armenia,ARM,2011,27.6517053046373
Armenia,ARM,2012,27.8512610621249
Armenia,ARM,2013,28.2188203396402
Armenia,ARM,2014,28.6781141387909
Armenia,ARM,2015,29.1671311867438
Armenia,ARM,2016,29.6512676875004
Armenia,ARM,2017,30.0563296856113
Armenia,ARM,2018,30.1482121055195
Armenia,ARM,2019,30.0064562739616
Armenia,ARM,2020,29.8857775000338
Armenia,ARM,2021,29.767715315933
Armenia,ARM,2022,29.547577010407
Armenia,ARM,2023,29.0664378136515
Armenia,ARM,2024,28.6862831851741
Armenia,ARM,2025,28.5228643044483
Armenia,ARM,2026,28.2724066202406
Armenia,ARM,2027,27.9371739801497
Armenia,ARM,2028,27.531567049328
Armenia,ARM,2029,27.0782348718996
Armenia,ARM,2030,26.5979539330248
Armenia,ARM,2031,26.1070991338913
Armenia,ARM,2032,25.630391996872
Armenia,ARM,2033,25.1838806131505
Armenia,ARM,2034,24.77522116815
Armenia,ARM,2035,24.4239419862263
Armenia,ARM,2036,24.1443365943999
Armenia,ARM,2037,23.8649869670643
Armenia,ARM,2038,23.5640370810249
Armenia,ARM,2039,23.2800375310646
Armenia,ARM,2040,23.0328503908106
Armenia,ARM,2041,22.8607591378024
Armenia,ARM,2042,22.7608128050857
Armenia,ARM,2043,22.7314762266045
Armenia,ARM,2044,22.7689008366811
Armenia,ARM,2045,22.8630709453964
Armenia,ARM,2046,23.003382139651
Armenia,ARM,2047,23.1780745855035
Armenia,ARM,2048,23.3775766101902
Armenia,ARM,2049,23.5980371614893
Armenia,ARM,2050,23.8377752119137
Australia,AUS,2000,31.0193457032815
Australia,AUS,2001,30.7096342659768
Australia,AUS,2002,30.3611954690273
Australia,AUS,2003,30.0046908439481
Australia,AUS,2004,29.6660684448757
Australia,AUS,2005,29.3442663966515
Australia,AUS,2006,29.0579269292174
Australia,AUS,2007,28.8201569770768
Australia,AUS,2008,28.6064820859462
Australia,AUS,2009,28.4224574003772
Australia,AUS,2010,28.2912864401152
Australia,AUS,2011,28.2399824781311
Australia,AUS,2012,28.2914383692793
Australia,AUS,2013,28.3857466075814
Australia,AUS,2014,28.4676085710793
Australia,AUS,2015,28.5556890320447
Australia,AUS,2016,28.6342852845513
Australia,AUS,2017,28.6467237347927
Australia,AUS,2018,28.6015621183253
Australia,AUS,2019,28.5366054464316
Australia,AUS,2020,28.5088498882266
Australia,AUS,2021,28.4192188433023
Australia,AUS,2022,28.1893732472139
Australia,AUS,2023,27.9168394039075
Australia,AUS,2024,27.6926370420968
Australia,AUS,2025,27.5265865438384
Australia,AUS,2026,27.3667745433155
Australia,AUS,2027,27.2022498012639
Australia,AUS,2028,27.028761798374
Australia,AUS,2029,26.8541678991098
Australia,AUS,2030,26.6710104206561
Australia,AUS,2031,26.4825522712727
Australia,AUS,2032,26.3254542625015
Australia,AUS,2033,26.2105710733426
Australia,AUS,2034,26.1252848125106
Australia,AUS,2035,26.0632812968325
Australia,AUS,2036,25.9977160039996
Australia,AUS,2037,25.9190936802937
Australia,AUS,2038,25.8340118246269
Australia,AUS,2039,25.7399591282003
Australia,AUS,2040,25.6497060569044
Australia,AUS,2041,25.5774281527967
Australia,AUS,2042,25.5266983333208
Australia,AUS,2043,25.4991702011308
Australia,AUS,2044,25.4995034356694
Australia,AUS,2045,25.5298170111253
Australia,AUS,2046,25.5895125222541
Australia,AUS,2047,25.6732769474166
Australia,AUS,2048,25.7728948688499
Australia,AUS,2049,25.879287386698
Australia,AUS,2050,25.98300600265
Bangladesh,BGD,2000,63.0281199791971
Bangladesh,BGD,2001,61.9618997157749
Bangladesh,BGD,2002,61.2294160464584
Bangladesh,BGD,2003,60.5290981442221
Bangladesh,BGD,2004,59.8090920870314
Bangladesh,BGD,2005,59.0378267163075
Bangladesh,BGD,2006,58.2692078165913
Bangladesh,BGD,2007,57.5403800304711
Bangladesh,BGD,2008,56.829838812042
Bangladesh,BGD,2009,56.0481382109918
Bangladesh,BGD,2010,55.1510085037134
Bangladesh,BGD,2011,54.1002241468439
Bangladesh,BGD,2012,52.8555590168163
Bangladesh,BGD,2013,51.5075134925378
Bangladesh,BGD,2014,50.1383177320147
Bangladesh,BGD,2015,48.7871588228788
Bangladesh,BGD,2016,47.4910453309036
Bangladesh,BGD,2017,46.5111017109243
Bangladesh,BGD,2018,45.9039652143335
Bangladesh,BGD,2019,45.4449279247387
Bangladesh,BGD,2020,45.0779125887151
Bangladesh,BGD,2021,44.763273732564
Bangladesh,BGD,2022,44.1972491390154
Bangladesh,BGD,2023,43.4193249262101
Bangladesh,BGD,2024,42.7229696069912
Bangladesh,BGD,2025,42.0878319643321
Bangladesh,BGD,2026,41.5112886909846
Bangladesh,BGD,2027,40.9942995381284
Bangladesh,BGD,2028,40.5281177980195
Bangladesh,BGD,2029,40.0977309333532
Bangladesh,BGD,2030,39.6839373001987
Bangladesh,BGD,2031,39.268970424944
Bangladesh,BGD,2032,38.8404625781906
Bangladesh,BGD,2033,38.3783710718497
Bangladesh,BGD,2034,37.8670480307103
Bangladesh,BGD,2035,37.2973170327349
Bangladesh,BGD,2036,36.6538332707517
Bangladesh,BGD,2037,35.9446857953261
Bangladesh,BGD,2038,35.2045631664094
Bangladesh,BGD,2039,34.45957275513
Bangladesh,BGD,2040,33.7295244186386
Bangladesh,BGD,2041,33.0296675875253
Bangladesh,BGD,2042,32.365548892253
Bangladesh,BGD,2043,31.7438889746508
Bangladesh,BGD,2044,31.169837462201
Bangladesh,BGD,2045,30.6504439814349
Bangladesh,BGD,2046,30.1938118693272
Bangladesh,BGD,2047,29.8017198947531
Bangladesh,BGD,2048,29.4727310400574
Bangladesh,BGD,2049,29.1997106164611
Bangladesh,BGD,2050,28.9694862809787
Brazil,BRA,2000,45.999829790286
Brazil,BRA,2001,44.7832838480193
Brazil,BRA,2002,43.6032203842481
Brazil,BRA,2003,42.4681322311059
Brazil,BRA,2004,41.3967987022302
Brazil,BRA,2005,40.4073142665826
Brazil,BRA,2006,39.476105712286
Brazil,BRA,2007,38.5850851707527
Brazil,BRA,2008,37.710891273857
Brazil,BRA,2009,36.8485628256499
Brazil,BRA,2010,36.0038241870003
Brazil,BRA,2011,35.1710190087095
Brazil,BRA,2012,34.3518959754257
Brazil,BRA,2013,33.549000517845
Brazil,BRA,2014,32.8111221884806
Brazil,BRA,2015,32.168128241603
Brazil,BRA,2016,31.5793840986607
Brazil,BRA,2017,31.0533627371985
Brazil,BRA,2018,30.6262888430077
Brazil,BRA,2019,30.2292006881341
Brazil,BRA,2020,29.8037216111497
Brazil,BRA,2021,29.4041192944533
Brazil,BRA,2022,29.0491947276406
Brazil,BRA,2023,28.7135716160986
Brazil,BRA,2024,28.3826912498763
Brazil,BRA,2025,28.0424836289445
Brazil,BRA,2026,27.6984714231318
Brazil,BRA,2027,27.353412248113
Brazil,BRA,2028,27.0062636547857
Brazil,BRA,2029,26.6414973353148
Brazil,BRA,2030,26.2548285107099
Brazil,BRA,2031,25.8910567082642
Brazil,BRA,2032,25.5438847886418
Brazil,BRA,2033,25.1789947844344
Brazil,BRA,2034,24.8390496529809
Brazil,BRA,2035,24.5670324175236
Brazil,BRA,2036,24.3482518551732
Brazil,BRA,2037,24.1556560305134
Brazil,BRA,2038,23.9884920587579
Brazil,BRA,2039,23.8421819385198
Brazil,BRA,2040,23.7183213780405
Brazil,BRA,2041,23.62122379286
Brazil,BRA,2042,23.5443814705853
Brazil,BRA,2043,23.48483190245
Brazil,BRA,2044,23.4390004625612
Brazil,BRA,2045,23.4029699056248
Brazil,BRA,2046,23.3763226406985
Brazil,BRA,2047,23.3580500822713
Brazil,BRA,2048,23.3439307409499
Brazil,BRA,2049,23.3285908390862
Brazil,BRA,2050,23.3104999038511
Canada,CAN,2000,28.1390896557282
Canada,CAN,2001,27.6133146403172
Canada,CAN,2002,27.1127171610578
Canada,CAN,2003,26.6295141766926
Canada,CAN,2004,26.1173570479874
Canada,CAN,2005,25.5714680946522
Canada,CAN,2006,25.0662565372778
Canada,CAN,2007,24.6697694469833
Canada,CAN,2008,24.3684218344137
Canada,CAN,2009,24.1121994823489
Canada,CAN,2010,23.8908322206312
Canada,CAN,2011,23.7489197725837
Canada,CAN,2012,23.7139894300587
Canada,CAN,2013,23.7539686651532
Canada,CAN,2014,23.836105379821
Canada,CAN,2015,23.9571575134939
Canada,CAN,2016,24.071284555732
Canada,CAN,2017,24.1119327367952
Canada,CAN,2018,24.084610279416
Canada,CAN,2019,24.0408013597788
Canada,CAN,2020,24.00470906495
Canada,CAN,2021,23.9348837860225
Canada,CAN,2022,23.7331513253161
Canada,CAN,2023,23.4238854140278
Canada,CAN,2024,23.2163638159355
Canada,CAN,2025,23.1322769321313
Canada,CAN,2026,23.0611287537175
Canada,CAN,2027,22.9904252795137
Canada,CAN,2028,22.9210490647209
Canada,CAN,2029,22.8516155203562
Canada,CAN,2030,22.7698827196974
Canada,CAN,2031,22.6743583893871
Canada,CAN,2032,22.5765578236273
Canada,CAN,2033,22.4887139272467
Canada,CAN,2034,22.4148430474673
Canada,CAN,2035,22.3548900498414
Canada,CAN,2036,22.2828582574089
Canada,CAN,2037,22.2142500988951
Canada,CAN,2038,22.1649472435211
Canada,CAN,2039,22.1074311410149
Canada,CAN,2040,22.0545678276783
Canada,CAN,2041,22.0192374489394
Canada,CAN,2042,21.9969138151538
Canada,CAN,2043,21.9829589908443
Canada,CAN,2044,21.9793899491092
Canada,CAN,2045,21.9889649389202
Canada,CAN,2046,22.0060981933793
Canada,CAN,2047,22.0279942949347
Canada,CAN,2048,22.0552506913685
Canada,CAN,2049,22.085259117384
Canada,CAN,2050,22.1154815004287
Chile,CHL,2000,41.2459196612302
Chile,CHL,2001,40.3528520793732
Chile,CHL,2002,39.3758200450633
Chile,CHL,2003,38.3147215341894
Chile,CHL,2004,37.1986559029978
Chile,CHL,2005,36.0595106925466
Chile,CHL,2006,34.928402748647
Chile,CHL,2007,33.8893243708109
Chile,CHL,2008,32.98933317861
Chile,CHL,2009,32.1954191969524
Chile,CHL,2010,31.4682620887493
Chile,CHL,2011,30.8027940059462
Chile,CHL,2012,30.2321279395882
Chile,CHL,2013,29.7482769495601
Chile,CHL,2014,29.3400904285109
Chile,CHL,2015,28.9767954437993
Chile,CHL,2016,28.5764837355806
Chile,CHL,2017,28.0838989171031
Chile,CHL,2018,27.5769278850894
Chile,CHL,2019,27.1170935278683
Chile,CHL,2020,26.7005733020693
Chile,CHL,2021,26.2471024942684
Chile,CHL,2022,25.7571015535605
Chile,CHL,2023,25.2230848315009
Chile,CHL,2024,24.6247745577808
Chile,CHL,2025,24.0287808290425
Chile,CHL,2026,23.4294705526207
Chile,CHL,2027,22.8382891389754
Chile,CHL,2028,22.2510554879618
Chile,CHL,2029,21.6590216916775
Chile,CHL,2030,21.0741511700609
Chile,CHL,2031,20.5178479376527
Chile,CHL,2032,20.0363042004511
Chile,CHL,2033,19.602511414835
Chile,CHL,2034,19.2148239042856
Chile,CHL,2035,18.9473149882708
Chile,CHL,2036,18.8201775963442
Chile,CHL,2037,18.7079013779381
Chile,CHL,2038,18.5872053511925
Chile,CHL,2039,18.5323766171091
Chile,CHL,2040,18.4999304310213
Chile,CHL,2041,18.4793403276537
Chile,CHL,2042,18.4663596964432
Chile,CHL,2043,18.4595295728651
Chile,CHL,2044,18.4564005899742
Chile,CHL,2045,18.4566650092443
Chile,CHL,2046,18.4611756295383
Chile,CHL,2047,18.471132437513
Chile,CHL,2048,18.4883584980381
Chile,CHL,2049,18.5144886949532
Chile,CHL,2050,18.5495964082177
China,CHN,2000,35.8630336510379
China,CHN,2001,34.5119277932475
China,CHN,2002,32.9098443873013
China,CHN,2003,31.3210131139287
China,CHN,2004,29.8080014010037
China,CHN,2005,28.2590168343057
China,CHN,2006,27.078241666515
China,CHN,2007,26.3987162076362
China,CHN,2008,25.9237101031735
China,CHN,2009,25.5924121405257
China,CHN,2010,25.3539861052771
China,CHN,2011,25.1954813314775
China,CHN,2012,25.1983113824705
China,CHN,2013,25.3052572204742
China,CHN,2014,25.4546120407726
China,CHN,2015,25.5738445725498
China,CHN,2016,25.7073082039891
China,CHN,2017,25.9716837330442
China,CHN,2018,26.1255676157591
China,CHN,2019,26.0928887428495
China,CHN,2020,25.871551653934
China,CHN,2021,25.402749711839
China,CHN,2022,24.7796296526525
China,CHN,2023,24.0100961427947
China,CHN,2024,23.09032713499
China,CHN,2025,22.1110913170649
China,CHN,2026,21.1282463268221
China,CHN,2027,20.1310405565784
China,CHN,2028,19.2165924631128
China,CHN,2029,18.3356208076347
China,CHN,2030,17.4634656137166
China,CHN,2031,16.5993038042455
China,CHN,2032,15.6643310770362
China,CHN,2033,14.9125776569368
China,CHN,2034,14.3899948329555
China,CHN,2035,14.0734408318041
China,CHN,2036,14.0039349008163
China,CHN,2037,14.0735435455924
China,CHN,2038,14.2425066039269
China,CHN,2039,14.4478866857099
China,CHN,2040,14.6486444138615
China,CHN,2041,14.8476563709939
China,CHN,2042,15.046634872328
China,CHN,2043,15.2511643651326
China,CHN,2044,15.4754676589443
China,CHN,2045,15.715871913084
China,CHN,2046,15.9631909148813
China,CHN,2047,16.221146233523
China,CHN,2048,16.4516857837408
China,CHN,2049,16.640461929605
China,CHN,2050,16.8150228663814
Cyprus,CYP,2000,32.8747053456603
Cyprus,CYP,2001,31.8584851022949
Cyprus,CYP,2002,31.1046762130311
Cyprus,CYP,2003,30.4271749358178
Cyprus,CYP,2004,29.5662814257741
Cyprus,CYP,2005,28.5644303539971
Cyprus,CYP,2006,27.4854709466203
Cyprus,CYP,2007,26.4050656618346
Cyprus,CYP,2008,25.3879704346996
Cyprus,CYP,2009,24.476301879269
Cyprus,CYP,2010,23.69303031952
Cyprus,CYP,2011,23.1421999965998
Cyprus,CYP,2012,22.8284672186866
Cyprus,CYP,2013,22.5971571121042
Cyprus,CYP,2014,22.4247708701478
Cyprus,CYP,2015,22.3440237381103
Cyprus,CYP,2016,22.351958548847
Cyprus,CYP,2017,22.4031255430183
Cyprus,CYP,2018,22.4581411066707
Cyprus,CYP,2019,22.5330278295746
Cyprus,CYP,2020,22.6423939029562
Cyprus,CYP,2021,22.7903338195133
Cyprus,CYP,2022,22.9410873324385
Cyprus,CYP,2023,23.0583825461069
Cyprus,CYP,2024,23.1882410799546
Cyprus,CYP,2025,23.3101884653535
Cyprus,CYP,2026,23.3571807659259
Cyprus,CYP,2027,23.3227061476574
Cyprus,CYP,2028,23.2580355194651
Cyprus,CYP,2029,23.1759116410631
Cyprus,CYP,2030,23.0316601355974
Cyprus,CYP,2031,22.8170390642999
Cyprus,CYP,2032,22.5693718450372
Cyprus,CYP,2033,22.3234813696181
Cyprus,CYP,2034,22.0547807601082
Cyprus,CYP,2035,21.743670941102
Cyprus,CYP,2036,21.384703620399
Cyprus,CYP,2037,21.0079421088595
Cyprus,CYP,2038,20.6452275365943
Cyprus,CYP,2039,20.3108830390412
Cyprus,CYP,2040,20.0233962547714
Cyprus,CYP,2041,19.7913976964288
Cyprus,CYP,2042,19.6133998557052
Cyprus,CYP,2043,19.4931004256042
Cyprus,CYP,2044,19.4308816061873
Cyprus,CYP,2045,19.4244604316547
Cyprus,CYP,2046,19.4733025791046
Cyprus,CYP,2047,19.5758718685486
Cyprus,CYP,2048,19.7289878621521
Cyprus,CYP,2049,19.930329274567
Cyprus,CYP,2050,20.1769355031061
Czechia,CZE,2000,23.5912527249115
Czechia,CZE,2001,22.9019523888209
Czechia,CZE,2002,22.2671693521769
Czechia,CZE,2003,21.6619665428771
Czechia,CZE,2004,21.1143693396099
Czechia,CZE,2005,20.6499819900079
Czechia,CZE,2006,20.2606381565232
Czechia,CZE,2007,20.0400109745322
Czechia,CZE,2008,20.0095768281442
Czechia,CZE,2009,20.1663397844774
Czechia,CZE,2010,20.5346189022129
Czechia,CZE,2011,20.9927582536363
Czechia,CZE,2012,21.4713079829479
Czechia,CZE,2013,21.9527814236689
Czechia,CZE,2014,22.4321917463982
Czechia,CZE,2015,22.9231762791193
Czechia,CZE,2016,23.415178183902
Czechia,CZE,2017,23.9110188839937
Czechia,CZE,2018,24.387802986534
Czechia,CZE,2019,24.8072189936425
Czechia,CZE,2020,25.120900899341
Czechia,CZE,2021,25.3477240765871
Czechia,CZE,2022,25.1010482828355
Czechia,CZE,2023,24.5743480861106
Czechia,CZE,2024,24.1498436144373
Czechia,CZE,2025,23.6696791195553
Czechia,CZE,2026,23.264339336245
Czechia,CZE,2027,22.9497837201092
Czechia,CZE,2028,22.6639585975602
Czechia,CZE,2029,22.3852825522966
Czechia,CZE,2030,22.0622907431167
Czechia,CZE,2031,21.6902471590819
Czechia,CZE,2032,21.2814335532502
Czechia,CZE,2033,20.8742476650523
Czechia,CZE,2034,20.5120062114874
Czechia,CZE,2035,20.2221884198771
Czechia,CZE,2036,19.9495479343776
Czechia,CZE,2037,19.8093458331201
Czechia,CZE,2038,19.9546215331511
Czechia,CZE,2039,20.277048236385
Czechia,CZE,2040,20.6647692196013
Czechia,CZE,2041,21.086084563923
Czechia,CZE,2042,21.5331112653663
Czechia,CZE,2043,22.0067023433093
Czechia,CZE,2044,22.4967917860225
Czechia,CZE,2045,22.9680159410727
Czechia,CZE,2046,23.4010754454511
Czechia,CZE,2047,23.8088834108291
Czechia,CZE,2048,24.188875451654
Czechia,CZE,2049,24.5331670429733
Czechia,CZE,2050,24.8395364866029
Ecuador,ECU,2000,59.0746809884425
Ecuador,ECU,2001,58.2213911935274
Ecuador,ECU,2002,57.3678228728005
Ecuador,ECU,2003,56.4905081297733
Ecuador,ECU,2004,55.5640299822029
Ecuador,ECU,2005,54.5923055999572
Ecuador,ECU,2006,53.5872550414146
Ecuador,ECU,2007,52.570281422984
Ecuador,ECU,2008,51.6032526472122
Ecuador,ECU,2009,50.7253286274733
Ecuador,ECU,2010,49.8734777528196
Ecuador,ECU,2011,49.0157486828874
Ecuador,ECU,2012,48.152082652329
Ecuador,ECU,2013,47.2200399125045
Ecuador,ECU,2014,46.2128683196602
Ecuador,ECU,2015,45.1673733619485
Ecuador,ECU,2016,44.0716423973308
Ecuador,ECU,2017,42.9725537026775
Ecuador,ECU,2018,41.89563676813
Ecuador,ECU,2019,40.8610821101763
Ecuador,ECU,2020,39.9638217906488
Ecuador,ECU,2021,39.1491792777126
Ecuador,ECU,2022,38.2945348203168
Ecuador,ECU,2023,37.3748619183195
Ecuador,ECU,2024,36.3925485282803
Ecuador,ECU,2025,35.4034821147983
Ecuador,ECU,2026,34.4319874740809
Ecuador,ECU,2027,33.5061780542044
Ecuador,ECU,2028,32.7226662337057
Ecuador,ECU,2029,32.0741256587439
Ecuador,ECU,2030,31.4997399093083
Ecuador,ECU,2031,30.9973452310559
Ecuador,ECU,2032,30.516727989736
Ecuador,ECU,2033,30.0109932129931
Ecuador,ECU,2034,29.5371045520327
Ecuador,ECU,2035,29.134131054299
Ecuador,ECU,2036,28.7997182640558
Ecuador,ECU,2037,28.5259011961892
Ecuador,ECU,2038,28.299441686399
Ecuador,ECU,2039,28.0972292688192
Ecuador,ECU,2040,27.900865696731
Ecuador,ECU,2041,27.7043256830244
Ecuador,ECU,2042,27.5042688448227
Ecuador,ECU,2043,27.3003694924682
Ecuador,ECU,2044,27.0943057715066
Ecuador,ECU,2045,26.8880572132606
Ecuador,ECU,2046,26.6830049549246
Ecuador,ECU,2047,26.4818714433127
Ecuador,ECU,2048,26.2851166911605
Ecuador,ECU,2049,26.0937164938208
Ecuador,ECU,2050,25.9050011133835
Egypt,EGY,2000,62.5739342077394
Egypt,EGY,2001,61.1699530880177
Egypt,EGY,2002,59.8430297022227
Egypt,EGY,2003,58.5542208455465
Egypt,EGY,2004,57.3467030300573
Egypt,EGY,2005,56.3079808775792
Egypt,EGY,2006,55.4956448948339
Egypt,EGY,2007,54.9409479469398
Egypt,EGY,2008,54.6196136196509
Egypt,EGY,2009,54.4759955316666
Egypt,EGY,2010,54.4965233642973
Egypt,EGY,2011,54.5210442679833
Egypt,EGY,2012,54.5623914832307
Egypt,EGY,2013,54.6775635185456
Egypt,EGY,2014,54.8564601270162
Egypt,EGY,2015,55.1726995219671
Egypt,EGY,2016,55.3922593425575
Egypt,EGY,2017,55.4280694648096
Egypt,EGY,2018,55.2169179224072
Egypt,EGY,2019,54.7189630586242
Egypt,EGY,2020,54.1349009642094
Egypt,EGY,2021,53.477218427384
Egypt,EGY,2022,52.713744569238
Egypt,EGY,2023,51.8172664365122
Egypt,EGY,2024,50.8747635738631
Egypt,EGY,2025,49.9524953651169
Egypt,EGY,2026,48.9912087780623
Egypt,EGY,2027,47.9338009874739
Egypt,EGY,2028,46.7428288065473
Egypt,EGY,2029,45.4996724942952
Egypt,EGY,2030,44.2696597237305
Egypt,EGY,2031,43.1683944691029
Egypt,EGY,2032,42.2279993559935
Egypt,EGY,2033,41.5328428495517
Egypt,EGY,2034,41.138846290341
Egypt,EGY,2035,40.8599540070949
Egypt,EGY,2036,40.6606589470677
Egypt,EGY,2037,40.5240521382779
Egypt,EGY,2038,40.3798747340909
Egypt,EGY,2039,40.226311928644
Egypt,EGY,2040,40.0770226743023
Egypt,EGY,2041,39.9371587881988
Egypt,EGY,2042,39.7946076931483
Egypt,EGY,2043,39.6400714407733
Egypt,EGY,2044,39.4610816349872
Egypt,EGY,2045,39.2454032118627
Egypt,EGY,2046,38.9893977146254
Egypt,EGY,2047,38.69622791698
Egypt,EGY,2048,38.3708767177989
Egypt,EGY,2049,38.013547538516
Egypt,EGY,2050,37.6261494797422
Ethiopia,ETH,2000,96.1976630300492
Ethiopia,ETH,2001,96.4772230585121
Ethiopia,ETH,2002,96.3998362179868
Ethiopia,ETH,2003,96.0698576708954
Ethiopia,ETH,2004,95.5947702654432
Ethiopia,ETH,2005,94.9992213132915
Ethiopia,ETH,2006,94.2189482250408
Ethiopia,ETH,2007,93.1683203735081
Ethiopia,ETH,2008,91.8854788630763
Ethiopia,ETH,2009,90.3875694065593
Ethiopia,ETH,2010,88.6764450299881
Ethiopia,ETH,2011,86.817293332819
Ethiopia,ETH,2012,84.8572611931426
Ethiopia,ETH,2013,82.8731267513763
Ethiopia,ETH,2014,80.9155668691289
Ethiopia,ETH,2015,79.0432306068347
Ethiopia,ETH,2016,77.2674569238235
Ethiopia,ETH,2017,75.5969967040518
Ethiopia,ETH,2018,74.1217900224762
Ethiopia,ETH,2019,72.8341998037791
Ethiopia,ETH,2020,71.6193612520986
Ethiopia,ETH,2021,70.4849921111863
Ethiopia,ETH,2022,69.4524318139795
Ethiopia,ETH,2023,68.5059970244289
Ethiopia,ETH,2024,67.6829814187754
Ethiopia,ETH,2025,66.9487000412022
Ethiopia,ETH,2026,66.26389445826
Ethiopia,ETH,2027,65.6520699626788
Ethiopia,ETH,2028,65.1207237371621
Ethiopia,ETH,2029,64.5909380885591
Ethiopia,ETH,2030,63.9870604379672
Ethiopia,ETH,2031,63.291966361243
Ethiopia,ETH,2032,62.508953739249
Ethiopia,ETH,2033,61.6331421981995
Ethiopia,ETH,2034,60.641618149359
Ethiopia,ETH,2035,59.5681524257247
Ethiopia,ETH,2036,58.4747309301142
Ethiopia,ETH,2037,57.3904879979412
Ethiopia,ETH,2038,56.3270368777853
Ethiopia,ETH,2039,55.2832064979671
Ethiopia,ETH,2040,54.2792273705367
Ethiopia,ETH,2041,53.3293674545099
Ethiopia,ETH,2042,52.421840004595
Ethiopia,ETH,2043,51.5538407040071
Ethiopia,ETH,2044,50.7236174718358
Ethiopia,ETH,2045,49.9318115972913
Ethiopia,ETH,2046,49.1751354289443
Ethiopia,ETH,2047,48.4485258488609
Ethiopia,ETH,2048,47.7563973084009
Ethiopia,ETH,2049,47.105589248034
Ethiopia,ETH,2050,46.4935645939088
Germany,DEU,2000,23.0587659515346
Germany,DEU,2001,22.8778139021257
Germany,DEU,2002,22.6204568894395
Germany,DEU,2003,22.3186023394632
Germany,DEU,2004,22.0274291765875
Germany,DEU,2005,21.7458265566651
Germany,DEU,2006,21.4363310956692
Germany,DEU,2007,21.1823380035117
Germany,DEU,2008,21.0158117972521
Germany,DEU,2009,20.9326427257687
Germany,DEU,2010,20.8338823882359
Germany,DEU,2011,20.6056346172564
Germany,DEU,2012,20.2978535421048
Germany,DEU,2013,20.0631663677379
Germany,DEU,2014,20.0101708291702
Germany,DEU,2015,20.0955388462889
Germany,DEU,2016,20.3338363835629
Germany,DEU,2017,20.6239913786603
Germany,DEU,2018,20.8695376352005
Germany,DEU,2019,21.1139029701573
Germany,DEU,2020,21.3712814284113
Germany,DEU,2021,21.6500899253927
Germany,DEU,2022,21.865229937749
Germany,DEU,2023,21.9854736239661
Germany,DEU,2024,22.1167435478324
Germany,DEU,2025,22.2491597839634
Germany,DEU,2026,22.3894084343041
Germany,DEU,2027,22.5446276632501
Germany,DEU,2028,22.6738578064415
Germany,DEU,2029,22.7609267559645
Germany,DEU,2030,22.7773362608983
Germany,DEU,2031,22.7215779826012
Germany,DEU,2032,22.6134255817474
Germany,DEU,2033,22.4891759007232
Germany,DEU,2034,22.3609641295856
Germany,DEU,2035,22.230015931804
Germany,DEU,2036,22.0557420436408
Germany,DEU,2037,21.9055626444912
Germany,DEU,2038,21.8263982704645
Germany,DEU,2039,21.762817451139
Germany,DEU,2040,21.7177097949764
Germany,DEU,2041,21.7020174120311
Germany,DEU,2042,21.7273293214909
Germany,DEU,2043,21.7912110504189
Germany,DEU,2044,21.8909624148956
Germany,DEU,2045,22.0392412078669
Germany,DEU,2046,22.2306899520047
Germany,DEU,2047,22.4502327114441
Germany,DEU,2048,22.6889885586216
Germany,DEU,2049,22.9376620447617
Germany,DEU,2050,23.195360915797
Greece,GRC,2000,23.5625747969904
Greece,GRC,2001,23.4891398683384
Greece,GRC,2002,23.3693503583658
Greece,GRC,2003,23.0981373728002
Greece,GRC,2004,22.7827072769754
Greece,GRC,2005,22.494699327337
Greece,GRC,2006,22.2376748800113
Greece,GRC,2007,22.0290429709285
Greece,GRC,2008,21.9564062101323
Greece,GRC,2009,22.0115586020256
Greece,GRC,2010,22.101607767697
Greece,GRC,2011,22.2453864745961
Greece,GRC,2012,22.418271445747
Greece,GRC,2013,22.537467694462
Greece,GRC,2014,22.5405608690021
Greece,GRC,2015,22.4786975567213
Greece,GRC,2016,22.5010745920166
Greece,GRC,2017,22.5581811091346
Greece,GRC,2018,22.5442268460958
Greece,GRC,2019,22.4856208227914
Greece,GRC,2020,22.3378405677026
Greece,GRC,2021,22.2094780887736
Greece,GRC,2022,22.0080368372807
Greece,GRC,2023,21.5902982412416
Greece,GRC,2024,21.0363434610106
Greece,GRC,2025,20.4808366829307
Greece,GRC,2026,20.0390804995384
Greece,GRC,2027,19.6562707413899
Greece,GRC,2028,19.3432327185098
Greece,GRC,2029,19.0744669823616
Greece,GRC,2030,18.8116045519213
Greece,GRC,2031,18.5365605188415
Greece,GRC,2032,18.3170283218944
Greece,GRC,2033,18.2021999498123
Greece,GRC,2034,18.1765141194477
Greece,GRC,2035,18.2090147586757
Greece,GRC,2036,18.2440522994832
Greece,GRC,2037,18.376023211098
Greece,GRC,2038,18.6172498810456
Greece,GRC,2039,18.8917791143125
Greece,GRC,2040,19.2000666028207
Greece,GRC,2041,19.538742757497
Greece,GRC,2042,19.9115454386477
Greece,GRC,2043,20.3070953818953
Greece,GRC,2044,20.7265739915968
Greece,GRC,2045,21.1587614142135
Greece,GRC,2046,21.5864468526328
Greece,GRC,2047,21.9879842238823
Greece,GRC,2048,22.3458565728558
Greece,GRC,2049,22.637903295046
Greece,GRC,2050,22.8524828708865
Guatemala,GTM,2000,83.6320476790529
Guatemala,GTM,2001,82.8797338393324
Guatemala,GTM,2002,81.8937008074519
Guatemala,GTM,2003,80.65416371358
Guatemala,GTM,2004,79.2232221593989
Guatemala,GTM,2005,77.6774953276408
Guatemala,GTM,2006,76.0568850425966
Guatemala,GTM,2007,74.3782624266844
Guatemala,GTM,2008,72.6506157900758
Guatemala,GTM,2009,70.8917911100996
Guatemala,GTM,2010,69.1274477033965
Guatemala,GTM,2011,67.3937384358093
Guatemala,GTM,2012,65.7335063387799
Guatemala,GTM,2013,64.1470093431454
Guatemala,GTM,2014,62.6515694443138
Guatemala,GTM,2015,61.2629219524291
Guatemala,GTM,2016,59.9168790631213
Guatemala,GTM,2017,58.6124579955119
Guatemala,GTM,2018,57.3807910386109
Guatemala,GTM,2019,56.146103141523
Guatemala,GTM,2020,54.8330236532186
Guatemala,GTM,2021,53.519938713402
Guatemala,GTM,2022,52.2120617592405
Guatemala,GTM,2023,50.9092614168853
Guatemala,GTM,2024,49.6702323977954
Guatemala,GTM,2025,48.469916416261
Guatemala,GTM,2026,47.2917394051581
Guatemala,GTM,2027,46.1241184735653
Guatemala,GTM,2028,44.9859342710486
Guatemala,GTM,2029,43.8797448297251
Guatemala,GTM,2030,42.7876617525763
Guatemala,GTM,2031,41.7102348721061
Guatemala,GTM,2032,40.6898641991392
Guatemala,GTM,2033,39.7752557922408
Guatemala,GTM,2034,38.9991736978393
Guatemala,GTM,2035,38.371823715682
Guatemala,GTM,2036,37.8466960417065
Guatemala,GTM,2037,37.3656979310912
Guatemala,GTM,2038,36.8934136553624
Guatemala,GTM,2039,36.4154903238556
Guatemala,GTM,2040,35.9311912378974
Guatemala,GTM,2041,35.4477625748257
Guatemala,GTM,2042,34.9715625765931
Guatemala,GTM,2043,34.5044433250453
Guatemala,GTM,2044,34.0429415860192
Guatemala,GTM,2045,33.5858790074518
Guatemala,GTM,2046,33.1349339619536
Guatemala,GTM,2047,32.6910958220078
Guatemala,GTM,2048,32.2562938532627
Guatemala,GTM,2049,31.8315146914409
Guatemala,GTM,2050,31.4155292964914
India,IND,2000,59.2192821422475
India,IND,2001,58.2497185633088
India,IND,2002,57.2953237699307
India,IND,2003,56.3432300811316
India,IND,2004,55.3477131235162
India,IND,2005,54.3394900298151
India,IND,2006,53.3048204008132
India,IND,2007,52.2518753881967
India,IND,2008,51.226131880528
India,IND,2009,50.2131556109369
India,IND,2010,49.1898177203431
India,IND,2011,48.1689410271984
India,IND,2012,47.1622662551556
India,IND,2013,46.1494472947975
India,IND,2014,45.1093134210994
India,IND,2015,44.0627505073559
India,IND,2016,43.0253333496195
India,IND,2017,41.9854581257956
India,IND,2018,41.0000474760581
India,IND,2019,40.0816236562874
India,IND,2020,39.1824013206153
India,IND,2021,38.3501503332631
India,IND,2022,37.5851126989677
India,IND,2023,36.8371935149437
India,IND,2024,36.0897761240317
India,IND,2025,35.3586391365505
India,IND,2026,34.6690900300044
India,IND,2027,34.0157125749143
India,IND,2028,33.4086716702366
India,IND,2029,32.8885145177077
India,IND,2030,32.4209192463455
India,IND,2031,31.9431286337233
India,IND,2032,31.5035600651806
India,IND,2033,31.0964768315084
India,IND,2034,30.7062248022268
India,IND,2035,30.3764506985885
India,IND,2036,30.0877660063838
India,IND,2037,29.8043762800952
India,IND,2038,29.5181301075866
India,IND,2039,29.2292657088541
India,IND,2040,28.9404698618123
India,IND,2041,28.6544559746209
India,IND,2042,28.3691834067216
India,IND,2043,28.0859491813428
India,IND,2044,27.8086469009421
India,IND,2045,27.5384877472593
India,IND,2046,27.2767683719725
India,IND,2047,27.0254338354904
India,IND,2048,26.7857097302058
India,IND,2049,26.5595960826054
India,IND,2050,26.3473524309816
Indonesia,IDN,2000,47.9913719110371
Indonesia,IDN,2001,47.167067818387
Indonesia,IDN,2002,46.4287673784237
Indonesia,IDN,2003,45.7036118113745
Indonesia,IDN,2004,45.0060893394633
Indonesia,IDN,2005,44.4174573603379
Indonesia,IDN,2006,43.9120596217585
Indonesia,IDN,2007,43.4626587580105
Indonesia,IDN,2008,43.0435339873799
Indonesia,IDN,2009,42.6068127279811
Indonesia,IDN,2010,42.1815402841034
Indonesia,IDN,2011,41.7874894219948
Indonesia,IDN,2012,41.4134211610706
Indonesia,IDN,2013,41.026744974545
Indonesia,IDN,2014,40.6410616253372
Indonesia,IDN,2015,40.2758180765794
Indonesia,IDN,2016,39.9143072402889
Indonesia,IDN,2017,39.5296980600991
Indonesia,IDN,2018,39.1224727494036
Indonesia,IDN,2019,38.6992545650964
Indonesia,IDN,2020,38.2405474687497
Indonesia,IDN,2021,37.7560824212457
Indonesia,IDN,2022,37.2217903266518
Indonesia,IDN,2023,36.6595188153093
Indonesia,IDN,2024,36.1129003390269
Indonesia,IDN,2025,35.5479512359149
Indonesia,IDN,2026,34.9316147275075
Indonesia,IDN,2027,34.2805665586192
Indonesia,IDN,2028,33.6779256984715
Indonesia,IDN,2029,33.1542754533422
Indonesia,IDN,2030,32.6934072389668
Indonesia,IDN,2031,32.2899377666141
Indonesia,IDN,2032,31.9526585581652
Indonesia,IDN,2033,31.678267260848
Indonesia,IDN,2034,31.4369319202735
Indonesia,IDN,2035,31.2143360890848
Indonesia,IDN,2036,31.0138466708654
Indonesia,IDN,2037,30.8365640482795
Indonesia,IDN,2038,30.6817059962789
Indonesia,IDN,2039,30.5409093622649
Indonesia,IDN,2040,30.4088074356998
Indonesia,IDN,2041,30.2876731788592
Indonesia,IDN,2042,30.1729267535266
Indonesia,IDN,2043,30.0658696212121
Indonesia,IDN,2044,29.9645322796682
Indonesia,IDN,2045,29.8613573674961
Indonesia,IDN,2046,29.7504704051219
Indonesia,IDN,2047,29.630732198323
Indonesia,IDN,2048,29.5018428875915
Indonesia,IDN,2049,29.3616419315655
Indonesia,IDN,2050,29.2042964926164
Iran,IRN,2000,53.9050579028671
Iran,IRN,2001,49.6197669190011
Iran,IRN,2002,46.0567970867084
Iran,IRN,2003,42.9995426641652
Iran,IRN,2004,40.2705676615727
Iran,IRN,2005,38.004943392639
Iran,IRN,2006,36.1835973178753
Iran,IRN,2007,34.7979960909671
Iran,IRN,2008,33.8143801866036
Iran,IRN,2009,33.1863574985055
Iran,IRN,2010,32.8364854876123
Iran,IRN,2011,32.6804399808875
Iran,IRN,2012,32.6519194738435
Iran,IRN,2013,32.7653290479848
Iran,IRN,2014,33.060419573654
Iran,IRN,2015,33.5088999030034
Iran,IRN,2016,33.9610612147209
Iran,IRN,2017,34.3308178964846
Iran,IRN,2018,34.5862475853516
Iran,IRN,2019,34.621037677189
Iran,IRN,2020,34.4570602708002
Iran,IRN,2021,34.1090457081754
Iran,IRN,2022,33.5810812437083
Iran,IRN,2023,32.9825099948806
Iran,IRN,2024,32.3722409984281
Iran,IRN,2025,31.7329248629575
Iran,IRN,2026,31.0400220475609
Iran,IRN,2027,30.2736198862815
Iran,IRN,2028,29.4095763100153
Iran,IRN,2029,28.4480483288712
Iran,IRN,2030,27.415246270821
Iran,IRN,2031,26.3740541542025
Iran,IRN,2032,25.3879102475687
Iran,IRN,2033,24.5501128751874
Iran,IRN,2034,23.949108667675
Iran,IRN,2035,23.5461398462188
Iran,IRN,2036,23.2355038348115
Iran,IRN,2037,22.9638803988154
Iran,IRN,2038,22.7375579182912
Iran,IRN,2039,22.570368505109
Iran,IRN,2040,22.4689340937201
Iran,IRN,2041,22.4387981827129
Iran,IRN,2042,22.4660557747881
Iran,IRN,2043,22.5447862988252
Iran,IRN,2044,22.6774353459754
Iran,IRN,2045,22.8601933937114
Iran,IRN,2046,23.0887398097813
Iran,IRN,2047,23.3368725909505
Iran,IRN,2048,23.5934438451799
Iran,IRN,2049,23.8662080958487
Iran,IRN,2050,24.1346541901217
Ireland,IRL,2000,32.4940377498744
Ireland,IRL,2001,31.7693454800968
Ireland,IRL,2002,31.1788172422334
Ireland,IRL,2003,30.8435261884484
Ireland,IRL,2004,30.5447298893588
Ireland,IRL,2005,30.1342697600904
Ireland,IRL,2006,29.6550935365524
Ireland,IRL,2007,29.4524252912916
Ireland,IRL,2008,29.7667822710044
Ireland,IRL,2009,30.4333849275471
Ireland,IRL,2010,31.2263688991008
Ireland,IRL,2011,31.9099036438895
Ireland,IRL,2012,32.348699916018
Ireland,IRL,2013,32.5527163663034
Ireland,IRL,2014,32.5918180877446
Ireland,IRL,2015,32.5109076543646
Ireland,IRL,2016,32.3173627107971
Ireland,IRL,2017,32.0313506610763
Ireland,IRL,2018,31.6757397454298
Ireland,IRL,2019,31.2388986671422
Ireland,IRL,2020,30.765678960875
Ireland,IRL,2021,30.3121884204851
Ireland,IRL,2022,29.7569587961576
Ireland,IRL,2023,29.0597001174655
Ireland,IRL,2024,28.3063120211297
Ireland,IRL,2025,27.5449534515371
Ireland,IRL,2026,26.8133227734851
Ireland,IRL,2027,26.1544120059565
Ireland,IRL,2028,25.5922958386575
Ireland,IRL,2029,25.1249510635521
Ireland,IRL,2030,24.7445157121822
Ireland,IRL,2031,24.3949488288498
Ireland,IRL,2032,24.0691689504332
Ireland,IRL,2033,23.8035700340508
Ireland,IRL,2034,23.6203965506611
Ireland,IRL,2035,23.5575331965402
Ireland,IRL,2036,23.5075986624752
Ireland,IRL,2037,23.5317977876663
Ireland,IRL,2038,23.7089182386534
Ireland,IRL,2039,23.9320010813954
Ireland,IRL,2040,24.2003456579518
Ireland,IRL,2041,24.5058435100451
Ireland,IRL,2042,24.8322050798363
Ireland,IRL,2043,25.172339859817
Ireland,IRL,2044,25.5279258840976
Ireland,IRL,2045,25.8841349929176
Ireland,IRL,2046,26.2060010008191
Ireland,IRL,2047,26.4743384010236
Ireland,IRL,2048,26.6804791337327
Ireland,IRL,2049,26.8142095862303
Ireland,IRL,2050,26.8769209379818
Japan,JPN,2000,21.0926758000701
Japan,JPN,2001,20.9861581072766
Japan,JPN,2002,20.907496587041
Japan,JPN,2003,20.8308401123161
Japan,JPN,2004,20.8033414812121
Japan,JPN,2005,20.8477396216678
Japan,JPN,2006,20.9145360736106
Japan,JPN,2007,20.9850359140114
Japan,JPN,2008,21.0740424243022
Japan,JPN,2009,21.0981677739152
Japan,JPN,2010,21.0462905004547
Japan,JPN,2011,21.0751153930402
Japan,JPN,2012,21.1845129496144
Japan,JPN,2013,21.2854317445562
Japan,JPN,2014,21.3323493703492
Japan,JPN,2015,21.3246175037369
Japan,JPN,2016,21.2888950329705
Japan,JPN,2017,21.2201822483563
Japan,JPN,2018,21.1130318403094
Japan,JPN,2019,20.9586109542873
Japan,JPN,2020,20.7620291017674
Japan,JPN,2021,20.5130132579451
Japan,JPN,2022,20.189404555761
Japan,JPN,2023,19.8154590597892
Japan,JPN,2024,19.4547348181095
Japan,JPN,2025,19.123489988255
Japan,JPN,2026,18.8014988031981
Japan,JPN,2027,18.4974114109871
Japan,JPN,2028,18.2147574860142
Japan,JPN,2029,17.975263093308
Japan,JPN,2030,17.775597418204
Japan,JPN,2031,17.5705639561044
Japan,JPN,2032,17.4362656305876
Japan,JPN,2033,17.4114330336141
Japan,JPN,2034,17.4598352694581
Japan,JPN,2035,17.591369575886
Japan,JPN,2036,17.7961729580976
Japan,JPN,2037,18.0706795974444
Japan,JPN,2038,18.425109849556
Japan,JPN,2039,18.8292337025326
Japan,JPN,2040,19.2226585549232
Japan,JPN,2041,19.5987855595553
Japan,JPN,2042,19.9586650929702
Japan,JPN,2043,20.3032545744474
Japan,JPN,2044,20.6284908467671
Japan,JPN,2045,20.925760232471
Japan,JPN,2046,21.1905477748105
Japan,JPN,2047,21.4221805118181
Japan,JPN,2048,21.6273441145916
Japan,JPN,2049,21.8031057326982
Japan,JPN,2050,21.9356169853161
Jordan,JOR,2000,69.9504844881441
Jordan,JOR,2001,69.3331901642865
Jordan,JOR,2002,68.60340582969
Jordan,JOR,2003,67.8019626650926
Jordan,JOR,2004,66.8356053855214
Jordan,JOR,2005,65.7544237434406
Jordan,JOR,2006,64.5239645441424
Jordan,JOR,2007,63.2232386469103
Jordan,JOR,2008,61.940891075037
Jordan,JOR,2009,60.6954411316
Jordan,JOR,2010,59.4464347266768
Jordan,JOR,2011,58.2502650299673
Jordan,JOR,2012,57.1568919372393
Jordan,JOR,2013,56.5917975790841
Jordan,JOR,2014,56.6311167951253
Jordan,JOR,2015,56.2598837395371
Jordan,JOR,2016,55.465038376192
Jordan,JOR,2017,54.6868613281632
Jordan,JOR,2018,53.8154958059461
Jordan,JOR,2019,52.8793398302411
Jordan,JOR,2020,51.9156140759018
Jordan,JOR,2021,50.9279610459247
Jordan,JOR,2022,49.7666614755056
Jordan,JOR,2023,48.449213121687
Jordan,JOR,2024,47.3216945002654
Jordan,JOR,2025,46.4198447124907
Jordan,JOR,2026,45.300095092333
Jordan,JOR,2027,44.0221915506388
Jordan,JOR,2028,42.9095609222319
Jordan,JOR,2029,41.8877089256377
Jordan,JOR,2030,41.0279457920427
Jordan,JOR,2031,40.3565019010686
Jordan,JOR,2032,39.7782199546578
Jordan,JOR,2033,39.2879977441349
Jordan,JOR,2034,38.8680523122151
Jordan,JOR,2035,38.5106306045704
Jordan,JOR,2036,38.2130614320021
Jordan,JOR,2037,37.967414307762
Jordan,JOR,2038,37.756835725267
Jordan,JOR,2039,37.5681702298641
Jordan,JOR,2040,37.3958940404555
Jordan,JOR,2041,37.2517300836137
Jordan,JOR,2042,37.1234851011757
Jordan,JOR,2043,36.9762673645576
Jordan,JOR,2044,36.7954316855526
Jordan,JOR,2045,36.5789716484473
Jordan,JOR,2046,36.333006666907
Jordan,JOR,2047,36.055496647462
Jordan,JOR,2048,35.7398633767277
Jordan,JOR,2049,35.3900229215652
Jordan,JOR,2050,35.011786611614
Kazakhstan,KAZ,2000,42.0833649323924
Kazakhstan,KAZ,2001,40.617381328674
Kazakhstan,KAZ,2002,39.2285923155666
Kazakhstan,KAZ,2003,38.0565437099131
Kazakhstan,KAZ,2004,37.2130196340574
Kazakhstan,KAZ,2005,36.6542721428986
Kazakhstan,KAZ,2006,36.3420287144404
Kazakhstan,KAZ,2007,36.2975423787862
Kazakhstan,KAZ,2008,36.53676404816
Kazakhstan,KAZ,2009,36.860436209976
Kazakhstan,KAZ,2010,37.2437952930811
Kazakhstan,KAZ,2011,37.8957616264418
Kazakhstan,KAZ,2012,38.8084581189224
Kazakhstan,KAZ,2013,39.8661073297899
Kazakhstan,KAZ,2014,41.019605184548
Kazakhstan,KAZ,2015,42.2081212408886
Kazakhstan,KAZ,2016,43.3424638322529
Kazakhstan,KAZ,2017,44.3435246276118
Kazakhstan,KAZ,2018,45.0945818405247
Kazakhstan,KAZ,2019,45.6865642425312
Kazakhstan,KAZ,2020,46.2626228138205
Kazakhstan,KAZ,2021,46.9900614165434
Kazakhstan,KAZ,2022,47.4874998029874
Kazakhstan,KAZ,2023,47.5265988050699
Kazakhstan,KAZ,2024,47.3965309646641
Kazakhstan,KAZ,2025,47.1022324775247
Kazakhstan,KAZ,2026,46.6822899887698
Kazakhstan,KAZ,2027,46.1808034058775
Kazakhstan,KAZ,2028,45.6133555173746
Kazakhstan,KAZ,2029,44.998329733773
Kazakhstan,KAZ,2030,44.3622344254959
Kazakhstan,KAZ,2031,43.7141149092366
Kazakhstan,KAZ,2032,43.0650980311316
Kazakhstan,KAZ,2033,42.4239296237444
Kazakhstan,KAZ,2034,41.7745308210451
Kazakhstan,KAZ,2035,41.1041662686466
Kazakhstan,KAZ,2036,40.3227005224317
Kazakhstan,KAZ,2037,39.6753604448545
Kazakhstan,KAZ,2038,39.3203390776976
Kazakhstan,KAZ,2039,39.0888853911362
Kazakhstan,KAZ,2040,38.9718921329494
Kazakhstan,KAZ,2041,38.955918038081
Kazakhstan,KAZ,2042,39.0162719513134
Kazakhstan,KAZ,2043,39.1310899421237
Kazakhstan,KAZ,2044,39.2860037416475
Kazakhstan,KAZ,2045,39.4597638360638
Kazakhstan,KAZ,2046,39.6382422594355
Kazakhstan,KAZ,2047,39.805225057451
Kazakhstan,KAZ,2048,39.9472398040714
Kazakhstan,KAZ,2049,40.0619052880486
Kazakhstan,KAZ,2050,40.1399388487072
Kenya,KEN,2000,89.1343719337372
Kenya,KEN,2001,87.6764987432959
Kenya,KEN,2002,86.3057892760147
Kenya,KEN,2003,85.0897981429328
Kenya,KEN,2004,83.949162521567
Kenya,KEN,2005,82.9944563361488
Kenya,KEN,2006,82.2361136448911
Kenya,KEN,2007,81.6828676896582
Kenya,KEN,2008,81.242576963352
Kenya,KEN,2009,80.8163964805926
Kenya,KEN,2010,80.3675406278004
Kenya,KEN,2011,79.7799123101603
Kenya,KEN,2012,79.0072462311667
Kenya,KEN,2013,78.0213284460452
Kenya,KEN,2014,76.8741388885906
Kenya,KEN,2015,75.5948985136305
Kenya,KEN,2016,74.176319770667
Kenya,KEN,2017,72.6598544446139
Kenya,KEN,2018,71.0905607161975
Kenya,KEN,2019,69.4770961416214
Kenya,KEN,2020,67.8171397385146
Kenya,KEN,2021,66.1392886812234
Kenya,KEN,2022,64.4567057313406
Kenya,KEN,2023,62.7890779945994
Kenya,KEN,2024,61.1917280006556
Kenya,KEN,2025,59.7118626621079
Kenya,KEN,2026,58.3876070884484
Kenya,KEN,2027,57.2536965687378
Kenya,KEN,2028,56.3080216146206
Kenya,KEN,2029,55.5086073392599
Kenya,KEN,2030,54.7967207773698
Kenya,KEN,2031,54.1539351176347
Kenya,KEN,2032,53.5774872346482
Kenya,KEN,2033,53.0463655983788
Kenya,KEN,2034,52.5635018867528
Kenya,KEN,2035,52.1150068384906
Kenya,KEN,2036,51.6545863569164
Kenya,KEN,2037,51.1654753062291
Kenya,KEN,2038,50.6479741165832
Kenya,KEN,2039,50.0949068679145
Kenya,KEN,2040,49.5058991167775
Kenya,KEN,2041,48.889686084218
Kenya,KEN,2042,48.2469125656766
Kenya,KEN,2043,47.5785497268099
Kenya,KEN,2044,46.8866696256024
Kenya,KEN,2045,46.1736016364776
Kenya,KEN,2046,45.4456361292394
Kenya,KEN,2047,44.7143938050259
Kenya,KEN,2048,43.9941741978015
Kenya,KEN,2049,43.2926552840116
Kenya,KEN,2050,42.6129129620404
Kyrgyzstan,KGZ,2000,59.1900386407176
Kyrgyzstan,KGZ,2001,57.5027840440035
Kyrgyzstan,KGZ,2002,55.7792601496696
Kyrgyzstan,KGZ,2003,54.1954554914535
Kyrgyzstan,KGZ,2004,52.7846633520997
Kyrgyzstan,KGZ,2005,51.4958002477831
Kyrgyzstan,KGZ,2006,50.2386550677264
Kyrgyzstan,KGZ,2007,48.9691208795468
Kyrgyzstan,KGZ,2008,47.6753453811379
Kyrgyzstan,KGZ,2009,46.6636221964711
Kyrgyzstan,KGZ,2010,46.3297640796721
Kyrgyzstan,KGZ,2011,46.655052284082
Kyrgyzstan,KGZ,2012,47.5055544003338
Kyrgyzstan,KGZ,2013,48.4662439474726
Kyrgyzstan,KGZ,2014,49.3837535162846
Kyrgyzstan,KGZ,2015,50.2955609819705
Kyrgyzstan,KGZ,2016,50.9841977652932
Kyrgyzstan,KGZ,2017,51.3237886955369
Kyrgyzstan,KGZ,2018,51.7124512597806
Kyrgyzstan,KGZ,2019,52.4119239077389
Kyrgyzstan,KGZ,2020,53.0444285702635
Kyrgyzstan,KGZ,2021,53.3393322349761
Kyrgyzstan,KGZ,2022,53.2043731424478
Kyrgyzstan,KGZ,2023,52.7802737621441
Kyrgyzstan,KGZ,2024,52.1835865744542
Kyrgyzstan,KGZ,2025,51.3603000112368
Kyrgyzstan,KGZ,2026,50.4579578265058
Kyrgyzstan,KGZ,2027,49.5716192179328
Kyrgyzstan,KGZ,2028,48.6461774144502
Kyrgyzstan,KGZ,2029,47.6557968609997
Kyrgyzstan,KGZ,2030,46.5766667036815
Kyrgyzstan,KGZ,2031,45.5199547766203
Kyrgyzstan,KGZ,2032,44.5382865195011
Kyrgyzstan,KGZ,2033,43.5020519573438
Kyrgyzstan,KGZ,2034,42.4387760393342
Kyrgyzstan,KGZ,2035,41.5435527232806
Kyrgyzstan,KGZ,2036,40.9222509173691
Kyrgyzstan,KGZ,2037,40.5138011592515
Kyrgyzstan,KGZ,2038,40.1924120698059
Kyrgyzstan,KGZ,2039,39.915654695392
Kyrgyzstan,KGZ,2040,39.6979302336255
Kyrgyzstan,KGZ,2041,39.5362992101919
Kyrgyzstan,KGZ,2042,39.4189464744352
Kyrgyzstan,KGZ,2043,39.3273940901946
Kyrgyzstan,KGZ,2044,39.2376463105201
Kyrgyzstan,KGZ,2045,39.1471260511634
Kyrgyzstan,KGZ,2046,39.0429670661708
Kyrgyzstan,KGZ,2047,38.9113425811675
Kyrgyzstan,KGZ,2048,38.7526273342582
Kyrgyzstan,KGZ,2049,38.5663373707881
Kyrgyzstan,KGZ,2050,38.3562526495359
Lebanon,LBN,2000,50.6563582805958
Lebanon,LBN,2001,49.4201812378992
Lebanon,LBN,2002,48.1815801272422
Lebanon,LBN,2003,46.889680823838
Lebanon,LBN,2004,45.5258596855078
Lebanon,LBN,2005,44.1424160744915
Lebanon,LBN,2006,42.8428706504813
Lebanon,LBN,2007,41.6622163670545
Lebanon,LBN,2008,40.6056944586677
Lebanon,LBN,2009,39.716965230376
Lebanon,LBN,2010,39.0411661866398
Lebanon,LBN,2011,38.5410536269096
Lebanon,LBN,2012,38.1506567965602
Lebanon,LBN,2013,37.846285758628
Lebanon,LBN,2014,37.6072959135673
Lebanon,LBN,2015,38.2650249084939
Lebanon,LBN,2016,39.8164068483796
Lebanon,LBN,2017,41.3248914495803
Lebanon,LBN,2018,42.7708062009209
Lebanon,LBN,2019,44.0805588068059
Lebanon,LBN,2020,44.4091465412885
Lebanon,LBN,2021,43.7423310672882
Lebanon,LBN,2022,42.946098371764
Lebanon,LBN,2023,42.0988721135507
Lebanon,LBN,2024,41.125172270618
Lebanon,LBN,2025,39.9999198254332
Lebanon,LBN,2026,38.8305937627834
Lebanon,LBN,2027,37.6691459295154
Lebanon,LBN,2028,36.5689151518701
Lebanon,LBN,2029,35.5754749915262
Lebanon,LBN,2030,34.7326898989091
Lebanon,LBN,2031,34.0899255142232
Lebanon,LBN,2032,33.6848492379672
Lebanon,LBN,2033,33.5338237408184
Lebanon,LBN,2034,33.6450042424998
Lebanon,LBN,2035,33.7340573864651
Lebanon,LBN,2036,33.6815985752697
Lebanon,LBN,2037,33.6463962634787
Lebanon,LBN,2038,33.6253520081669
Lebanon,LBN,2039,33.6117178893774
Lebanon,LBN,2040,33.5884753424722
Lebanon,LBN,2041,33.5449485236844
Lebanon,LBN,2042,33.4770915950505
Lebanon,LBN,2043,33.3816489748437
Lebanon,LBN,2044,33.2480153498288
Lebanon,LBN,2045,33.0714487034949
Lebanon,LBN,2046,32.8502587040508
Lebanon,LBN,2047,32.5763236026847
Lebanon,LBN,2048,32.2540948391662
Lebanon,LBN,2049,31.8886690328085
Lebanon,LBN,2050,31.4777580670514
Malaysia,MYS,2000,55.1495642315854
Malaysia,MYS,2001,53.9783746615037
Malaysia,MYS,2002,52.7820461470012
Malaysia,MYS,2003,51.5256420150109
Malaysia,MYS,2004,50.1752925536736
Malaysia,MYS,2005,48.7526872609058
Malaysia,MYS,2006,47.3281998614498
Malaysia,MYS,2007,45.9251971457782
Malaysia,MYS,2008,44.4940429476882
Malaysia,MYS,2009,43.0024703111077
Malaysia,MYS,2010,41.6340717719302
Malaysia,MYS,2011,40.5995206809468
Malaysia,MYS,2012,39.7895074702176
Malaysia,MYS,2013,39.0385613700951
Malaysia,MYS,2014,38.3321169525221
Malaysia,MYS,2015,37.7024784021323
Malaysia,MYS,2016,37.1650225919874
Malaysia,MYS,2017,36.6707036964206
Malaysia,MYS,2018,36.1265310605432
Malaysia,MYS,2019,35.4473466969385
Malaysia,MYS,2020,34.5687845542594
Malaysia,MYS,2021,33.5878120596581
Malaysia,MYS,2022,32.6285311463943
Malaysia,MYS,2023,31.7217847790298
Malaysia,MYS,2024,30.9133140877013
Malaysia,MYS,2025,30.1583259824832
Malaysia,MYS,2026,29.4409422892395
Malaysia,MYS,2027,28.7242298349009
Malaysia,MYS,2028,27.9873550716036
Malaysia,MYS,2029,27.2738534214584
Malaysia,MYS,2030,26.5535294175088
Malaysia,MYS,2031,25.865732629324
Malaysia,MYS,2032,25.2753031411173
Malaysia,MYS,2033,24.7979349661756
Malaysia,MYS,2034,24.4783606940002
Malaysia,MYS,2035,24.2972570280079
Malaysia,MYS,2036,24.2262052784175
Malaysia,MYS,2037,24.2161998594237
Malaysia,MYS,2038,24.193016258355
Malaysia,MYS,2039,24.1582729801633
Malaysia,MYS,2040,24.1271400597168
Malaysia,MYS,2041,24.1113549434317
Malaysia,MYS,2042,24.1088158152783
Malaysia,MYS,2043,24.1144205028868
Malaysia,MYS,2044,24.1227618949574
Malaysia,MYS,2045,24.1295452788262
Malaysia,MYS,2046,24.1353245641542
Malaysia,MYS,2047,24.1414878521507
Malaysia,MYS,2048,24.1433108001844
Malaysia,MYS,2049,24.1345515206175
Malaysia,MYS,2050,24.1122693305058
Mexico,MEX,2000,56.5723494642449
Mexico,MEX,2001,55.5605908433369
Mexico,MEX,2002,54.5623227230954
Mexico,MEX,2003,53.5844974110036
Mexico,MEX,2004,52.5788974605099
Mexico,MEX,2005,51.5143460838206
Mexico,MEX,2006,50.4267617501396
Mexico,MEX,2007,49.357773559569
Mexico,MEX,2008,48.3331833887804
Mexico,MEX,2009,47.3526030422044
Mexico,MEX,2010,46.4241639688831
Mexico,MEX,2011,45.5842243816667
Mexico,MEX,2012,44.8516356279204
Mexico,MEX,2013,44.1794959811545
Mexico,MEX,2014,43.5125819778807
Mexico,MEX,2015,42.7981559803029
Mexico,MEX,2016,42.0314436669112
Mexico,MEX,2017,41.2427197089067
Mexico,MEX,2018,40.4620055085679
Mexico,MEX,2019,39.7275869581195
Mexico,MEX,2020,39.0567277899285
Mexico,MEX,2021,38.4421117369035
Mexico,MEX,2022,37.8100270732173
Mexico,MEX,2023,37.1381328624405
Mexico,MEX,2024,36.4497124764113
Mexico,MEX,2025,35.7500412412995
Mexico,MEX,2026,35.0510469409783
Mexico,MEX,2027,34.3566403088789
Mexico,MEX,2028,33.6730672767764
Mexico,MEX,2029,33.0349444656794
Mexico,MEX,2030,32.4810832474793
Mexico,MEX,2031,32.006674382904
Mexico,MEX,2032,31.591476314531
Mexico,MEX,2033,31.2050872723603
Mexico,MEX,2034,30.8202029007159
Mexico,MEX,2035,30.4503316968718
Mexico,MEX,2036,30.1038053840325
Mexico,MEX,2037,29.7812059736235
Mexico,MEX,2038,29.48879467311
Mexico,MEX,2039,29.2156200732919
Mexico,MEX,2040,28.9523622966597
Mexico,MEX,2041,28.6970319892398
Mexico,MEX,2042,28.4493278324051
Mexico,MEX,2043,28.2093610209636
Mexico,MEX,2044,27.9747102888925
Mexico,MEX,2045,27.7436072912011
Mexico,MEX,2046,27.5164635928736
Mexico,MEX,2047,27.2946791414763
Mexico,MEX,2048,27.0766972618921
Mexico,MEX,2049,26.8637395633218
Mexico,MEX,2050,26.6578260676745
Mongolia,MNG,2000,57.2983508798013
Mongolia,MNG,2001,54.531799254586
Mongolia,MNG,2002,51.8206293463769
Mongolia,MNG,2003,49.250817216612
Mongolia,MNG,2004,46.910330514027
Mongolia,MNG,2005,44.8881127458969
Mongolia,MNG,2006,43.2497115558377
Mongolia,MNG,2007,42.0230937298392
Mongolia,MNG,2008,41.2214210848885
Mongolia,MNG,2009,40.8662148149196
Mongolia,MNG,2010,40.9288489765875
Mongolia,MNG,2011,41.0807086759221
Mongolia,MNG,2012,41.3267879358461
Mongolia,MNG,2013,41.9887134504413
Mongolia,MNG,2014,43.0190356864553
Mongolia,MNG,2015,44.3222927409758
Mongolia,MNG,2016,45.8315322466559
Mongolia,MNG,2017,47.4428175710131
Mongolia,MNG,2018,49.1185678902065
Mongolia,MNG,2019,50.8574900115674
Mongolia,MNG,2020,52.0688357378048
Mongolia,MNG,2021,52.5518688544389
Mongolia,MNG,2022,52.6165697601272
Mongolia,MNG,2023,52.220870919318
Mongolia,MNG,2024,51.3703039104203
Mongolia,MNG,2025,50.0886797003133
Mongolia,MNG,2026,48.7081555689495
Mongolia,MNG,2027,47.2366263237194
Mongolia,MNG,2028,45.4187876276002
Mongolia,MNG,2029,43.4357711551731
Mongolia,MNG,2030,41.4986570027022
Mongolia,MNG,2031,39.7407062007424
Mongolia,MNG,2032,38.2755032557514
Mongolia,MNG,2033,37.0846593545381
Mongolia,MNG,2034,36.064494449855
Mongolia,MNG,2035,35.2069287083972
Mongolia,MNG,2036,34.575898249967
Mongolia,MNG,2037,34.1758846513676
Mongolia,MNG,2038,33.9695507626133
Mongolia,MNG,2039,33.9190410492478
Mongolia,MNG,2040,33.9999182089775
Mongolia,MNG,2041,34.1870547218433
Mongolia,MNG,2042,34.4511612047306
Mongolia,MNG,2043,34.7654525405806
Mongolia,MNG,2044,35.1035237713113
Mongolia,MNG,2045,35.4372001378001
Mongolia,MNG,2046,35.7390563493602
Mongolia,MNG,2047,35.9903729576464
Mongolia,MNG,2048,36.1783597990575
Mongolia,MNG,2049,36.2928012802313
Mongolia,MNG,2050,36.3312522688265
Morocco,MAR,2000,55.2142590601087
Morocco,MAR,2001,53.9425015999598
Morocco,MAR,2002,52.6695326736236
Morocco,MAR,2003,51.4011816544934
Morocco,MAR,2004,50.1042479899461
Morocco,MAR,2005,48.7987376308558
Morocco,MAR,2006,47.6101129054684
Morocco,MAR,2007,46.5918626566265
Morocco,MAR,2008,45.7346303020761
Morocco,MAR,2009,45.0373655142016
Morocco,MAR,2010,44.4970912196539
Morocco,MAR,2011,44.0611502524957
Morocco,MAR,2012,43.6399087283613
Morocco,MAR,2013,43.2051724445687
Morocco,MAR,2014,42.8040430157193
Morocco,MAR,2015,42.4419190460506
Morocco,MAR,2016,42.0813419708051
Morocco,MAR,2017,41.7606453487839
Morocco,MAR,2018,41.4969904980445
Morocco,MAR,2019,41.2298746881252
Morocco,MAR,2020,40.888988994637
Morocco,MAR,2021,40.4626943380251
Morocco,MAR,2022,39.9545198871923
Morocco,MAR,2023,39.3643293411426
Morocco,MAR,2024,38.7037784956928
Morocco,MAR,2025,37.9794878218477
Morocco,MAR,2026,37.2452229756682
Morocco,MAR,2027,36.5431972073368
Morocco,MAR,2028,35.8931252015814
Morocco,MAR,2029,35.2989538648594
Morocco,MAR,2030,34.7392908245771
Morocco,MAR,2031,34.192779475618
Morocco,MAR,2032,33.6596631177878
Morocco,MAR,2033,33.147636879315
Morocco,MAR,2034,32.6609298794512
Morocco,MAR,2035,32.2101474997707
Morocco,MAR,2036,31.8064385352171
Morocco,MAR,2037,31.4540712582197
Morocco,MAR,2038,31.146045523268
Morocco,MAR,2039,30.8708324849268
Morocco,MAR,2040,30.6266017306657
Morocco,MAR,2041,30.4111021581165
Morocco,MAR,2042,30.2200731598629
Morocco,MAR,2043,30.0470280659629
Morocco,MAR,2044,29.8871728668667
Morocco,MAR,2045,29.7380965627121
Morocco,MAR,2046,29.6004317965699
Morocco,MAR,2047,29.473308973235
Morocco,MAR,2048,29.3503840733732
Morocco,MAR,2049,29.2277167569715
Morocco,MAR,2050,29.1032303519354
Myanmar,MMR,2000,50.3093039860312
Myanmar,MMR,2001,49.3184073187818
Myanmar,MMR,2002,48.5163941795622
Myanmar,MMR,2003,47.8362126531726
Myanmar,MMR,2004,47.1490263122424
Myanmar,MMR,2005,46.4091143893024
Myanmar,MMR,2006,45.6447696179896
Myanmar,MMR,2007,44.878034022365
Myanmar,MMR,2008,44.0543844535542
Myanmar,MMR,2009,43.2294176810799
Myanmar,MMR,2010,42.4666965136173
Myanmar,MMR,2011,41.7031557569456
Myanmar,MMR,2012,40.9511679977092
Myanmar,MMR,2013,40.2403601786831
Myanmar,MMR,2014,39.6061303331022
Myanmar,MMR,2015,39.0505939833399
Myanmar,MMR,2016,38.5325111248136
Myanmar,MMR,2017,38.0224324954652
Myanmar,MMR,2018,37.5503057732094
Myanmar,MMR,2019,37.1467735769177
Myanmar,MMR,2020,36.7916011807731
Myanmar,MMR,2021,36.4687191734309
Myanmar,MMR,2022,36.1549553688613
Myanmar,MMR,2023,35.8442612559047
Myanmar,MMR,2024,35.5296652928459
Myanmar,MMR,2025,35.2031248242481
Myanmar,MMR,2026,34.8843218417749
Myanmar,MMR,2027,34.5719359744813
Myanmar,MMR,2028,34.2535355939691
Myanmar,MMR,2029,33.9216238512156
Myanmar,MMR,2030,33.5631996770166
Myanmar,MMR,2031,33.1700194160074
Myanmar,MMR,2032,32.7649632961784
Myanmar,MMR,2033,32.36874895085
Myanmar,MMR,2034,31.9861071411302
Myanmar,MMR,2035,31.6210085788178
Myanmar,MMR,2036,31.2753678738439
Myanmar,MMR,2037,30.9505878422003
Myanmar,MMR,2038,30.645032598676
Myanmar,MMR,2039,30.3568440111968
Myanmar,MMR,2040,30.0905728093283
Myanmar,MMR,2041,29.8423680282091
Myanmar,MMR,2042,29.6098933019212
Myanmar,MMR,2043,29.3977477487982
Myanmar,MMR,2044,29.2044922634044
Myanmar,MMR,2045,29.0254449713503
Myanmar,MMR,2046,28.8613190333692
Myanmar,MMR,2047,28.715472848414
Myanmar,MMR,2048,28.5896553273408
Myanmar,MMR,2049,28.4811987809913
Myanmar,MMR,2050,28.3802547330568
Netherlands,NLD,2000,27.7021349044915
Netherlands,NLD,2001,27.7533600127413
Netherlands,NLD,2002,27.7265045051492
Netherlands,NLD,2003,27.683262572252
Netherlands,NLD,2004,27.5973159195692
Netherlands,NLD,2005,27.3977085049083
Netherlands,NLD,2006,27.1170934198201
Netherlands,NLD,2007,26.824968444956
Netherlands,NLD,2008,26.5642525165862
Netherlands,NLD,2009,26.3524627494628
Netherlands,NLD,2010,26.1825742804302
Netherlands,NLD,2011,26.0946372692176
Netherlands,NLD,2012,26.0304891003682
Netherlands,NLD,2013,25.8674996427039
Netherlands,NLD,2014,25.6366507942632
Netherlands,NLD,2015,25.3612223102337
Netherlands,NLD,2016,25.0676141433617
Netherlands,NLD,2017,24.8040603352893
Netherlands,NLD,2018,24.521862735053
Netherlands,NLD,2019,24.2455662045947
Netherlands,NLD,2020,24.0263743892943
Netherlands,NLD,2021,23.8807861681462
Netherlands,NLD,2022,23.7089369828868
Netherlands,NLD,2023,23.4588051153295
Netherlands,NLD,2024,23.3034209778793
Netherlands,NLD,2025,23.2628046151387
Netherlands,NLD,2026,23.2714152906663
Netherlands,NLD,2027,23.338426299375
Netherlands,NLD,2028,23.4564845774972
Netherlands,NLD,2029,23.5855493957156
Netherlands,NLD,2030,23.7140251695296
Netherlands,NLD,2031,23.8447403190955
Netherlands,NLD,2032,23.9687589964681
Netherlands,NLD,2033,24.1013460769148
Netherlands,NLD,2034,24.235373631855
Netherlands,NLD,2035,24.3581466064063
Netherlands,NLD,2036,24.3883578344586
Netherlands,NLD,2037,24.3675370462192
Netherlands,NLD,2038,24.3879082216562
Netherlands,NLD,2039,24.3891844729862
Netherlands,NLD,2040,24.3381516368194
Netherlands,NLD,2041,24.2539226654045
Netherlands,NLD,2042,24.1482490948105
Netherlands,NLD,2043,24.0270890375003
Netherlands,NLD,2044,23.8948903346664
Netherlands,NLD,2045,23.7579101383729
Netherlands,NLD,2046,23.6174920854206
Netherlands,NLD,2047,23.4686814850315
Netherlands,NLD,2048,23.3215285841775
Netherlands,NLD,2049,23.1881420123911
Netherlands,NLD,2050,23.0728487800904
New Zealand,NZL,2000,34.7606926256116
New Zealand,NZL,2001,34.4497086853688
New Zealand,NZL,2002,33.9860054274095
New Zealand,NZL,2003,33.4560879473735
New Zealand,NZL,2004,32.9335576151628
New Zealand,NZL,2005,32.4104228005224
New Zealand,NZL,2006,31.9851205256111
New Zealand,NZL,2007,31.7621078688904
New Zealand,NZL,2008,31.6595509081961
New Zealand,NZL,2009,31.5911411747756
New Zealand,NZL,2010,31.5366433381292
New Zealand,NZL,2011,31.4801831140104
New Zealand,NZL,2012,31.3956576622937
New Zealand,NZL,2013,31.1926173435362
New Zealand,NZL,2014,30.8048004740407
New Zealand,NZL,2015,30.3180022837585
New Zealand,NZL,2016,29.9011443501849
New Zealand,NZL,2017,29.6192922302213
New Zealand,NZL,2018,29.4272139373247
New Zealand,NZL,2019,29.2468578598172
New Zealand,NZL,2020,29.0987469672086
New Zealand,NZL,2021,28.9751626349079
New Zealand,NZL,2022,28.7155824931881
New Zealand,NZL,2023,28.3444114257632
New Zealand,NZL,2024,28.0103824327311
New Zealand,NZL,2025,27.7114812865747
New Zealand,NZL,2026,27.4199387873167
New Zealand,NZL,2027,27.1485483974705
New Zealand,NZL,2028,26.8982510755204
New Zealand,NZL,2029,26.667329862095
New Zealand,NZL,2030,26.4389608870414
New Zealand,NZL,2031,26.2126142812095
New Zealand,NZL,2032,26.0083657998068
New Zealand,NZL,2033,25.844175544908
New Zealand,NZL,2034,25.7150592478074
New Zealand,NZL,2035,25.5939139761947
New Zealand,NZL,2036,25.4978433730389
New Zealand,NZL,2037,25.4161401214348
New Zealand,NZL,2038,25.3111363745057
New Zealand,NZL,2039,25.1964964982247
New Zealand,NZL,2040,25.0909979789717
New Zealand,NZL,2041,25.0064916119203
New Zealand,NZL,2042,24.9446362120787
New Zealand,NZL,2043,24.9070138378486
New Zealand,NZL,2044,24.8940642916227
New Zealand,NZL,2045,24.9018303340847
New Zealand,NZL,2046,24.9221366700943
New Zealand,NZL,2047,24.9510666138325
New Zealand,NZL,2048,24.9866025452169
New Zealand,NZL,2049,25.0224377310144
New Zealand,NZL,2050,25.0534439617391
Nicaragua,NIC,2000,71.7654548909175
Nicaragua,NIC,2001,69.8189502858133
Nicaragua,NIC,2002,67.876989444631
Nicaragua,NIC,2003,65.9625443481363
Nicaragua,NIC,2004,64.122351893749
Nicaragua,NIC,2005,62.3608540649806
Nicaragua,NIC,2006,60.7949524545444
Nicaragua,NIC,2007,59.4165025302264
Nicaragua,NIC,2008,58.1031382320447
Nicaragua,NIC,2009,56.8721154258817
Nicaragua,NIC,2010,55.7320565903604
Nicaragua,NIC,2011,54.6490204115
Nicaragua,NIC,2012,53.6239461882675
Nicaragua,NIC,2013,52.6820000668025
Nicaragua,NIC,2014,51.8100641771487
Nicaragua,NIC,2015,50.984104951272
Nicaragua,NIC,2016,50.2051758487395
Nicaragua,NIC,2017,49.4838415695616
Nicaragua,NIC,2018,48.7737069376884
Nicaragua,NIC,2019,48.0306139071568
Nicaragua,NIC,2020,47.2274380198901
Nicaragua,NIC,2021,46.3935181431637
Nicaragua,NIC,2022,45.5310321915548
Nicaragua,NIC,2023,44.6427387297616
Nicaragua,NIC,2024,43.768001452329
Nicaragua,NIC,2025,42.904600889747
Nicaragua,NIC,2026,42.0632503924336
Nicaragua,NIC,2027,41.2501080107013
Nicaragua,NIC,2028,40.4668657978144
Nicaragua,NIC,2029,39.7143645089237
Nicaragua,NIC,2030,38.9914185070251
Nicaragua,NIC,2031,38.2992730504117
Nicaragua,NIC,2032,37.6416571864919
Nicaragua,NIC,2033,37.0252619551273
Nicaragua,NIC,2034,36.4486468400653
Nicaragua,NIC,2035,35.9042821405133
Nicaragua,NIC,2036,35.3926011839715
Nicaragua,NIC,2037,34.9131912743075
Nicaragua,NIC,2038,34.4568358052691
Nicaragua,NIC,2039,34.0103078453472
Nicaragua,NIC,2040,33.5742086027652
Nicaragua,NIC,2041,33.1573946950781
Nicaragua,NIC,2042,32.7596137713247
Nicaragua,NIC,2043,32.3816967232593
Nicaragua,NIC,2044,32.0244854720967
Nicaragua,NIC,2045,31.685873744074
Nicaragua,NIC,2046,31.3641706907026
Nicaragua,NIC,2047,31.057298608701
Nicaragua,NIC,2048,30.7605381409243
Nicaragua,NIC,2049,30.4735786122565
Nicaragua,NIC,2050,30.1973362245116
Nigeria,NGA,2000,82.173938839239
Nigeria,NGA,2001,82.1749332608387
Nigeria,NGA,2002,82.3051765433472
Nigeria,NGA,2003,82.5187317384822
Nigeria,NGA,2004,82.7475870481375
Nigeria,NGA,2005,83.0137112574531
Nigeria,NGA,2006,83.3442004942238
Nigeria,NGA,2007,83.6714205174828
Nigeria,NGA,2008,83.9899327166978
Nigeria,NGA,2009,84.2910520307701
Nigeria,NGA,2010,84.5006010495027
Nigeria,NGA,2011,84.6120105993026
Nigeria,NGA,2012,84.6482688775186
Nigeria,NGA,2013,84.5925267187444
Nigeria,NGA,2014,84.425340122201
Nigeria,NGA,2015,84.0853842468019
Nigeria,NGA,2016,83.4560370505534
Nigeria,NGA,2017,82.5505911653496
Nigeria,NGA,2018,81.5072857559563
Nigeria,NGA,2019,80.3497324745452
Nigeria,NGA,2020,79.024547116797
Nigeria,NGA,2021,77.6246977306668
Nigeria,NGA,2022,76.2222392261337
Nigeria,NGA,2023,74.7882513734139
Nigeria,NGA,2024,73.3208515550278
Nigeria,NGA,2025,71.8298025287933
Nigeria,NGA,2026,70.3352206207571
Nigeria,NGA,2027,68.859775808744
Nigeria,NGA,2028,67.4310310475841
Nigeria,NGA,2029,66.0481528200902
Nigeria,NGA,2030,64.7310169282482
Nigeria,NGA,2031,63.5265601070049
Nigeria,NGA,2032,62.4488822650553
Nigeria,NGA,2033,61.4767454807338
Nigeria,NGA,2034,60.6019041244463
Nigeria,NGA,2035,59.8233409777835
Nigeria,NGA,2036,59.0728926828697
Nigeria,NGA,2037,58.2998612149321
Nigeria,NGA,2038,57.5080347484739
Nigeria,NGA,2039,56.7135323399286
Nigeria,NGA,2040,55.9224135192956
Nigeria,NGA,2041,55.1201153928096
Nigeria,NGA,2042,54.3145412210195
Nigeria,NGA,2043,53.5111765509242
Nigeria,NGA,2044,52.7009498626644
Nigeria,NGA,2045,51.8856009509326
Nigeria,NGA,2046,51.0713981732078
Nigeria,NGA,2047,50.25455007594
Nigeria,NGA,2048,49.4425919941896
Nigeria,NGA,2049,48.6397951436612
Nigeria,NGA,2050,47.8443545477858
Pakistan,PAK,2000,81.2933120462025
Pakistan,PAK,2001,80.069826417386
Pakistan,PAK,2002,79.0421744301311
Pakistan,PAK,2003,77.9390736728719
Pakistan,PAK,2004,76.5169447450774
Pakistan,PAK,2005,75.0258464424121
Pakistan,PAK,2006,73.6338102103719
Pakistan,PAK,2007,72.1645411036708
Pakistan,PAK,2008,70.8609380207947
Pakistan,PAK,2009,69.8673775428631
Pakistan,PAK,2010,69.0568535451311
Pakistan,PAK,2011,68.4913538432453
Pakistan,PAK,2012,68.1684204744281
Pakistan,PAK,2013,68.0022353154745
Pakistan,PAK,2014,67.7881216110117
Pakistan,PAK,2015,67.507228098562
Pakistan,PAK,2016,67.2174660360188
Pakistan,PAK,2017,66.8266547972817
Pakistan,PAK,2018,66.2946186091491
Pakistan,PAK,2019,65.7530012774678
Pakistan,PAK,2020,65.1435754180741
Pakistan,PAK,2021,64.4007952670343
Pakistan,PAK,2022,63.6918955299575
Pakistan,PAK,2023,63.0267011224958
Pakistan,PAK,2024,62.1415723657558
Pakistan,PAK,2025,61.0231326418331
Pakistan,PAK,2026,59.8786442909752
Pakistan,PAK,2027,58.7722877789426
Pakistan,PAK,2028,57.7314447852664
Pakistan,PAK,2029,56.7805276068205
Pakistan,PAK,2030,55.9248792699808
Pakistan,PAK,2031,55.1731895704881
Pakistan,PAK,2032,54.4842334390706
Pakistan,PAK,2033,53.821345794792
Pakistan,PAK,2034,53.1931570299792
Pakistan,PAK,2035,52.5931099794467
Pakistan,PAK,2036,52.0084030614375
Pakistan,PAK,2037,51.4357008281215
Pakistan,PAK,2038,50.8856293050725
Pakistan,PAK,2039,50.365239369605
Pakistan,PAK,2040,49.8695359369909
Pakistan,PAK,2041,49.3804943273451
Pakistan,PAK,2042,48.8904424306609
Pakistan,PAK,2043,48.3942430926061
Pakistan,PAK,2044,47.8844378589968
Pakistan,PAK,2045,47.361694288658
Pakistan,PAK,2046,46.8324585295728
Pakistan,PAK,2047,46.296630794507
Pakistan,PAK,2048,45.7506340859962
Pakistan,PAK,2049,45.1935680028344
Pakistan,PAK,2050,44.6269074425695
Peru,PER,2000,56.9390623760074
Peru,PER,2001,55.6110556372217
Peru,PER,2002,54.2963845862389
Peru,PER,2003,53.0302378383194
Peru,PER,2004,51.8478816022385
Peru,PER,2005,50.7521247087667
Peru,PER,2006,49.718487549857
Peru,PER,2007,48.7473966091472
Peru,PER,2008,47.8048267939779
Peru,PER,2009,46.9055480150538
Peru,PER,2010,46.0825416561994
Peru,PER,2011,45.3490408262649
Peru,PER,2012,44.6847112690843
Peru,PER,2013,44.0453371258393
Peru,PER,2014,43.4176520743421
Peru,PER,2015,42.7806026562964
Peru,PER,2016,42.1565079098162
Peru,PER,2017,41.4559705107715
Peru,PER,2018,40.5107528292415
Peru,PER,2019,39.5625308271335
Peru,PER,2020,38.7722297832129
Peru,PER,2021,38.0306341699685
Peru,PER,2022,37.2833003587145
Peru,PER,2023,36.5467783575364
Peru,PER,2024,35.8830504436385
Peru,PER,2025,35.2873418214423
Peru,PER,2026,34.7194157468781
Peru,PER,2027,34.184826118162
Peru,PER,2028,33.7023911577123
Peru,PER,2029,33.2560312232795
Peru,PER,2030,32.8437818582254
Peru,PER,2031,32.4570126389388
Peru,PER,2032,32.0877953259439
Peru,PER,2033,31.7318968841717
Peru,PER,2034,31.3794336748099
Peru,PER,2035,31.031250265535
Peru,PER,2036,30.6991464520266
Peru,PER,2037,30.3812595609754
Peru,PER,2038,30.0749257020031
Peru,PER,2039,29.7752760198448
Peru,PER,2040,29.4833430117834
Peru,PER,2041,29.2044152933304
Peru,PER,2042,28.934548265638
Peru,PER,2043,28.6718735502096
Peru,PER,2044,28.4200385467212
Peru,PER,2045,28.1808650527592
Peru,PER,2046,27.9534246298225
Peru,PER,2047,27.7361694338808
Peru,PER,2048,27.5290275840739
Peru,PER,2049,27.3353246304217
Peru,PER,2050,27.1567985948509
Philippines,PHL,2000,67.7686797446763
Philippines,PHL,2001,66.6518111722902
Philippines,PHL,2002,65.6625095097302
Philippines,PHL,2003,64.6186734965898
Philippines,PHL,2004,63.5589017448822
Philippines,PHL,2005,62.5213426629728
Philippines,PHL,2006,61.6413233425379
Philippines,PHL,2007,60.8038777081602
Philippines,PHL,2008,60.0250088392326
Philippines,PHL,2009,59.2741207932216
Philippines,PHL,2010,58.3214085525451
Philippines,PHL,2011,57.4010290036185
Philippines,PHL,2012,56.4651244112906
Philippines,PHL,2013,55.5262692864835
Philippines,PHL,2014,54.6439415324397
Philippines,PHL,2015,53.5068628065784
Philippines,PHL,2016,52.1655083115853
Philippines,PHL,2017,50.8858817620147
Philippines,PHL,2018,49.7437755737994
Philippines,PHL,2019,48.7070086595518
Philippines,PHL,2020,47.5016783487363
Philippines,PHL,2021,46.0999347647852
Philippines,PHL,2022,44.6930503196559
Philippines,PHL,2023,43.2593782042224
Philippines,PHL,2024,41.8188295015092
Philippines,PHL,2025,40.4230260458264
Philippines,PHL,2026,39.0506213807652
Philippines,PHL,2027,37.7223306589028
Philippines,PHL,2028,36.4860704199402
Philippines,PHL,2029,35.3801977175992
Philippines,PHL,2030,34.3739062952109
Philippines,PHL,2031,33.3800007410343
Philippines,PHL,2032,32.4412472404743
Philippines,PHL,2033,31.5983158030267
Philippines,PHL,2034,30.8865274770898
Philippines,PHL,2035,30.5044129896991
Philippines,PHL,2036,30.4221240853846
Philippines,PHL,2037,30.3979346339404
Philippines,PHL,2038,30.3556402527543
Philippines,PHL,2039,30.2972367395409
Philippines,PHL,2040,30.2271338275485
Philippines,PHL,2041,30.1401367817186
Philippines,PHL,2042,30.0352071369953
Philippines,PHL,2043,29.9138291482895
Philippines,PHL,2044,29.7743369111542
Philippines,PHL,2045,29.6126807376856
Philippines,PHL,2046,29.4246471294418
Philippines,PHL,2047,29.2052191463584
Philippines,PHL,2048,28.9506853697071
Philippines,PHL,2049,28.6625421928494
Philippines,PHL,2050,28.3463289054235
Romania,ROU,2000,27.435295081313
Romania,ROU,2001,26.5530059246977
Romania,ROU,2002,25.5421255345633
Romania,ROU,2003,24.5829004310745
Romania,ROU,2004,23.7405283574786
Romania,ROU,2005,23.1354592615653
Romania,ROU,2006,22.8574818727821
Romania,ROU,2007,22.769928869726
Romania,ROU,2008,22.792358955923
Romania,ROU,2009,22.8914572709794
Romania,ROU,2010,23.0176986192663
Romania,ROU,2011,23.1311950614605
Romania,ROU,2012,23.160404404181
Romania,ROU,2013,23.1373458415537
Romania,ROU,2014,23.1832850963103
Romania,ROU,2015,23.3222758338096
Romania,ROU,2016,23.5485995013095
Romania,ROU,2017,23.881151133165
Romania,ROU,2018,24.2397297385672
Romania,ROU,2019,24.5504412390476
Romania,ROU,2020,24.8110491592581
Romania,ROU,2021,24.9291569738603
Romania,ROU,2022,24.8428078829969
Romania,ROU,2023,24.6642400503201
Romania,ROU,2024,24.4400849835119
Romania,ROU,2025,24.1893616433487
Romania,ROU,2026,23.9984247146391
Romania,ROU,2027,23.834175868908
Romania,ROU,2028,23.6619679159644
Romania,ROU,2029,23.4805292750565
Romania,ROU,2030,23.2629204359388
Romania,ROU,2031,23.0058272809183
Romania,ROU,2032,22.8404223488518
Romania,ROU,2033,22.8292539496766
Romania,ROU,2034,22.8522321996422
Romania,ROU,2035,22.8888419273035
Romania,ROU,2036,22.951798543711
Romania,ROU,2037,23.0272566186094
Romania,ROU,2038,23.1141397697729
Romania,ROU,2039,23.2413790360791
Romania,ROU,2040,23.4117124578397
Romania,ROU,2041,23.5993360611802
Romania,ROU,2042,23.810836282163
Romania,ROU,2043,24.0350339603674
Romania,ROU,2044,24.2596080900349
Romania,ROU,2045,24.4724947594453
Romania,ROU,2046,24.6609383998426
Romania,ROU,2047,24.7965382513569
Romania,ROU,2048,24.8447083528454
Romania,ROU,2049,24.8884450768694
Romania,ROU,2050,24.9813119336822
Russia,RUS,2000,25.8641159474428
Russia,RUS,2001,24.5859541789113
Russia,RUS,2002,23.4575515582505
Russia,RUS,2003,22.6096236712333
Russia,RUS,2004,21.9589084232479
Russia,RUS,2005,21.4174438734635
Russia,RUS,2006,21.0034959565043
Russia,RUS,2007,20.788795508263
Russia,RUS,2008,20.7788695967086
Russia,RUS,2009,20.9042577104098
Russia,RUS,2010,21.0340732368131
Russia,RUS,2011,21.3446130395643
Russia,RUS,2012,21.9506003928744
Russia,RUS,2013,22.6457298526356
Russia,RUS,2014,23.4082768741352
Russia,RUS,2015,24.212963661876
Russia,RUS,2016,24.9608085544219
Russia,RUS,2017,25.5606346833442
Russia,RUS,2018,25.9452005960374
Russia,RUS,2019,26.2111595273427
Russia,RUS,2020,26.426457733637
Russia,RUS,2021,26.6288739619444
Russia,RUS,2022,26.7068485717462
Russia,RUS,2023,26.5860375473355
Russia,RUS,2024,26.3613649200478
Russia,RUS,2025,26.1234960790657
Russia,RUS,2026,25.7781835044821
Russia,RUS,2027,25.2176309855893
Russia,RUS,2028,24.5432143486311
Russia,RUS,2029,23.8221670766385
Russia,RUS,2030,23.0485723898597
Russia,RUS,2031,22.2726739034209
Russia,RUS,2032,21.6419077733261
Russia,RUS,2033,21.1986191035847
Russia,RUS,2034,20.9057379813162
Russia,RUS,2035,20.7529895708702
Russia,RUS,2036,20.6818864031188
Russia,RUS,2037,20.7154964179269
Russia,RUS,2038,20.8629945108586
Russia,RUS,2039,21.0816098905388
Russia,RUS,2040,21.3678444127112
Russia,RUS,2041,21.712010365527
Russia,RUS,2042,22.0980028231947
Russia,RUS,2043,22.5282324464013
Russia,RUS,2044,22.9982671379668
Russia,RUS,2045,23.5077924590061
Russia,RUS,2046,24.0022139849613
Russia,RUS,2047,24.4733178072762
Russia,RUS,2048,24.9683436922075
Russia,RUS,2049,25.440278487313
Russia,RUS,2050,25.8669675696185
Serbia,SRB,2000,24.2861766975559
Serbia,SRB,2001,23.8410548953421
Serbia,SRB,2002,23.4439715942036
Serbia,SRB,2003,23.1008594623118
Serbia,SRB,2004,22.7947519648542
Serbia,SRB,2005,22.5157273039061
Serbia,SRB,2006,22.2393598622136
Serbia,SRB,2007,21.9645073219161
Serbia,SRB,2008,21.6947794982185
Serbia,SRB,2009,21.4450774751215
Serbia,SRB,2010,21.2153892647617
Serbia,SRB,2011,21.0420924870801
Serbia,SRB,2012,21.0164108317484
Serbia,SRB,2013,21.1183375095394
Serbia,SRB,2014,21.2801252927954
Serbia,SRB,2015,21.4769575483297
Serbia,SRB,2016,21.6250098592516
Serbia,SRB,2017,21.7282228969521
Serbia,SRB,2018,21.8677188507014
Serbia,SRB,2019,22.0359198261573
Serbia,SRB,2020,22.224420831978
Serbia,SRB,2021,22.4246201913474
Serbia,SRB,2022,22.5816121940177
Serbia,SRB,2023,22.6662186425872
Serbia,SRB,2024,22.7148578061101
Serbia,SRB,2025,22.742879560152
Serbia,SRB,2026,22.7535089827043
Serbia,SRB,2027,22.747443300703
Serbia,SRB,2028,22.7130140509421
Serbia,SRB,2029,22.6377901685678
Serbia,SRB,2030,22.5322967839492
Serbia,SRB,2031,22.4147664298751
Serbia,SRB,2032,22.2851553008273
Serbia,SRB,2033,22.1375872866418
Serbia,SRB,2034,21.9804736788222
Serbia,SRB,2035,21.8372007789447
Serbia,SRB,2036,21.7262363407828
Serbia,SRB,2037,21.6491844520911
Serbia,SRB,2038,21.6078872585336
Serbia,SRB,2039,21.6051363199619
Serbia,SRB,2040,21.6328222598868
Serbia,SRB,2041,21.6817476476847
Serbia,SRB,2042,21.7465924632076
Serbia,SRB,2043,21.826152275208
Serbia,SRB,2044,21.9187926804559
Serbia,SRB,2045,22.0223705167598
Serbia,SRB,2046,22.1343194630169
Serbia,SRB,2047,22.2530209377479
Serbia,SRB,2048,22.3837882015438
Serbia,SRB,2049,22.524633024344
Serbia,SRB,2050,22.6554472314973
Singapore,SGP,2000,25.0678637716757
Singapore,SGP,2001,24.7246978548094
Singapore,SGP,2002,24.5607574608343
Singapore,SGP,2003,24.2788525269664
Singapore,SGP,2004,23.6275076048811
Singapore,SGP,2005,22.7631689750144
Singapore,SGP,2006,21.7481086152256
Singapore,SGP,2007,20.5416928708862
Singapore,SGP,2008,19.4093110746731
Singapore,SGP,2009,18.6070707125092
Singapore,SGP,2010,17.9977184263162
Singapore,SGP,2011,17.4509454815916
Singapore,SGP,2012,17.0023211253936
Singapore,SGP,2013,16.6479362640904
Singapore,SGP,2014,16.3940367292787
Singapore,SGP,2015,16.1934185949572
Singapore,SGP,2016,16.0464431692375
Singapore,SGP,2017,16.009081362636
Singapore,SGP,2018,15.9734008712129
Singapore,SGP,2019,15.8999766949196
Singapore,SGP,2020,15.9685749738921
Singapore,SGP,2021,16.1021404995995
Singapore,SGP,2022,15.9424748751029
Singapore,SGP,2023,15.6921142930674
Singapore,SGP,2024,15.6530058313188
Singapore,SGP,2025,15.7748813180298
Singapore,SGP,2026,15.9864738542558
Singapore,SGP,2027,16.2122306297621
Singapore,SGP,2028,16.4385204977115
Singapore,SGP,2029,16.671882270293
Singapore,SGP,2030,16.8825506536973
Singapore,SGP,2031,17.0697393183756
Singapore,SGP,2032,17.2509855671396
Singapore,SGP,2033,17.4159154613875
Singapore,SGP,2034,17.539052550806
Singapore,SGP,2035,17.6289425490931
Singapore,SGP,2036,17.7088511652138
Singapore,SGP,2037,17.7648593074762
Singapore,SGP,2038,17.7472718912024
Singapore,SGP,2039,17.6389618288163
Singapore,SGP,2040,17.4579693441116
Singapore,SGP,2041,17.2173085379628
Singapore,SGP,2042,16.9275164893879
Singapore,SGP,2043,16.5937103365696
Singapore,SGP,2044,16.2352907423157
Singapore,SGP,2045,15.8669873338735
Singapore,SGP,2046,15.5003154561713
Singapore,SGP,2047,15.1488496192173
Singapore,SGP,2048,14.8116589263717
Singapore,SGP,2049,14.4985370122441
Singapore,SGP,2050,14.2275443569277
Slovakia,SVK,2000,28.5471124783602
Slovakia,SVK,2001,27.3794599465671
Slovakia,SVK,2002,26.2812176836088
Slovakia,SVK,2003,25.2829906262279
Slovakia,SVK,2004,24.404245246315
Slovakia,SVK,2005,23.637595964599
Slovakia,SVK,2006,22.9206581223777
Slovakia,SVK,2007,22.2950989199915
Slovakia,SVK,2008,21.7993296232177
Slovakia,SVK,2009,21.5227543265269
Slovakia,SVK,2010,21.4473662205744
Slovakia,SVK,2011,21.4419651879954
Slovakia,SVK,2012,21.457060115606
Slovakia,SVK,2013,21.5011674487188
Slovakia,SVK,2014,21.5959332166403
Slovakia,SVK,2015,21.7439741765926
Slovakia,SVK,2016,22.0305658918729
Slovakia,SVK,2017,22.4457100139715
Slovakia,SVK,2018,22.8718556020227
Slovakia,SVK,2019,23.2450184947926
Slovakia,SVK,2020,23.5298947344954
Slovakia,SVK,2021,23.8027259337953
Slovakia,SVK,2022,24.0266338097694
Slovakia,SVK,2023,24.0864560020335
Slovakia,SVK,2024,23.9891408549689
Slovakia,SVK,2025,23.8097763256742
Slovakia,SVK,2026,23.5708931317732
Slovakia,SVK,2027,23.3247813216229
Slovakia,SVK,2028,23.1416349451845
Slovakia,SVK,2029,22.9477761542761
Slovakia,SVK,2030,22.7036720536048
Slovakia,SVK,2031,22.3763945091222
Slovakia,SVK,2032,21.9802982794304
Slovakia,SVK,2033,21.5703613255997
Slovakia,SVK,2034,21.1953662493887
Slovakia,SVK,2035,20.8777938114738
Slovakia,SVK,2036,20.5925560657893
Slovakia,SVK,2037,20.3955582298695
Slovakia,SVK,2038,20.3237030626561
Slovakia,SVK,2039,20.3318926305126
Slovakia,SVK,2040,20.3995212122568
Slovakia,SVK,2041,20.5143980432467
Slovakia,SVK,2042,20.6803204707351
Slovakia,SVK,2043,20.8922646336004
Slovakia,SVK,2044,21.1486305397437
Slovakia,SVK,2045,21.4335127930598
Slovakia,SVK,2046,21.7337431767117
Slovakia,SVK,2047,22.0533143969061
Slovakia,SVK,2048,22.3860670771441
Slovakia,SVK,2049,22.7251254141642
Slovakia,SVK,2050,23.0650403161699
South Korea,KOR,2000,29.1678451053231
South Korea,KOR,2001,28.9129649083521
South Korea,KOR,2002,28.5451028886654
South Korea,KOR,2003,28.0861680861116
South Korea,KOR,2004,27.5254834016529
South Korea,KOR,2005,26.820292398608
South Korea,KOR,2006,26.009543152334
South Korea,KOR,2007,25.144827463487
South Korea,KOR,2008,24.2483515984229
South Korea,KOR,2009,23.3841392660733
South Korea,KOR,2010,22.5679138622534
South Korea,KOR,2011,21.6758158591096
South Korea,KOR,2012,20.7746364126029
South Korea,KOR,2013,20.0175448932345
South Korea,KOR,2014,19.3783586434146
South Korea,KOR,2015,18.782146337194
South Korea,KOR,2016,18.2247653942458
South Korea,KOR,2017,17.8028989158326
South Korea,KOR,2018,17.4538254825058
South Korea,KOR,2019,17.1116412112838
South Korea,KOR,2020,16.8111660178752
South Korea,KOR,2021,16.4941683956095
South Korea,KOR,2022,16.0535634389793
South Korea,KOR,2023,15.5187042021483
South Korea,KOR,2024,15.0632453302689
South Korea,KOR,2025,14.6900601997916
South Korea,KOR,2026,14.2801880380111
South Korea,KOR,2027,13.8295410405736
South Korea,KOR,2028,13.4151226322093
South Korea,KOR,2029,13.0471646917531
South Korea,KOR,2030,12.683257506408
South Korea,KOR,2031,12.3628245728661
South Korea,KOR,2032,12.153462606795
South Korea,KOR,2033,12.0742459493737
South Korea,KOR,2034,12.0901758269943
South Korea,KOR,2035,12.197848684547
South Korea,KOR,2036,12.3779279154566
South Korea,KOR,2037,12.5730046033789
South Korea,KOR,2038,12.7958001505902
South Korea,KOR,2039,13.0333139142461
South Korea,KOR,2040,13.2338343393268
South Korea,KOR,2041,13.4046332704842
South Korea,KOR,2042,13.564808200014
South Korea,KOR,2043,13.7204392392269
South Korea,KOR,2044,13.8860835335244
South Korea,KOR,2045,14.0764814793251
South Korea,KOR,2046,14.2766706234673
South Korea,KOR,2047,14.476561750021
South Korea,KOR,2048,14.6583728029431
South Korea,KOR,2049,14.8027516933074
South Korea,KOR,2050,14.9161945620052
Tajikistan,TJK,2000,78.1267322458493
Tajikistan,TJK,2001,75.6031202646305
Tajikistan,TJK,2002,73.1119134090233
Tajikistan,TJK,2003,70.7895876342711
Tajikistan,TJK,2004,68.7284137141561
Tajikistan,TJK,2005,66.8393115369185
Tajikistan,TJK,2006,65.1276644277062
Tajikistan,TJK,2007,63.7904204460215
Tajikistan,TJK,2008,62.8190923478025
Tajikistan,TJK,2009,62.0249010514617
Tajikistan,TJK,2010,61.3627418543669
Tajikistan,TJK,2011,61.017438237232
Tajikistan,TJK,2012,60.7490915242642
Tajikistan,TJK,2013,60.3141988053118
Tajikistan,TJK,2014,59.9375861832905
Tajikistan,TJK,2015,59.7887604175417
Tajikistan,TJK,2016,59.7175630453558
Tajikistan,TJK,2017,59.6477726388838
Tajikistan,TJK,2018,59.7622426505301
Tajikistan,TJK,2019,60.0396633558363
Tajikistan,TJK,2020,60.4431552783746
Tajikistan,TJK,2021,60.8212171124291
Tajikistan,TJK,2022,61.0476860569603
Tajikistan,TJK,2023,61.0026214122044
Tajikistan,TJK,2024,60.549782493909
Tajikistan,TJK,2025,59.7137239043935
Tajikistan,TJK,2026,58.7649332560927
Tajikistan,TJK,2027,57.8463704445079
Tajikistan,TJK,2028,56.7380798248063
Tajikistan,TJK,2029,55.3418050139733
Tajikistan,TJK,2030,53.7589020594258
Tajikistan,TJK,2031,52.3646677583193
Tajikistan,TJK,2032,51.2787647246521
Tajikistan,TJK,2033,50.3180092082481
Tajikistan,TJK,2034,49.4187264262189
Tajikistan,TJK,2035,48.58538129923
Tajikistan,TJK,2036,47.8369606852829
Tajikistan,TJK,2037,47.1803538781097
Tajikistan,TJK,2038,46.6278476104307
Tajikistan,TJK,2039,46.1729840057453
Tajikistan,TJK,2040,45.8033880480633
Tajikistan,TJK,2041,45.5095820549728
Tajikistan,TJK,2042,45.2680061602378
Tajikistan,TJK,2043,45.0590164881979
Tajikistan,TJK,2044,44.8568601153968
Tajikistan,TJK,2045,44.6327139205046
Tajikistan,TJK,2046,44.3620155886294
Tajikistan,TJK,2047,44.0289415881086
Tajikistan,TJK,2048,43.6284637608622
Tajikistan,TJK,2049,43.167533011416
Tajikistan,TJK,2050,42.6536357159555
Thailand,THA,2000,35.0804757624801
Thailand,THA,2001,34.2171290404654
Thailand,THA,2002,33.4417510966588
Thailand,THA,2003,32.7471465176662
Thailand,THA,2004,32.1045199048796
Thailand,THA,2005,31.4745930223836
Thailand,THA,2006,30.8290540342818
Thailand,THA,2007,30.1735740025467
Thailand,THA,2008,29.5293065102351
Thailand,THA,2009,28.9082253066348
Thailand,THA,2010,28.2556035472426
Thailand,THA,2011,27.5441064779948
Thailand,THA,2012,26.8446104058876
Thailand,THA,2013,26.2387600353591
Thailand,THA,2014,25.7484815835297
Thailand,THA,2015,25.3012823803982
Thailand,THA,2016,24.8090717451808
Thailand,THA,2017,24.2824909482607
Thailand,THA,2018,23.7691704263909
Thailand,THA,2019,23.2726049632739
Thailand,THA,2020,22.7915156833393
Thailand,THA,2021,22.3295675652775
Thailand,THA,2022,21.8999733858553
Thailand,THA,2023,21.4977005496984
Thailand,THA,2024,21.104528365248
Thailand,THA,2025,20.7194503410521
Thailand,THA,2026,20.3320206789833
Thailand,THA,2027,19.9440270386687
Thailand,THA,2028,19.586227258547
Thailand,THA,2029,19.2774524051455
Thailand,THA,2030,19.0168530535187
Thailand,THA,2031,18.8131196774355
Thailand,THA,2032,18.6695058868559
Thailand,THA,2033,18.5791315162757
Thailand,THA,2034,18.5396587598154
Thailand,THA,2035,18.540480396878
Thailand,THA,2036,18.5726705144864
Thailand,THA,2037,18.6276283600748
Thailand,THA,2038,18.6952067313767
Thailand,THA,2039,18.7716969612653
Thailand,THA,2040,18.8576840742758
Thailand,THA,2041,18.9487379708086
Thailand,THA,2042,19.0415782557231
Thailand,THA,2043,19.1354706053005
Thailand,THA,2044,19.2262128632181
Thailand,THA,2045,19.3111651935162
Thailand,THA,2046,19.3861265362036
Thailand,THA,2047,19.4497428165117
Thailand,THA,2048,19.4988603663515
Thailand,THA,2049,19.5273617670918
Thailand,THA,2050,19.5365607111482
Tunisia,TUN,2000,46.9290823115409
Tunisia,TUN,2001,44.9864394430052
Tunisia,TUN,2002,43.1236839274849
Tunisia,TUN,2003,41.3697020114058
Tunisia,TUN,2004,39.7565554331934
Tunisia,TUN,2005,38.3727409803107
Tunisia,TUN,2006,37.2506867446781
Tunisia,TUN,2007,36.3470115458093
Tunisia,TUN,2008,35.6478445131388
Tunisia,TUN,2009,35.1625858837633
Tunisia,TUN,2010,34.9072468802637
Tunisia,TUN,2011,34.860440239965
Tunisia,TUN,2012,34.9912242666688
Tunisia,TUN,2013,35.3425251120762
Tunisia,TUN,2014,35.7671574527812
Tunisia,TUN,2015,36.1573406493936
Tunisia,TUN,2016,36.5713400530385
Tunisia,TUN,2017,36.9591896357112
Tunisia,TUN,2018,37.2730846044368
Tunisia,TUN,2019,37.5118340627284
Tunisia,TUN,2020,37.6429677381513
Tunisia,TUN,2021,37.5462528727998
Tunisia,TUN,2022,37.2442720212274
Tunisia,TUN,2023,36.8002095558505
Tunisia,TUN,2024,36.186137620346
Tunisia,TUN,2025,35.4290875384073
Tunisia,TUN,2026,34.5750263471117
Tunisia,TUN,2027,33.6454822293125
Tunisia,TUN,2028,32.5832756425405
Tunisia,TUN,2029,31.4892118538707
Tunisia,TUN,2030,30.4413585428049
Tunisia,TUN,2031,29.3830800807253
Tunisia,TUN,2032,28.3725643365984
Tunisia,TUN,2033,27.4715252447692
Tunisia,TUN,2034,26.6842257228037
Tunisia,TUN,2035,26.0247166323116
Tunisia,TUN,2036,25.5874378348536
Tunisia,TUN,2037,25.291282396838
Tunisia,TUN,2038,25.0350916016539
Tunisia,TUN,2039,24.8696672604731
Tunisia,TUN,2040,24.7937559416237
Tunisia,TUN,2041,24.7894575737311
Tunisia,TUN,2042,24.8474774467598
Tunisia,TUN,2043,24.9636927301873
Tunisia,TUN,2044,25.1475707935537
Tunisia,TUN,2045,25.3977094580477
Tunisia,TUN,2046,25.6720506416189
Tunisia,TUN,2047,25.9415763736682
Tunisia,TUN,2048,26.2099793167971
Tunisia,TUN,2049,26.4850528675993
Tunisia,TUN,2050,26.7528571932769
Turkey,TUR,2000,47.2317315950749
Turkey,TUR,2001,46.1369864916315
Turkey,TUR,2002,45.1338009163314
Turkey,TUR,2003,44.215381440172
Turkey,TUR,2004,43.3697554029757
Turkey,TUR,2005,42.5923696228171
Turkey,TUR,2006,41.8600184121342
Turkey,TUR,2007,41.1550117667817
Turkey,TUR,2008,40.3919396755528
Turkey,TUR,2009,39.5461695129669
Turkey,TUR,2010,38.7015390945362
Turkey,TUR,2011,37.9156182469198
Turkey,TUR,2012,37.1699787632293
Turkey,TUR,2013,36.4026676509529
Turkey,TUR,2014,35.595540567361
Turkey,TUR,2015,34.8265230874707
Turkey,TUR,2016,34.29361873325
Turkey,TUR,2017,33.9307691237472
Turkey,TUR,2018,33.6525028878303
Turkey,TUR,2019,33.513323540076
Turkey,TUR,2020,33.3545512524299
Turkey,TUR,2021,33.0443423061081
Turkey,TUR,2022,32.588535325136
Turkey,TUR,2023,32.0422108008297
Turkey,TUR,2024,31.4191858757947
Turkey,TUR,2025,30.7324730402762
Turkey,TUR,2026,30.0274528437969
Turkey,TUR,2027,29.3129379512952
Turkey,TUR,2028,28.5985498638582
Turkey,TUR,2029,27.8923467962049
Turkey,TUR,2030,27.2014782153717
Turkey,TUR,2031,26.5357707060105
Turkey,TUR,2032,25.9055235487514
Turkey,TUR,2033,25.3256859025044
Turkey,TUR,2034,24.8162316694501
Turkey,TUR,2035,24.3984233136605
Turkey,TUR,2036,24.0944415427841
Turkey,TUR,2037,23.9161707038975
Turkey,TUR,2038,23.8132521216434
Turkey,TUR,2039,23.7370090559176
Turkey,TUR,2040,23.6826292316067
Turkey,TUR,2041,23.6442899408781
Turkey,TUR,2042,23.6263288483283
Turkey,TUR,2043,23.6277446762542
Turkey,TUR,2044,23.644395697138
Turkey,TUR,2045,23.6715094954002
Turkey,TUR,2046,23.7016365410129
Turkey,TUR,2047,23.7257095911804
Turkey,TUR,2048,23.7355670418653
Turkey,TUR,2049,23.7285910816214
Turkey,TUR,2050,23.7033748131892
Ukraine,UKR,2000,25.9895283407776
Ukraine,UKR,2001,24.7365797751644
Ukraine,UKR,2002,23.5020410145323
Ukraine,UKR,2003,22.5059687242857
Ukraine,UKR,2004,21.6932817719051
Ukraine,UKR,2005,21.0099335142602
Ukraine,UKR,2006,20.4428728816183
Ukraine,UKR,2007,20.0554528259445
Ukraine,UKR,2008,19.8578948898109
Ukraine,UKR,2009,19.8319556341062
Ukraine,UKR,2010,19.8786255071585
Ukraine,UKR,2011,19.9715318485965
Ukraine,UKR,2012,20.2596978689542
Ukraine,UKR,2013,20.6538564277073
Ukraine,UKR,2014,21.1175854574201
Ukraine,UKR,2015,21.612589166117
Ukraine,UKR,2016,22.0484128087683
Ukraine,UKR,2017,22.4136810133653
Ukraine,UKR,2018,22.5984961154149
Ukraine,UKR,2019,22.6345223554079
Ukraine,UKR,2020,22.6018004055771
Ukraine,UKR,2021,22.4470756964017
Ukraine,UKR,2022,22.016389105576
Ukraine,UKR,2023,21.2899365498863
Ukraine,UKR,2024,20.6831546181875
Ukraine,UKR,2025,20.3380325628097
Ukraine,UKR,2026,19.8841686173449
Ukraine,UKR,2027,19.1685458899272
Ukraine,UKR,2028,18.4276985482747
Ukraine,UKR,2029,17.7455649833638
Ukraine,UKR,2030,17.1586500627338
Ukraine,UKR,2031,16.6117405557539
Ukraine,UKR,2032,16.1185650832391
Ukraine,UKR,2033,15.7332571050873
Ukraine,UKR,2034,15.4268012013299
Ukraine,UKR,2035,15.1784701831135
Ukraine,UKR,2036,14.9609018983182
Ukraine,UKR,2037,14.9160031743311
Ukraine,UKR,2038,14.9621044724045
Ukraine,UKR,2039,14.958474603027
Ukraine,UKR,2040,14.9977247951779
Ukraine,UKR,2041,15.1131778021995
Ukraine,UKR,2042,15.2813400833719
Ukraine,UKR,2043,15.4612475407664
Ukraine,UKR,2044,15.6569660489807
Ukraine,UKR,2045,15.8612354344067
Ukraine,UKR,2046,16.0651117209569
Ukraine,UKR,2047,16.2638043061949
Ukraine,UKR,2048,16.4654739157624
Ukraine,UKR,2049,16.653689265245
Ukraine,UKR,2050,16.8112234224402
United Kingdom,GBR,2000,29.0515939480493
United Kingdom,GBR,2001,28.5600724219408
United Kingdom,GBR,2002,28.2015278133701
United Kingdom,GBR,2003,28.0653712645947
United Kingdom,GBR,2004,27.9210015361923
United Kingdom,GBR,2005,27.5991751704538
United Kingdom,GBR,2006,27.2808952251375
United Kingdom,GBR,2007,27.0489412084974
United Kingdom,GBR,2008,26.9480696832895
United Kingdom,GBR,2009,26.9372844567587
United Kingdom,GBR,2010,26.9464792116902
United Kingdom,GBR,2011,27.0218131264501
United Kingdom,GBR,2012,27.221572487874
United Kingdom,GBR,2013,27.4430121445438
United Kingdom,GBR,2014,27.6159855496989
United Kingdom,GBR,2015,27.786734675662
United Kingdom,GBR,2016,27.988827885722
United Kingdom,GBR,2017,28.1986900605486
United Kingdom,GBR,2018,28.3421061415894
United Kingdom,GBR,2019,28.3724713666602
United Kingdom,GBR,2020,28.3255974799782
United Kingdom,GBR,2021,28.1099441666998
United Kingdom,GBR,2022,27.7886804210487
United Kingdom,GBR,2023,27.4797045558835
United Kingdom,GBR,2024,27.1420620907147
United Kingdom,GBR,2025,26.7868226739784
United Kingdom,GBR,2026,26.3983894699664
United Kingdom,GBR,2027,25.9759797057746
United Kingdom,GBR,2028,25.566694253354
United Kingdom,GBR,2029,25.2142463917397
United Kingdom,GBR,2030,24.9005393361596
United Kingdom,GBR,2031,24.5946965188633
United Kingdom,GBR,2032,24.3208306647676
United Kingdom,GBR,2033,24.1140759283014
United Kingdom,GBR,2034,23.980805822868
United Kingdom,GBR,2035,23.9146987703636
United Kingdom,GBR,2036,23.8960039242196
United Kingdom,GBR,2037,23.9140451855385
United Kingdom,GBR,2038,23.9364276562807
United Kingdom,GBR,2039,23.9517687350856
United Kingdom,GBR,2040,23.9792628356788
United Kingdom,GBR,2041,24.0256854118726
United Kingdom,GBR,2042,24.0886380878902
United Kingdom,GBR,2043,24.1680480980811
United Kingdom,GBR,2044,24.2704084960856
United Kingdom,GBR,2045,24.4000953112947
United Kingdom,GBR,2046,24.5390878986539
United Kingdom,GBR,2047,24.6730721762857
United Kingdom,GBR,2048,24.7946189145676
United Kingdom,GBR,2049,24.8961682172767
United Kingdom,GBR,2050,24.9896003286325
United States,USA,2000,31.7527411029607
United States,USA,2001,31.470861610915
United States,USA,2002,31.1730279595718
United States,USA,2003,30.8563878716692
United States,USA,2004,30.5133386908601
United States,USA,2005,30.1305983720282
United States,USA,2006,29.7949291036174
United States,USA,2007,29.5824944789081
United States,USA,2008,29.4486308727533
United States,USA,2009,29.3323397553972
United States,USA,2010,29.2042568753157
United States,USA,2011,29.1062781249449
United States,USA,2012,29.0632538468962
United States,USA,2013,29.0167958268021
United States,USA,2014,28.9516748687306
United States,USA,2015,28.8605234052819
United States,USA,2016,28.751197925002
United States,USA,2017,28.6424605479814
United States,USA,2018,28.4980085716771
United States,USA,2019,28.3153011715605
United States,USA,2020,28.0656020282441
United States,USA,2021,27.7547961298755
United States,USA,2022,27.4267203223635
United States,USA,2023,27.0796955193433
United States,USA,2024,26.7574700086992
United States,USA,2025,26.504498589601
United States,USA,2026,26.3092078231151
United States,USA,2027,26.1386190503868
United States,USA,2028,25.9813611687511
United States,USA,2029,25.8260389632989
United States,USA,2030,25.6633187047769
United States,USA,2031,25.5125026240189
United States,USA,2032,25.4010625732618
United States,USA,2033,25.3428110339375
United States,USA,2034,25.3332219053836
United States,USA,2035,25.3949989877783
United States,USA,2036,25.4898438543611
United States,USA,2037,25.5364437991972
United States,USA,2038,25.5718513165641
United States,USA,2039,25.6314431849719
United States,USA,2040,25.6930840638647
United States,USA,2041,25.7549245353857
United States,USA,2042,25.8225437788113
United States,USA,2043,25.8921635147691
United States,USA,2044,25.957878259751
United States,USA,2045,26.0211997754112
United States,USA,2046,26.0736592903703
United States,USA,2047,26.1086137262357
United States,USA,2048,26.1218547803584
United States,USA,2049,26.1123402155053
United States,USA,2050,26.0852355651709
Uruguay,URY,2000,38.9354962452074
Uruguay,URY,2001,38.7582926866181
Uruguay,URY,2002,38.5355443144355
Uruguay,URY,2003,38.2307375188058
Uruguay,URY,2004,37.8398369336375
Uruguay,URY,2005,37.4514474663524
Uruguay,URY,2006,37.0658065039975
Uruguay,URY,2007,36.627964648133
Uruguay,URY,2008,36.1549579694964
Uruguay,URY,2009,35.6372546213886
Uruguay,URY,2010,35.0883509560878
Uruguay,URY,2011,34.5455832122436
Uruguay,URY,2012,34.0425072610744
Uruguay,URY,2013,33.6180553772314
Uruguay,URY,2014,33.2404549199858
Uruguay,URY,2015,32.9142647983817
Uruguay,URY,2016,32.6180139039879
Uruguay,URY,2017,32.2353903711518
Uruguay,URY,2018,31.7469944674378
Uruguay,URY,2019,31.1830906968258
Uruguay,URY,2020,30.5360324239203
Uruguay,URY,2021,29.8560332633863
Uruguay,URY,2022,29.1900533469139
Uruguay,URY,2023,28.5265807909238
Uruguay,URY,2024,27.8593836567588
Uruguay,URY,2025,27.1904542387975
Uruguay,URY,2026,26.5391564226555
Uruguay,URY,2027,25.8872480337343
Uruguay,URY,2028,25.2048211084436
Uruguay,URY,2029,24.5096765465799
Uruguay,URY,2030,23.8043503458557
Uruguay,URY,2031,23.1324757290631
Uruguay,URY,2032,22.5905795408373
Uruguay,URY,2033,22.2220291977696
Uruguay,URY,2034,22.0110846482309
Uruguay,URY,2035,21.9090531271329
Uruguay,URY,2036,21.8747063634112
Uruguay,URY,2037,21.8779606032609
Uruguay,URY,2038,21.9006799812838
Uruguay,URY,2039,21.9436811462271
Uruguay,URY,2040,22.0033720797679
Uruguay,URY,2041,22.0656531374062
Uruguay,URY,2042,22.1123381934749
Uruguay,URY,2043,22.1354083527859
Uruguay,URY,2044,22.1313191016088
Uruguay,URY,2045,22.0952294968627
Uruguay,URY,2046,22.0346999085638
Uruguay,URY,2047,21.9605168355829
Uruguay,URY,2048,21.8737772814178
Uruguay,URY,2049,21.773717066648
Uruguay,URY,2050,21.6647199774318
Uzbekistan,UZB,2000,62.6477328791265
Uzbekistan,UZB,2001,60.2669464675077
Uzbekistan,UZB,2002,57.8405370426627
Uzbekistan,UZB,2003,55.5704891870808
Uzbekistan,UZB,2004,53.4743919251044
Uzbekistan,UZB,2005,51.4079274813326
Uzbekistan,UZB,2006,49.3101492723223
Uzbekistan,UZB,2007,47.4129693309873
Uzbekistan,UZB,2008,45.8947422116327
Uzbekistan,UZB,2009,44.7042966352549
Uzbekistan,UZB,2010,43.6714632605443
Uzbekistan,UZB,2011,42.7539689034668
Uzbekistan,UZB,2012,42.0769704419067
Uzbekistan,UZB,2013,41.7772196244263
Uzbekistan,UZB,2014,41.8775846712434
Uzbekistan,UZB,2015,42.2741721646534
Uzbekistan,UZB,2016,42.8114335095127
Uzbekistan,UZB,2017,43.3664261018677
Uzbekistan,UZB,2018,44.0222986005453
Uzbekistan,UZB,2019,44.8287131521928
Uzbekistan,UZB,2020,45.7783911226564
Uzbekistan,UZB,2021,46.8507465420305
Uzbekistan,UZB,2022,47.8475386105229
Uzbekistan,UZB,2023,48.6665073669346
Uzbekistan,UZB,2024,49.3454082239031
Uzbekistan,UZB,2025,49.9526805888477
Uzbekistan,UZB,2026,50.5345477416358
Uzbekistan,UZB,2027,51.0404947581585
Uzbekistan,UZB,2028,51.3403951105499
Uzbekistan,UZB,2029,51.361761206864
Uzbekistan,UZB,2030,51.196607055655
Uzbekistan,UZB,2031,50.9693016728824
Uzbekistan,UZB,2032,50.7253287694139
Uzbekistan,UZB,2033,50.3562217520241
Uzbekistan,UZB,2034,49.7826813264368
Uzbekistan,UZB,2035,49.0148554091319
Uzbekistan,UZB,2036,48.0583106145141
Uzbekistan,UZB,2037,47.0000239093943
Uzbekistan,UZB,2038,45.92784050561
Uzbekistan,UZB,2039,44.945111681196
Uzbekistan,UZB,2040,44.1381696466313
Uzbekistan,UZB,2041,43.5051689871978
Uzbekistan,UZB,2042,43.0282960438507
Uzbekistan,UZB,2043,42.6797861023771
Uzbekistan,UZB,2044,42.4408184645736
Uzbekistan,UZB,2045,42.2941673278223
Uzbekistan,UZB,2046,42.218677274356
Uzbekistan,UZB,2047,42.1988753535988
Uzbekistan,UZB,2048,42.2221547088386
Uzbekistan,UZB,2049,42.2822458052193
Uzbekistan,UZB,2050,42.3653989194289
Vietnam,VNM,2000,50.3780683399057
Vietnam,VNM,2001,48.3995018909041
Vietnam,VNM,2002,46.6869293267732
Vietnam,VNM,2003,45.1412238699049
Vietnam,VNM,2004,43.5956581810626
Vietnam,VNM,2005,41.9593747979066
Vietnam,VNM,2006,40.2876399614312
Vietnam,VNM,2007,38.7783036951026
Vietnam,VNM,2008,37.4982374479216
Vietnam,VNM,2009,36.3816385770059
Vietnam,VNM,2010,35.4384720448224
Vietnam,VNM,2011,34.7450949480269
Vietnam,VNM,2012,34.3432575542022
Vietnam,VNM,2013,34.2438873908546
Vietnam,VNM,2014,34.3662506757218
Vietnam,VNM,2015,34.4939526029414
Vietnam,VNM,2016,34.8431524460525
Vietnam,VNM,2017,35.4871549540185
Vietnam,VNM,2018,35.921576339553
Vietnam,VNM,2019,35.9762010259085
Vietnam,VNM,2020,35.8430009101423
Vietnam,VNM,2021,35.6284444879672
Vietnam,VNM,2022,35.2839282937677
Vietnam,VNM,2023,34.8307609760783
Vietnam,VNM,2024,34.2896974988655
Vietnam,VNM,2025,33.7859632215767
Vietnam,VNM,2026,33.1641549180343
Vietnam,VNM,2027,32.0866630733387
Vietnam,VNM,2028,30.9431970133037
Vietnam,VNM,2029,30.0454353731696
Vietnam,VNM,2030,29.218525936738
Vietnam,VNM,2031,28.5054314661243
Vietnam,VNM,2032,27.9372657113703
Vietnam,VNM,2033,27.5222843152483
Vietnam,VNM,2034,27.2202455119703
Vietnam,VNM,2035,26.9229316546899
Vietnam,VNM,2036,26.6827262396138
Vietnam,VNM,2037,26.5205306818303
Vietnam,VNM,2038,26.4185095942708
Vietnam,VNM,2039,26.3677747759174
Vietnam,VNM,2040,26.3755340893865
Vietnam,VNM,2041,26.4298467021712
Vietnam,VNM,2042,26.503719525343
Vietnam,VNM,2043,26.5838098443169
Vietnam,VNM,2044,26.6697725062393
Vietnam,VNM,2045,26.7434635534159
Vietnam,VNM,2046,26.7958760767416
Vietnam,VNM,2047,26.8470971561962
Vietnam,VNM,2048,26.8925518365316
Vietnam,VNM,2049,26.9146052637082
Vietnam,VNM,2050,26.8984058557309
