Country,ISO3,Year,Education_Expenditure
Argentina,ARG,2000,4.58030986785889
Argentina,ARG,2001,4.833740234375
Argentina,ARG,2002,4.01734018325806
Argentina,ARG,2003,3.53504991531372
Argentina,ARG,2004,3.48652005195618
Argentina,ARG,2005,3.86000990867615
Argentina,ARG,2006,4.12821006774902
Argentina,ARG,2007,4.46260023117065
Argentina,ARG,2008,4.84440994262695
Argentina,ARG,2009,5.53105020523071
Argentina,ARG,2010,5.01971006393433
Argentina,ARG,2011,5.29062986373901
Argentina,ARG,2012,5.34582996368408
Argentina,ARG,2013,5.43661022186279
Argentina,ARG,2014,5.36144018173218
Argentina,ARG,2015,5.77611017227173
Argentina,ARG,2016,5.54548978805542
Argentina,ARG,2017,5.45431995391846
Argentina,ARG,2018,4.87773990631104
Argentina,ARG,2019,4.7716498374939
Argentina,ARG,2020,5.27689981460571
Argentina,ARG,2021,4.64117002487183
Argentina,ARG,2022,4.80521011352539
Armenia,ARM,2000,2.77273011207581
Armenia,ARM,2001,2.46943998336792
Armenia,ARM,2002,2.13504004478455
Armenia,ARM,2003,2.1450400352478
Armenia,ARM,2004,2.48673009872437
Armenia,ARM,2005,2.71202993392944
Armenia,ARM,2006,2.71577000617981
Armenia,ARM,2007,3.01893997192383
Armenia,ARM,2008,3.17272996902466
Armenia,ARM,2009,3.84079003334045
Armenia,ARM,2010,3.24900007247925
Armenia,ARM,2011,3.14385008811951
Armenia,ARM,2012,2.77248001098633
Armenia,ARM,2013,2.65018010139465
Armenia,ARM,2014,2.24724006652832
Armenia,ARM,2015,2.80591011047363
Armenia,ARM,2016,2.75812005996704
Armenia,ARM,2017,2.70759010314941
Armenia,ARM,2018,2.25586795806885
Armenia,ARM,2019,2.57191228866577
Armenia,ARM,2020,2.70555996894836
Armenia,ARM,2021,2.76784992218018
Armenia,ARM,2022,2.4918999671936
Australia,AUS,2000,4.75933980941772
Australia,AUS,2001,5.22261571884155
Australia,AUS,2002,5.30569648742676
Australia,AUS,2003,5.24525785446167
Australia,AUS,2004,5.19307231903076
Australia,AUS,2005,5.27187633514404
Australia,AUS,2006,5.16309022903442
Australia,AUS,2007,4.96966886520386
Australia,AUS,2008,4.9018235206604
Australia,AUS,2009,5.39640665054321
Australia,AUS,2010,6.15043640136719
Australia,AUS,2011,6.00601577758789
Australia,AUS,2012,5.55924797058105
Australia,AUS,2013,5.5196270942688
Australia,AUS,2014,5.4375524520874
Australia,AUS,2015,5.46285820007324
Australia,AUS,2016,5.43038558959961
Australia,AUS,2017,5.32125568389893
Australia,AUS,2018,5.40967607498169
Australia,AUS,2019,5.50858879089355
Australia,AUS,2020,5.37828016281128
Australia,AUS,2021,5.33320999145508
Australia,AUS,2022,5.20677661895752
Bangladesh,BGD,2000,2.12508010864258
Bangladesh,BGD,2001,2.17193007469177
Bangladesh,BGD,2002,2.01714992523193
Bangladesh,BGD,2003,2.06939005851746
Bangladesh,BGD,2004,1.94014000892639
Bangladesh,BGD,2005,
Bangladesh,BGD,2006,2.13128995895386
Bangladesh,BGD,2007,2.20221996307373
Bangladesh,BGD,2008,2.0545699596405
Bangladesh,BGD,2009,1.9394199848175
Bangladesh,BGD,2010,
Bangladesh,BGD,2011,2.13269996643066
Bangladesh,BGD,2012,2.04667067527771
Bangladesh,BGD,2013,1.96616005897522
Bangladesh,BGD,2014,2.09871673583984
Bangladesh,BGD,2015,1.87225413322449
Bangladesh,BGD,2016,2.22119998931885
Bangladesh,BGD,2017,1.85040032863617
Bangladesh,BGD,2018,1.65589129924774
Bangladesh,BGD,2019,1.68138802051544
Bangladesh,BGD,2020,1.76528060436249
Bangladesh,BGD,2021,1.83117997646332
Bangladesh,BGD,2022,1.71183669567108
Brazil,BRA,2000,3.94893002510071
Brazil,BRA,2001,3.84468007087708
Brazil,BRA,2002,3.75037002563477
Brazil,BRA,2003,
Brazil,BRA,2004,3.97447991371155
Brazil,BRA,2005,4.47908020019531
Brazil,BRA,2006,4.87060022354126
Brazil,BRA,2007,4.97425985336304
Brazil,BRA,2008,5.26883983612061
Brazil,BRA,2009,5.46355009078979
Brazil,BRA,2010,5.64879989624023
Brazil,BRA,2011,5.73741006851196
Brazil,BRA,2012,5.85510015487671
Brazil,BRA,2013,5.8388500213623
Brazil,BRA,2014,5.94848012924194
Brazil,BRA,2015,6.24105978012085
Brazil,BRA,2016,6.314040184021
Brazil,BRA,2017,6.32047986984253
Brazil,BRA,2018,6.08851003646851
Brazil,BRA,2019,5.96346998214722
Brazil,BRA,2020,5.77150011062622
Brazil,BRA,2021,5.4969801902771
Brazil,BRA,2022,
Canada,CAN,2000,5.42331981658936
Canada,CAN,2001,4.95303010940552
Canada,CAN,2002,4.99308013916016
Canada,CAN,2003,
Canada,CAN,2004,
Canada,CAN,2005,4.76588010787964
Canada,CAN,2006,
Canada,CAN,2007,4.7664098739624
Canada,CAN,2008,4.62612009048462
Canada,CAN,2009,4.84057998657227
Canada,CAN,2010,5.356369972229
Canada,CAN,2011,5.26205015182495
Canada,CAN,2012,4.69258737564087
Canada,CAN,2013,4.5890097618103
Canada,CAN,2014,4.84358978271484
Canada,CAN,2015,4.7393798828125
Canada,CAN,2016,4.81642007827759
Canada,CAN,2017,4.95996999740601
Canada,CAN,2018,4.8889799118042
Canada,CAN,2019,4.77293014526367
Canada,CAN,2020,4.88794994354248
Canada,CAN,2021,4.74860000610352
Canada,CAN,2022,4.13957166671753
Chile,CHL,2000,3.75707006454468
Chile,CHL,2001,
Chile,CHL,2002,4.04881000518799
Chile,CHL,2003,3.91868996620178
Chile,CHL,2004,3.54307007789612
Chile,CHL,2005,3.28016996383667
Chile,CHL,2006,3.04014992713928
Chile,CHL,2007,3.2331600189209
Chile,CHL,2008,3.79189991950989
Chile,CHL,2009,4.25475978851318
Chile,CHL,2010,4.18953990936279
Chile,CHL,2011,4.0617299079895
Chile,CHL,2012,
Chile,CHL,2013,4.54814004898071
Chile,CHL,2014,4.75167989730835
Chile,CHL,2015,4.90390014648438
Chile,CHL,2016,5.3664698600769
Chile,CHL,2017,5.43278980255127
Chile,CHL,2018,5.473060131073
Chile,CHL,2019,5.62630987167358
Chile,CHL,2020,5.62993001937866
Chile,CHL,2021,4.99923992156982
Chile,CHL,2022,
China,CHN,2000,
China,CHN,2001,
China,CHN,2002,
China,CHN,2003,
China,CHN,2004,
China,CHN,2005,2.39190554618835
China,CHN,2006,2.44128441810608
China,CHN,2007,2.70073485374451
China,CHN,2008,3.63178825378418
China,CHN,2009,3.75152206420898
China,CHN,2010,3.55966520309448
China,CHN,2011,3.80921697616577
China,CHN,2012,4.29788875579834
China,CHN,2013,4.1298041343689
China,CHN,2014,4.10536003112793
China,CHN,2015,4.24201250076294
China,CHN,2016,4.20638513565063
China,CHN,2017,4.11133146286011
China,CHN,2018,4.02442407608032
China,CHN,2019,4.05939483642578
China,CHN,2020,4.2333812713623
China,CHN,2021,3.98832511901855
China,CHN,2022,4.02356958389282
Cyprus,CYP,2000,4.98954010009766
Cyprus,CYP,2001,5.11552000045776
Cyprus,CYP,2002,5.58166980743408
Cyprus,CYP,2003,6.6702299118042
Cyprus,CYP,2004,6.11772012710571
Cyprus,CYP,2005,6.28667020797729
Cyprus,CYP,2006,6.3302698135376
Cyprus,CYP,2007,6.28082990646362
Cyprus,CYP,2008,6.72276020050049
Cyprus,CYP,2009,7.2054500579834
Cyprus,CYP,2010,6.52559995651245
Cyprus,CYP,2011,6.52042007446289
Cyprus,CYP,2012,5.89526700973511
Cyprus,CYP,2013,6.46747016906738
Cyprus,CYP,2014,6.42111015319824
Cyprus,CYP,2015,6.30491018295288
Cyprus,CYP,2016,6.11811017990112
Cyprus,CYP,2017,5.69961977005005
Cyprus,CYP,2018,5.0253529548645
Cyprus,CYP,2019,5.21260023117065
Cyprus,CYP,2020,5.63694000244141
Cyprus,CYP,2021,5.23585987091064
Cyprus,CYP,2022,
Czechia,CZE,2000,3.64034008979797
Czechia,CZE,2001,3.73283004760742
Czechia,CZE,2002,3.95878005027771
Czechia,CZE,2003,4.11728000640869
Czechia,CZE,2004,3.99238991737366
Czechia,CZE,2005,3.86591005325317
Czechia,CZE,2006,4.1955099105835
Czechia,CZE,2007,3.84717988967896
Czechia,CZE,2008,3.7271900177002
Czechia,CZE,2009,4.1460599899292
Czechia,CZE,2010,4.03350019454956
Czechia,CZE,2011,4.24209022521973
Czechia,CZE,2012,4.22070980072021
Czechia,CZE,2013,4.04676008224487
Czechia,CZE,2014,3.96522998809814
Czechia,CZE,2015,5.75182008743286
Czechia,CZE,2016,5.55373001098633
Czechia,CZE,2017,3.80615997314453
Czechia,CZE,2018,4.26605987548828
Czechia,CZE,2019,4.54246997833252
Czechia,CZE,2020,4.72159004211426
Czechia,CZE,2021,4.80319976806641
Czechia,CZE,2022,
Ecuador,ECU,2000,1.20265996456146
Ecuador,ECU,2001,
Ecuador,ECU,2002,
Ecuador,ECU,2003,
Ecuador,ECU,2004,
Ecuador,ECU,2005,
Ecuador,ECU,2006,
Ecuador,ECU,2007,
Ecuador,ECU,2008,
Ecuador,ECU,2009,4.51763010025024
Ecuador,ECU,2010,4.60028982162476
Ecuador,ECU,2011,4.74424982070923
Ecuador,ECU,2012,4.65310001373291
Ecuador,ECU,2013,4.92997980117798
Ecuador,ECU,2014,5.21020984649658
Ecuador,ECU,2015,5.10570001602173
Ecuador,ECU,2016,4.36274814605713
Ecuador,ECU,2017,4.6142578125
Ecuador,ECU,2018,4.62145519256592
Ecuador,ECU,2019,4.2457799911499
Ecuador,ECU,2020,4.26103019714355
Ecuador,ECU,2021,3.64776992797852
Ecuador,ECU,2022,3.59897994995117
Egypt,EGY,2000,
Egypt,EGY,2001,
Egypt,EGY,2002,4.7958836555481
Egypt,EGY,2003,4.94563007354736
Egypt,EGY,2004,4.67072010040283
Egypt,EGY,2005,4.79442977905273
Egypt,EGY,2006,4.00178003311157
Egypt,EGY,2007,3.68460988998413
Egypt,EGY,2008,3.76082992553711
Egypt,EGY,2009,3.6391909122467
Egypt,EGY,2010,3.54265189170837
Egypt,EGY,2011,3.3442964553833
Egypt,EGY,2012,3.36830472946167
Egypt,EGY,2013,4.12252616882324
Egypt,EGY,2014,4.25138568878174
Egypt,EGY,2015,3.93084812164307
Egypt,EGY,2016,
Egypt,EGY,2017,
Egypt,EGY,2018,
Egypt,EGY,2019,
Egypt,EGY,2020,
Egypt,EGY,2021,
Egypt,EGY,2022,
Ethiopia,ETH,2000,3.88614988327026
Ethiopia,ETH,2001,3.7002899646759
Ethiopia,ETH,2002,3.63245010375977
Ethiopia,ETH,2003,
Ethiopia,ETH,2004,
Ethiopia,ETH,2005,
Ethiopia,ETH,2006,5.49096012115479
Ethiopia,ETH,2007,5.45112991333008
Ethiopia,ETH,2008,5.40819978713989
Ethiopia,ETH,2009,4.42207002639771
Ethiopia,ETH,2010,4.49659013748169
Ethiopia,ETH,2011,5.48576021194458
Ethiopia,ETH,2012,5.56678009033203
Ethiopia,ETH,2013,4.82446432113647
Ethiopia,ETH,2014,4.79265069961548
Ethiopia,ETH,2015,5.15336132049561
Ethiopia,ETH,2016,5.06151390075684
Ethiopia,ETH,2017,5.49905061721802
Ethiopia,ETH,2018,5.22011184692383
Ethiopia,ETH,2019,4.48086929321289
Ethiopia,ETH,2020,4.09056520462036
Ethiopia,ETH,2021,4.06524896621704
Ethiopia,ETH,2022,3.73649501800537
France,FRA,2000,5.60021924972534
France,FRA,2001,5.61780023574829
France,FRA,2002,5.78097534179688
France,FRA,2003,5.76206302642822
France,FRA,2004,5.54923391342163
France,FRA,2005,5.51722764968872
France,FRA,2006,5.47531032562256
France,FRA,2007,5.30452871322632
France,FRA,2008,5.38727569580078
France,FRA,2009,5.66921901702881
France,FRA,2010,5.64279174804688
France,FRA,2011,5.48011541366577
France,FRA,2012,5.48835611343384
France,FRA,2013,5.4928936958313
France,FRA,2014,5.48920440673828
France,FRA,2015,5.44642734527588
France,FRA,2016,5.40805816650391
France,FRA,2017,5.45160007476807
France,FRA,2018,5.40716981887817
France,FRA,2019,5.35443019866943
France,FRA,2020,5.65981006622314
France,FRA,2021,5.43038988113403
France,FRA,2022,
Germany,DEU,2000,4.06815242767334
Germany,DEU,2001,4.14708137512207
Germany,DEU,2002,4.16305732727051
Germany,DEU,2003,4.17101860046387
Germany,DEU,2004,4.10064888000488
Germany,DEU,2005,4.10731077194214
Germany,DEU,2006,4.02527379989624
Germany,DEU,2007,3.92246603965759
Germany,DEU,2008,4.54924011230469
Germany,DEU,2009,4.34005403518677
Germany,DEU,2010,5.09588003158569
Germany,DEU,2011,4.98425006866455
Germany,DEU,2012,4.92844009399414
Germany,DEU,2013,4.93538999557495
Germany,DEU,2014,4.92102003097534
Germany,DEU,2015,4.85515022277832
Germany,DEU,2016,4.83923006057739
Germany,DEU,2017,4.87182998657227
Germany,DEU,2018,4.97933006286621
Germany,DEU,2019,5.11552000045776
Germany,DEU,2020,5.59038019180298
Germany,DEU,2021,5.45488977432251
Germany,DEU,2022,4.54389047622681
Greece,GRC,2000,3.23019003868103
Greece,GRC,2001,3.36457991600037
Greece,GRC,2002,3.42430996894836
Greece,GRC,2003,3.42933988571167
Greece,GRC,2004,3.66719007492065
Greece,GRC,2005,3.96395993232727
Greece,GRC,2006,3.64772200584412
Greece,GRC,2007,3.59139657020569
Greece,GRC,2008,3.77288317680359
Greece,GRC,2009,4.1299352645874
Greece,GRC,2010,4.14056491851807
Greece,GRC,2011,4.51630020141602
Greece,GRC,2012,4.58220291137695
Greece,GRC,2013,4.49511909484863
Greece,GRC,2014,4.32135677337646
Greece,GRC,2015,3.66139006614685
Greece,GRC,2016,4.01561069488525
Greece,GRC,2017,3.47708988189697
Greece,GRC,2018,3.59734010696411
Greece,GRC,2019,3.58612990379333
Greece,GRC,2020,4.49500036239624
Greece,GRC,2021,4.08201456069946
Greece,GRC,2022,
Guatemala,GTM,2000,
Guatemala,GTM,2001,
Guatemala,GTM,2002,
Guatemala,GTM,2003,
Guatemala,GTM,2004,
Guatemala,GTM,2005,
Guatemala,GTM,2006,3.03285002708435
Guatemala,GTM,2007,3.08808994293213
Guatemala,GTM,2008,3.23686003684998
Guatemala,GTM,2009,
Guatemala,GTM,2010,2.8486499786377
Guatemala,GTM,2011,2.96865010261536
Guatemala,GTM,2012,3.00524997711182
Guatemala,GTM,2013,2.88808989524841
Guatemala,GTM,2014,2.98562002182007
Guatemala,GTM,2015,3.03032994270325
Guatemala,GTM,2016,2.94474005699158
Guatemala,GTM,2017,2.95009994506836
Guatemala,GTM,2018,3.13193988800049
Guatemala,GTM,2019,3.19297003746033
Guatemala,GTM,2020,3.29503011703491
Guatemala,GTM,2021,3.10634994506836
Guatemala,GTM,2022,3.22940993309021
India,IND,2000,4.32479000091553
India,IND,2001,
India,IND,2002,
India,IND,2003,3.61340999603271
India,IND,2004,3.35254001617432
India,IND,2005,3.18875002861023
India,IND,2006,3.14284992218018
India,IND,2007,
India,IND,2008,
India,IND,2009,3.27824997901917
India,IND,2010,3.377690076828
India,IND,2011,3.79618000984192
India,IND,2012,4.08479833602905
India,IND,2013,3.84467005729675
India,IND,2014,3.89878034591675
India,IND,2015,4.11499166488647
India,IND,2016,4.256516456604
India,IND,2017,4.30639696121216
India,IND,2018,4.3769326210022
India,IND,2019,3.89732360839844
India,IND,2020,4.04014158248901
India,IND,2021,4.63514137268066
India,IND,2022,4.12072849273682
Indonesia,IDN,2000,
Indonesia,IDN,2001,2.46003007888794
Indonesia,IDN,2002,2.64568996429443
Indonesia,IDN,2003,3.21799993515015
Indonesia,IDN,2004,2.74847006797791
Indonesia,IDN,2005,2.8728199005127
Indonesia,IDN,2006,
Indonesia,IDN,2007,3.04425001144409
Indonesia,IDN,2008,2.90190005302429
Indonesia,IDN,2009,3.52513003349304
Indonesia,IDN,2010,2.81227993965149
Indonesia,IDN,2011,3.18944001197815
Indonesia,IDN,2012,3.40748000144958
Indonesia,IDN,2013,3.35904002189636
Indonesia,IDN,2014,3.28800988197327
Indonesia,IDN,2015,3.58360004425049
Indonesia,IDN,2016,1.21023452281952
Indonesia,IDN,2017,1.05324387550354
Indonesia,IDN,2018,0.99443644285202
Indonesia,IDN,2019,0.964399099349976
Indonesia,IDN,2020,1.01593220233917
Indonesia,IDN,2021,1.03221750259399
Indonesia,IDN,2022,0.863943338394165
Iran,IRN,2000,4.03064012527466
Iran,IRN,2001,4.07168006896973
Iran,IRN,2002,4.48487997055054
Iran,IRN,2003,4.36322021484375
Iran,IRN,2004,4.29662990570068
Iran,IRN,2005,4.05650997161865
Iran,IRN,2006,4.28998994827271
Iran,IRN,2007,4.59680986404419
Iran,IRN,2008,3.91375994682312
Iran,IRN,2009,3.84244990348816
Iran,IRN,2010,3.70918011665344
Iran,IRN,2011,3.48497009277344
Iran,IRN,2012,2.93899989128113
Iran,IRN,2013,2.85279011726379
Iran,IRN,2014,2.61668992042542
Iran,IRN,2015,2.62911009788513
Iran,IRN,2016,3.17396998405457
Iran,IRN,2017,3.45956993103027
Iran,IRN,2018,3.61979007720947
Iran,IRN,2019,3.24005007743835
Iran,IRN,2020,3.20495009422302
Iran,IRN,2021,
Iran,IRN,2022,3.06036734580994
Ireland,IRL,2000,4.13225984573364
Ireland,IRL,2001,4.08749008178711
Ireland,IRL,2002,4.10487985610962
Ireland,IRL,2003,4.20493984222412
Ireland,IRL,2004,4.48296022415161
Ireland,IRL,2005,4.51898002624512
Ireland,IRL,2006,4.54742002487183
Ireland,IRL,2007,4.71541023254395
Ireland,IRL,2008,5.45828008651733
Ireland,IRL,2009,6.15610980987549
Ireland,IRL,2010,6.05033016204834
Ireland,IRL,2011,5.82428979873657
Ireland,IRL,2012,5.76235008239746
Ireland,IRL,2013,5.34578990936279
Ireland,IRL,2014,4.86511993408203
Ireland,IRL,2015,3.74868988990784
Ireland,IRL,2016,3.74674010276794
Ireland,IRL,2017,3.49044990539551
Ireland,IRL,2018,3.37838006019592
Ireland,IRL,2019,3.2961699962616
Ireland,IRL,2020,3.25081992149353
Ireland,IRL,2021,3.00598001480103
Ireland,IRL,2022,
Japan,JPN,2000,3.46011996269226
Japan,JPN,2001,3.40082001686096
Japan,JPN,2002,3.40898990631104
Japan,JPN,2003,3.46662998199463
Japan,JPN,2004,3.42611002922058
Japan,JPN,2005,3.31493997573853
Japan,JPN,2006,3.27667999267578
Japan,JPN,2007,3.27934002876282
Japan,JPN,2008,3.27241992950439
Japan,JPN,2009,3.5559778213501
Japan,JPN,2010,3.59951996803284
Japan,JPN,2011,3.60527992248535
Japan,JPN,2012,3.41945004463196
Japan,JPN,2013,3.40875005722046
Japan,JPN,2014,3.41529989242554
Japan,JPN,2015,3.31221008300781
Japan,JPN,2016,3.14643001556396
Japan,JPN,2017,3.13057994842529
Japan,JPN,2018,3.07782006263733
Japan,JPN,2019,3.15533995628357
Japan,JPN,2020,3.30628991127014
Japan,JPN,2021,3.33563995361328
Japan,JPN,2022,3.23762130737305
Jordan,JOR,2000,
Jordan,JOR,2001,
Jordan,JOR,2002,
Jordan,JOR,2003,
Jordan,JOR,2004,
Jordan,JOR,2005,
Jordan,JOR,2006,
Jordan,JOR,2007,
Jordan,JOR,2008,
Jordan,JOR,2009,
Jordan,JOR,2010,
Jordan,JOR,2011,
Jordan,JOR,2012,
Jordan,JOR,2013,
Jordan,JOR,2014,
Jordan,JOR,2015,
Jordan,JOR,2016,3.45282006263733
Jordan,JOR,2017,3.21305990219116
Jordan,JOR,2018,2.95461988449097
Jordan,JOR,2019,2.98847007751465
Jordan,JOR,2020,
Jordan,JOR,2021,3.13837003707886
Jordan,JOR,2022,3.16022992134094
Kazakhstan,KAZ,2000,3.25661993026733
Kazakhstan,KAZ,2001,3.27934145927429
Kazakhstan,KAZ,2002,3.02970004081726
Kazakhstan,KAZ,2003,3.23048210144043
Kazakhstan,KAZ,2004,2.25590991973877
Kazakhstan,KAZ,2005,2.26353001594543
Kazakhstan,KAZ,2006,2.62678003311157
Kazakhstan,KAZ,2007,2.83138990402222
Kazakhstan,KAZ,2008,2.58945989608765
Kazakhstan,KAZ,2009,3.06071996688843
Kazakhstan,KAZ,2010,3.58735489845276
Kazakhstan,KAZ,2011,3.61434006690979
Kazakhstan,KAZ,2012,3.90163707733154
Kazakhstan,KAZ,2013,3.44564890861511
Kazakhstan,KAZ,2014,3.429039478302
Kazakhstan,KAZ,2015,3.33796977996826
Kazakhstan,KAZ,2016,3.56325101852417
Kazakhstan,KAZ,2017,3.39102387428284
Kazakhstan,KAZ,2018,3.15191626548767
Kazakhstan,KAZ,2019,3.35382127761841
Kazakhstan,KAZ,2020,4.44620370864868
Kazakhstan,KAZ,2021,4.38569402694702
Kazakhstan,KAZ,2022,4.45820236206055
Kenya,KEN,2000,5.1867299079895
Kenya,KEN,2001,5.20621013641357
Kenya,KEN,2002,6.17199993133545
Kenya,KEN,2003,6.49426984786987
Kenya,KEN,2004,6.79692983627319
Kenya,KEN,2005,7.3356499671936
Kenya,KEN,2006,7.04983997344971
Kenya,KEN,2007,
Kenya,KEN,2008,
Kenya,KEN,2009,4.01999998092651
Kenya,KEN,2010,4.81548976898193
Kenya,KEN,2011,4.70012998580933
Kenya,KEN,2012,4.93121004104614
Kenya,KEN,2013,4.83721017837524
Kenya,KEN,2014,4.7172999382019
Kenya,KEN,2015,4.9494514465332
Kenya,KEN,2016,4.66556310653687
Kenya,KEN,2017,4.26874256134033
Kenya,KEN,2018,5.32192516326904
Kenya,KEN,2019,5.37359189987183
Kenya,KEN,2020,5.04574871063232
Kenya,KEN,2021,4.89040184020996
Kenya,KEN,2022,4.51101779937744
Kyrgyzstan,KGZ,2000,3.50838994979858
Kyrgyzstan,KGZ,2001,3.85418009757996
Kyrgyzstan,KGZ,2002,4.44545984268188
Kyrgyzstan,KGZ,2003,4.47541999816895
Kyrgyzstan,KGZ,2004,4.62243986129761
Kyrgyzstan,KGZ,2005,4.87383985519409
Kyrgyzstan,KGZ,2006,5.54986000061035
Kyrgyzstan,KGZ,2007,6.46700000762939
Kyrgyzstan,KGZ,2008,5.91318988800049
Kyrgyzstan,KGZ,2009,6.23267984390259
Kyrgyzstan,KGZ,2010,5.81883239746094
Kyrgyzstan,KGZ,2011,6.79062080383301
Kyrgyzstan,KGZ,2012,7.38422012329102
Kyrgyzstan,KGZ,2013,6.78019857406616
Kyrgyzstan,KGZ,2014,6.46763563156128
Kyrgyzstan,KGZ,2015,6.96764755249023
Kyrgyzstan,KGZ,2016,6.58615016937256
Kyrgyzstan,KGZ,2017,6.02618980407715
Kyrgyzstan,KGZ,2018,5.55267000198364
Kyrgyzstan,KGZ,2019,6.07318115234375
Kyrgyzstan,KGZ,2020,6.61971664428711
Kyrgyzstan,KGZ,2021,6.17235136032104
Kyrgyzstan,KGZ,2022,7.1688437461853
Lebanon,LBN,2000,
Lebanon,LBN,2001,2.84148001670837
Lebanon,LBN,2002,2.55271005630493
Lebanon,LBN,2003,
Lebanon,LBN,2004,2.64094996452332
Lebanon,LBN,2005,2.64618992805481
Lebanon,LBN,2006,2.77975988388062
Lebanon,LBN,2007,2.58357000350952
Lebanon,LBN,2008,2.01479005813599
Lebanon,LBN,2009,1.76570999622345
Lebanon,LBN,2010,1.61330997943878
Lebanon,LBN,2011,1.65251994132996
Lebanon,LBN,2012,2.14902997016907
Lebanon,LBN,2013,2.43396997451782
Lebanon,LBN,2014,
Lebanon,LBN,2015,
Lebanon,LBN,2016,2.12633323669434
Lebanon,LBN,2017,2.13748621940613
Lebanon,LBN,2018,2.52722072601318
Lebanon,LBN,2019,2.60026550292969
Lebanon,LBN,2020,1.66996812820435
Lebanon,LBN,2021,
Lebanon,LBN,2022,
Malaysia,MYS,2000,5.9716100692749
Malaysia,MYS,2001,7.48446989059448
Malaysia,MYS,2002,7.65792989730835
Malaysia,MYS,2003,7.50288009643555
Malaysia,MYS,2004,5.92389011383057
Malaysia,MYS,2005,
Malaysia,MYS,2006,4.48576021194458
Malaysia,MYS,2007,4.37253999710083
Malaysia,MYS,2008,3.95851993560791
Malaysia,MYS,2009,5.97418022155762
Malaysia,MYS,2010,4.96645021438599
Malaysia,MYS,2011,5.76293992996216
Malaysia,MYS,2012,5.73902988433838
Malaysia,MYS,2013,5.48120021820068
Malaysia,MYS,2014,5.02935981750488
Malaysia,MYS,2015,4.70381021499634
Malaysia,MYS,2016,4.34598445892334
Malaysia,MYS,2017,4.18488502502441
Malaysia,MYS,2018,4.13194847106934
Malaysia,MYS,2019,3.97953963279724
Malaysia,MYS,2020,4.51888704299927
Malaysia,MYS,2021,4.26109409332275
Malaysia,MYS,2022,3.49933791160583
Mexico,MEX,2000,3.80870008468628
Mexico,MEX,2001,4.0313401222229
Mexico,MEX,2002,4.24307012557983
Mexico,MEX,2003,4.83262014389038
Mexico,MEX,2004,4.51204013824463
Mexico,MEX,2005,4.63395023345947
Mexico,MEX,2006,4.4931697845459
Mexico,MEX,2007,4.47921991348267
Mexico,MEX,2008,4.60609006881714
Mexico,MEX,2009,4.94933986663818
Mexico,MEX,2010,4.93695020675659
Mexico,MEX,2011,4.90405988693237
Mexico,MEX,2012,4.88348007202148
Mexico,MEX,2013,4.50858020782471
Mexico,MEX,2014,5.06808996200562
Mexico,MEX,2015,5.05087995529175
Mexico,MEX,2016,4.75795984268188
Mexico,MEX,2017,4.39752006530762
Mexico,MEX,2018,4.13945007324219
Mexico,MEX,2019,
Mexico,MEX,2020,4.50059986114502
Mexico,MEX,2021,4.24952983856201
Mexico,MEX,2022,
Mongolia,MNG,2000,5.55037021636963
Mongolia,MNG,2001,4.93606424331665
Mongolia,MNG,2002,7.21078014373779
Mongolia,MNG,2003,
Mongolia,MNG,2004,4.32572984695435
Mongolia,MNG,2005,
Mongolia,MNG,2006,
Mongolia,MNG,2007,4.69013023376465
Mongolia,MNG,2008,
Mongolia,MNG,2009,5.14484977722168
Mongolia,MNG,2010,4.64510011672974
Mongolia,MNG,2011,4.60902976989746
Mongolia,MNG,2012,5.96198511123657
Mongolia,MNG,2013,5.24104022979736
Mongolia,MNG,2014,5.42825603485107
Mongolia,MNG,2015,4.38715648651123
Mongolia,MNG,2016,5.20043277740479
Mongolia,MNG,2017,4.31822395324707
Mongolia,MNG,2018,3.99742722511292
Mongolia,MNG,2019,3.65236973762512
Mongolia,MNG,2020,4.66345500946045
Mongolia,MNG,2021,3.34389615058899
Mongolia,MNG,2022,4.18056726455688
Morocco,MAR,2000,
Morocco,MAR,2001,
Morocco,MAR,2002,
Morocco,MAR,2003,
Morocco,MAR,2004,
Morocco,MAR,2005,
Morocco,MAR,2006,
Morocco,MAR,2007,
Morocco,MAR,2008,4.85339021682739
Morocco,MAR,2009,4.83119010925293
Morocco,MAR,2010,
Morocco,MAR,2011,
Morocco,MAR,2012,5.55294847488403
Morocco,MAR,2013,
Morocco,MAR,2014,5.48276042938232
Morocco,MAR,2015,5.13336896896362
Morocco,MAR,2016,5.08530187606812
Morocco,MAR,2017,4.73564958572388
Morocco,MAR,2018,4.96022701263428
Morocco,MAR,2019,5.00325679779053
Morocco,MAR,2020,6.28428268432617
Morocco,MAR,2021,5.64273405075073
Morocco,MAR,2022,5.91224670410156
Myanmar,MMR,2000,
Myanmar,MMR,2001,
Myanmar,MMR,2002,
Myanmar,MMR,2003,
Myanmar,MMR,2004,
Myanmar,MMR,2005,
Myanmar,MMR,2006,
Myanmar,MMR,2007,
Myanmar,MMR,2008,
Myanmar,MMR,2009,
Myanmar,MMR,2010,
Myanmar,MMR,2011,0.787440001964569
Myanmar,MMR,2012,1.58642876148224
Myanmar,MMR,2013,1.84381175041199
Myanmar,MMR,2014,2.01199841499329
Myanmar,MMR,2015,2.2456042766571
Myanmar,MMR,2016,2.15808844566345
Myanmar,MMR,2017,2.16652989387512
Myanmar,MMR,2018,1.99249005317688
Myanmar,MMR,2019,1.99976003170013
Myanmar,MMR,2020,
Myanmar,MMR,2021,
Myanmar,MMR,2022,
Netherlands,NLD,2000,4.58512020111084
Netherlands,NLD,2001,4.69964981079102
Netherlands,NLD,2002,4.80590009689331
Netherlands,NLD,2003,5.0404200553894
Netherlands,NLD,2004,5.06297016143799
Netherlands,NLD,2005,5.10939979553223
Netherlands,NLD,2006,5.04402017593384
Netherlands,NLD,2007,4.88682985305786
Netherlands,NLD,2008,5.02904987335205
Netherlands,NLD,2009,5.43156003952026
Netherlands,NLD,2010,5.48908996582031
Netherlands,NLD,2011,5.46303987503052
Netherlands,NLD,2012,5.4102201461792
Netherlands,NLD,2013,5.52655982971191
Netherlands,NLD,2014,5.458899974823
Netherlands,NLD,2015,5.34815979003906
Netherlands,NLD,2016,5.47959995269775
Netherlands,NLD,2017,5.17509984970093
Netherlands,NLD,2018,5.35764980316162
Netherlands,NLD,2019,5.15986013412476
Netherlands,NLD,2020,5.42381000518799
Netherlands,NLD,2021,5.50609016418457
Netherlands,NLD,2022,5.05201101303101
New Zealand,NZL,2000,
New Zealand,NZL,2001,
New Zealand,NZL,2002,
New Zealand,NZL,2003,
New Zealand,NZL,2004,
New Zealand,NZL,2005,
New Zealand,NZL,2006,
New Zealand,NZL,2007,
New Zealand,NZL,2008,
New Zealand,NZL,2009,6.54333829879761
New Zealand,NZL,2010,6.59741258621216
New Zealand,NZL,2011,6.55125284194946
New Zealand,NZL,2012,6.53085327148438
New Zealand,NZL,2013,5.88855981826782
New Zealand,NZL,2014,5.80853986740112
New Zealand,NZL,2015,5.70734977722168
New Zealand,NZL,2016,5.50559997558594
New Zealand,NZL,2017,5.28000020980835
New Zealand,NZL,2018,5.19308996200562
New Zealand,NZL,2019,5.17797994613647
New Zealand,NZL,2020,5.65149021148682
New Zealand,NZL,2021,5.54822015762329
New Zealand,NZL,2022,5.23012018203735
Nicaragua,NIC,2000,3.00160002708435
Nicaragua,NIC,2001,
Nicaragua,NIC,2002,2.39101004600525
Nicaragua,NIC,2003,2.42200994491577
Nicaragua,NIC,2004,
Nicaragua,NIC,2005,
Nicaragua,NIC,2006,
Nicaragua,NIC,2007,
Nicaragua,NIC,2008,
Nicaragua,NIC,2009,
Nicaragua,NIC,2010,4.48424005508423
Nicaragua,NIC,2011,
Nicaragua,NIC,2012,
Nicaragua,NIC,2013,
Nicaragua,NIC,2014,4.08329010009766
Nicaragua,NIC,2015,4.07843017578125
Nicaragua,NIC,2016,4.081130027771
Nicaragua,NIC,2017,4.35767984390259
Nicaragua,NIC,2018,3.57310891151428
Nicaragua,NIC,2019,4.59991979598999
Nicaragua,NIC,2020,4.58156108856201
Nicaragua,NIC,2021,4.08665704727173
Nicaragua,NIC,2022,3.79476308822632
Nigeria,NGA,2000,
Nigeria,NGA,2001,
Nigeria,NGA,2002,
Nigeria,NGA,2003,
Nigeria,NGA,2004,
Nigeria,NGA,2005,
Nigeria,NGA,2006,
Nigeria,NGA,2007,
Nigeria,NGA,2008,
Nigeria,NGA,2009,
Nigeria,NGA,2010,0.496685653924942
Nigeria,NGA,2011,0.564658761024475
Nigeria,NGA,2012,0.549233078956604
Nigeria,NGA,2013,0.534206748008728
Nigeria,NGA,2014,0.470742553472519
Nigeria,NGA,2015,0.436954915523529
Nigeria,NGA,2016,0.393045634031296
Nigeria,NGA,2017,0.396354019641876
Nigeria,NGA,2018,0.419998496770859
Nigeria,NGA,2019,0.358478993177414
Nigeria,NGA,2020,0.359637647867203
Nigeria,NGA,2021,0.381919115781784
Nigeria,NGA,2022,0.348516702651978
Pakistan,PAK,2000,1.83782005310059
Pakistan,PAK,2001,
Pakistan,PAK,2002,
Pakistan,PAK,2003,
Pakistan,PAK,2004,1.44337999820709
Pakistan,PAK,2005,1.67058002948761
Pakistan,PAK,2006,1.98055994510651
Pakistan,PAK,2007,2.23465991020203
Pakistan,PAK,2008,2.27263998985291
Pakistan,PAK,2009,2.17916011810303
Pakistan,PAK,2010,2.05268001556396
Pakistan,PAK,2011,2.00100994110107
Pakistan,PAK,2012,1.97879004478455
Pakistan,PAK,2013,2.23698997497559
Pakistan,PAK,2014,2.2043399810791
Pakistan,PAK,2015,2.38609004020691
Pakistan,PAK,2016,2.41721177101135
Pakistan,PAK,2017,2.13665676116943
Pakistan,PAK,2018,2.33216953277588
Pakistan,PAK,2019,2.21491765975952
Pakistan,PAK,2020,2.05718231201172
Pakistan,PAK,2021,1.6874612569809
Pakistan,PAK,2022,1.97444903850555
Peru,PER,2000,3.22802996635437
Peru,PER,2001,3.03712010383606
Peru,PER,2002,2.82056999206543
Peru,PER,2003,2.93779993057251
Peru,PER,2004,2.95787000656128
Peru,PER,2005,2.83903002738953
Peru,PER,2006,2.65281009674072
Peru,PER,2007,2.62940001487732
Peru,PER,2008,2.8677499294281
Peru,PER,2009,3.13994002342224
Peru,PER,2010,2.86730003356934
Peru,PER,2011,2.6635000705719
Peru,PER,2012,2.92276000976562
Peru,PER,2013,3.29729008674622
Peru,PER,2014,3.69599008560181
Peru,PER,2015,3.96933007240295
Peru,PER,2016,3.81316995620728
Peru,PER,2017,3.93130993843079
Peru,PER,2018,3.71392011642456
Peru,PER,2019,3.822429895401
Peru,PER,2020,4.25937986373901
Peru,PER,2021,3.92721009254456
Peru,PER,2022,3.83315992355347
Philippines,PHL,2000,3.16440010070801
Philippines,PHL,2001,2.92463994026184
Philippines,PHL,2002,2.89222002029419
Philippines,PHL,2003,2.93517994880676
Philippines,PHL,2004,2.46983003616333
Philippines,PHL,2005,2.32806992530823
Philippines,PHL,2006,2.42579007148743
Philippines,PHL,2007,2.48517990112305
Philippines,PHL,2008,2.58282995223999
Philippines,PHL,2009,2.53777003288269
Philippines,PHL,2010,
Philippines,PHL,2011,
Philippines,PHL,2012,
Philippines,PHL,2013,
Philippines,PHL,2014,2.66454243659973
Philippines,PHL,2015,2.8305230140686
Philippines,PHL,2016,3.3012809753418
Philippines,PHL,2017,3.9638409614563
Philippines,PHL,2018,3.85502767562866
Philippines,PHL,2019,3.40748643875122
Philippines,PHL,2020,3.85829043388367
Philippines,PHL,2021,3.87249755859375
Philippines,PHL,2022,3.57960081100464
Romania,ROU,2000,2.86862993240356
Romania,ROU,2001,3.26628994941711
Romania,ROU,2002,3.5041298866272
Romania,ROU,2003,3.54397010803223
Romania,ROU,2004,3.31273007392883
Romania,ROU,2005,3.50039005279541
Romania,ROU,2006,4.30650997161865
Romania,ROU,2007,4.14953994750977
Romania,ROU,2008,4.0971999168396
Romania,ROU,2009,4.00213003158569
Romania,ROU,2010,3.41717004776001
Romania,ROU,2011,2.91375994682312
Romania,ROU,2012,2.82322001457214
Romania,ROU,2013,3.06800007820129
Romania,ROU,2014,3.12508010864258
Romania,ROU,2015,3.10695004463196
Romania,ROU,2016,3.02559995651245
Romania,ROU,2017,3.11820006370544
Romania,ROU,2018,3.31918001174927
Romania,ROU,2019,3.56695008277893
Romania,ROU,2020,3.58926010131836
Romania,ROU,2021,3.32452988624573
Romania,ROU,2022,
Russia,RUS,2000,2.93979001045227
Russia,RUS,2001,3.10601997375488
Russia,RUS,2002,3.83502006530762
Russia,RUS,2003,3.67853999137878
Russia,RUS,2004,3.54786992073059
Russia,RUS,2005,3.77192997932434
Russia,RUS,2006,3.86626005172729
Russia,RUS,2007,
Russia,RUS,2008,4.10174989700317
Russia,RUS,2009,4.47064161300659
Russia,RUS,2010,3.8476243019104
Russia,RUS,2011,3.71261262893677
Russia,RUS,2012,3.79310011863708
Russia,RUS,2013,3.76382994651794
Russia,RUS,2014,4.01387977600098
Russia,RUS,2015,3.83402991294861
Russia,RUS,2016,3.76044011116028
Russia,RUS,2017,4.68990993499756
Russia,RUS,2018,4.67819976806641
Russia,RUS,2019,3.69561433792114
Russia,RUS,2020,4.01641845703125
Russia,RUS,2021,3.99480700492859
Russia,RUS,2022,4.05402755737305
Serbia,SRB,2000,
Serbia,SRB,2001,
Serbia,SRB,2002,
Serbia,SRB,2003,
Serbia,SRB,2004,
Serbia,SRB,2005,
Serbia,SRB,2006,
Serbia,SRB,2007,4.20983982086182
Serbia,SRB,2008,4.28094434738159
Serbia,SRB,2009,4.48398017883301
Serbia,SRB,2010,3.90093231201172
Serbia,SRB,2011,4.2383599281311
Serbia,SRB,2012,3.84768438339233
Serbia,SRB,2013,
Serbia,SRB,2014,
Serbia,SRB,2015,
Serbia,SRB,2016,3.63470005989075
Serbia,SRB,2017,3.71016001701355
Serbia,SRB,2018,3.58231997489929
Serbia,SRB,2019,3.61647009849548
Serbia,SRB,2020,
Serbia,SRB,2021,3.29867005348206
Serbia,SRB,2022,3.23938989639282
Singapore,SGP,2000,3.32130002975464
Singapore,SGP,2001,3.54249000549316
Singapore,SGP,2002,3.87853002548218
Singapore,SGP,2003,3.98194003105164
Singapore,SGP,2004,3.65276002883911
Singapore,SGP,2005,3.19596004486084
Singapore,SGP,2006,2.85911989212036
Singapore,SGP,2007,2.9467499256134
Singapore,SGP,2008,2.76460003852844
Singapore,SGP,2009,3.01012992858887
Singapore,SGP,2010,3.08044004440308
Singapore,SGP,2011,3.03077006340027
Singapore,SGP,2012,3.07085990905762
Singapore,SGP,2013,2.85435009002686
Singapore,SGP,2014,2.92436671257019
Singapore,SGP,2015,2.86309337615967
Singapore,SGP,2016,2.87133049964905
Singapore,SGP,2017,2.75684809684753
Singapore,SGP,2018,2.85660004615784
Singapore,SGP,2019,2.72951006889343
Singapore,SGP,2020,2.6869900226593
Singapore,SGP,2021,2.82470989227295
Singapore,SGP,2022,2.48891997337341
Slovakia,SVK,2000,3.86468005180359
Slovakia,SVK,2001,3.93569993972778
Slovakia,SVK,2002,4.24539995193481
Slovakia,SVK,2003,4.20956993103027
Slovakia,SVK,2004,4.10157012939453
Slovakia,SVK,2005,3.75995993614197
Slovakia,SVK,2006,3.70770001411438
Slovakia,SVK,2007,3.52321004867554
Slovakia,SVK,2008,3.52165007591248
Slovakia,SVK,2009,4.00641012191772
Slovakia,SVK,2010,4.0447998046875
Slovakia,SVK,2011,3.89836001396179
Slovakia,SVK,2012,3.8590099811554
Slovakia,SVK,2013,4.06895017623901
Slovakia,SVK,2014,4.21589994430542
Slovakia,SVK,2015,4.57843017578125
Slovakia,SVK,2016,3.90078997612
Slovakia,SVK,2017,3.93220996856689
Slovakia,SVK,2018,3.95290994644165
Slovakia,SVK,2019,4.27311992645264
Slovakia,SVK,2020,4.76427984237671
Slovakia,SVK,2021,4.79718017578125
Slovakia,SVK,2022,
South Korea,KOR,2000,
South Korea,KOR,2001,
South Korea,KOR,2002,
South Korea,KOR,2003,
South Korea,KOR,2004,
South Korea,KOR,2005,
South Korea,KOR,2006,
South Korea,KOR,2007,
South Korea,KOR,2008,
South Korea,KOR,2009,3.91358160972595
South Korea,KOR,2010,3.52756690979004
South Korea,KOR,2011,
South Korea,KOR,2012,
South Korea,KOR,2013,
South Korea,KOR,2014,
South Korea,KOR,2015,4.45423984527588
South Korea,KOR,2016,4.33309984207153
South Korea,KOR,2017,4.32823991775513
South Korea,KOR,2018,4.45807981491089
South Korea,KOR,2019,4.68465995788574
South Korea,KOR,2020,4.8017201423645
South Korea,KOR,2021,4.86627006530762
South Korea,KOR,2022,
Tajikistan,TJK,2000,2.32871007919312
Tajikistan,TJK,2001,2.37659001350403
Tajikistan,TJK,2002,2.77578997612
Tajikistan,TJK,2003,2.42078995704651
Tajikistan,TJK,2004,2.77203011512756
Tajikistan,TJK,2005,3.51213002204895
Tajikistan,TJK,2006,3.40350008010864
Tajikistan,TJK,2007,3.41326999664307
Tajikistan,TJK,2008,3.45983004570007
Tajikistan,TJK,2009,4.0983099937439
Tajikistan,TJK,2010,4.00675010681152
Tajikistan,TJK,2011,3.93511009216309
Tajikistan,TJK,2012,4.01803016662598
Tajikistan,TJK,2013,5.29397630691528
Tajikistan,TJK,2014,5.59398889541626
Tajikistan,TJK,2015,4.96774005889893
Tajikistan,TJK,2016,5.73094129562378
Tajikistan,TJK,2017,5.54471778869629
Tajikistan,TJK,2018,5.38508749008179
Tajikistan,TJK,2019,5.48427629470825
Tajikistan,TJK,2020,5.73725271224976
Tajikistan,TJK,2021,5.70163345336914
Tajikistan,TJK,2022,5.71509790420532
Thailand,THA,2000,5.25345993041992
Thailand,THA,2001,4.81787014007568
Thailand,THA,2002,3.86491990089417
Thailand,THA,2003,3.72561001777649
Thailand,THA,2004,4.03088998794556
Thailand,THA,2005,3.93859004974365
Thailand,THA,2006,4.05038022994995
Thailand,THA,2007,3.60314989089966
Thailand,THA,2008,3.50850009918213
Thailand,THA,2009,3.86193990707397
Thailand,THA,2010,3.5084400177002
Thailand,THA,2011,4.80555009841919
Thailand,THA,2012,3.59691834449768
Thailand,THA,2013,3.82439851760864
Thailand,THA,2014,3.91917753219604
Thailand,THA,2015,3.86397624015808
Thailand,THA,2016,3.76761746406555
Thailand,THA,2017,3.46532154083252
Thailand,THA,2018,3.19769406318665
Thailand,THA,2019,3.02221417427063
Thailand,THA,2020,3.15314173698425
Thailand,THA,2021,2.98212432861328
Thailand,THA,2022,2.61187028884888
Tunisia,TUN,2000,6.20196008682251
Tunisia,TUN,2001,6.20184993743896
Tunisia,TUN,2002,5.79006004333496
Tunisia,TUN,2003,6.81675004959106
Tunisia,TUN,2004,6.72078990936279
Tunisia,TUN,2005,6.4515700340271
Tunisia,TUN,2006,6.43879985809326
Tunisia,TUN,2007,6.46451997756958
Tunisia,TUN,2008,6.27157020568848
Tunisia,TUN,2009,6.528480052948
Tunisia,TUN,2010,5.96306991577148
Tunisia,TUN,2011,
Tunisia,TUN,2012,5.95086002349854
Tunisia,TUN,2013,
Tunisia,TUN,2014,
Tunisia,TUN,2015,6.22044992446899
Tunisia,TUN,2016,
Tunisia,TUN,2017,
Tunisia,TUN,2018,
Tunisia,TUN,2019,6.1737322807312
Tunisia,TUN,2020,7.26507568359375
Tunisia,TUN,2021,6.67984676361084
Tunisia,TUN,2022,6.8049898147583
Turkey,TUR,2000,
Turkey,TUR,2001,
Turkey,TUR,2002,
Turkey,TUR,2003,
Turkey,TUR,2004,
Turkey,TUR,2005,
Turkey,TUR,2006,
Turkey,TUR,2007,
Turkey,TUR,2008,3.3205578327179
Turkey,TUR,2009,3.76504969596863
Turkey,TUR,2010,3.7870135307312
Turkey,TUR,2011,4.221519947052
Turkey,TUR,2012,4.38721990585327
Turkey,TUR,2013,4.34481000900269
Turkey,TUR,2014,4.41258001327515
Turkey,TUR,2015,4.30550003051758
Turkey,TUR,2016,4.62773990631104
Turkey,TUR,2017,4.32368993759155
Turkey,TUR,2018,4.29729986190796
Turkey,TUR,2019,4.44776010513306
Turkey,TUR,2020,4.03382015228271
Turkey,TUR,2021,3.53787994384766
Turkey,TUR,2022,2.61430358886719
Ukraine,UKR,2000,4.02293014526367
Ukraine,UKR,2001,4.52568006515503
Ukraine,UKR,2002,5.24006986618042
Ukraine,UKR,2003,5.4001898765564
Ukraine,UKR,2004,5.12376022338867
Ukraine,UKR,2005,5.84819984436035
Ukraine,UKR,2006,5.97945976257324
Ukraine,UKR,2007,5.90244007110596
Ukraine,UKR,2008,6.15242004394531
Ukraine,UKR,2009,7.05074977874756
Ukraine,UKR,2010,7.39708471298218
Ukraine,UKR,2011,5.93770980834961
Ukraine,UKR,2012,6.44269990921021
Ukraine,UKR,2013,6.41989994049072
Ukraine,UKR,2014,5.87493991851807
Ukraine,UKR,2015,5.7425684928894
Ukraine,UKR,2016,5.00977993011475
Ukraine,UKR,2017,5.41707992553711
Ukraine,UKR,2018,5.3199200630188
Ukraine,UKR,2019,5.44129991531372
Ukraine,UKR,2020,5.38231992721558
Ukraine,UKR,2021,5.14011001586914
Ukraine,UKR,2022,5.93389987945557
United Kingdom,GBR,2000,4.01821994781494
United Kingdom,GBR,2001,4.10014009475708
United Kingdom,GBR,2002,4.61192989349365
United Kingdom,GBR,2003,4.8012900352478
United Kingdom,GBR,2004,4.73554992675781
United Kingdom,GBR,2005,4.92976999282837
United Kingdom,GBR,2006,4.97649002075195
United Kingdom,GBR,2007,4.9244499206543
United Kingdom,GBR,2008,4.90973997116089
United Kingdom,GBR,2009,5.06263017654419
United Kingdom,GBR,2010,5.69867992401123
United Kingdom,GBR,2011,5.57218980789185
United Kingdom,GBR,2012,5.57887411117554
United Kingdom,GBR,2013,5.52530002593994
United Kingdom,GBR,2014,5.60134983062744
United Kingdom,GBR,2015,5.55452013015747
United Kingdom,GBR,2016,5.42795991897583
United Kingdom,GBR,2017,5.45256996154785
United Kingdom,GBR,2018,5.20437002182007
United Kingdom,GBR,2019,5.26115989685059
United Kingdom,GBR,2020,5.43935012817383
United Kingdom,GBR,2021,5.90458011627197
United Kingdom,GBR,2022,4.95917558670044
United States,USA,2000,6.08564949035645
United States,USA,2001,6.29892301559448
United States,USA,2002,6.35995531082153
United States,USA,2003,6.3286075592041
United States,USA,2004,6.2537636756897
United States,USA,2005,6.17098331451416
United States,USA,2006,6.16402912139893
United States,USA,2007,6.24331855773926
United States,USA,2008,6.43608617782593
United States,USA,2009,6.73869848251343
United States,USA,2010,6.6945538520813
United States,USA,2011,6.49768352508545
United States,USA,2012,6.25388622283936
United States,USA,2013,6.22925806045532
United States,USA,2014,6.12920570373535
United States,USA,2015,4.93063020706177
United States,USA,2016,4.78327989578247
United States,USA,2017,5.09296989440918
United States,USA,2018,4.89502000808716
United States,USA,2019,4.95746994018555
United States,USA,2020,5.39998006820679
United States,USA,2021,5.42829990386963
United States,USA,2022,
Uruguay,URY,2000,2.42254996299744
Uruguay,URY,2001,2.80096006393433
Uruguay,URY,2002,2.32220005989075
Uruguay,URY,2003,2.0682098865509
Uruguay,URY,2004,2.49954009056091
Uruguay,URY,2005,2.71475005149841
Uruguay,URY,2006,2.85664010047913
Uruguay,URY,2007,
Uruguay,URY,2008,
Uruguay,URY,2009,
Uruguay,URY,2010,
Uruguay,URY,2011,4.14937019348145
Uruguay,URY,2012,4.09353351593018
Uruguay,URY,2013,4.23892021179199
Uruguay,URY,2014,4.26735019683838
Uruguay,URY,2015,4.20636987686157
Uruguay,URY,2016,4.36420011520386
Uruguay,URY,2017,4.41787004470825
Uruguay,URY,2018,4.60362005233765
Uruguay,URY,2019,4.62833976745605
Uruguay,URY,2020,4.54292011260986
Uruguay,URY,2021,4.46065998077393
Uruguay,URY,2022,4.5073299407959
Uzbekistan,UZB,2000,
Uzbekistan,UZB,2001,
Uzbekistan,UZB,2002,
Uzbekistan,UZB,2003,
Uzbekistan,UZB,2004,
Uzbekistan,UZB,2005,
Uzbekistan,UZB,2006,
Uzbekistan,UZB,2007,
Uzbekistan,UZB,2008,
Uzbekistan,UZB,2009,
Uzbekistan,UZB,2010,
Uzbekistan,UZB,2011,5.81876087188721
Uzbekistan,UZB,2012,6.02691507339478
Uzbekistan,UZB,2013,5.74190998077393
Uzbekistan,UZB,2014,5.71323013305664
Uzbekistan,UZB,2015,5.49453353881836
Uzbekistan,UZB,2016,5.41523742675781
Uzbekistan,UZB,2017,5.0333194732666
Uzbekistan,UZB,2018,4.83589315414429
Uzbekistan,UZB,2019,6.29534673690796
Uzbekistan,UZB,2020,4.94803667068481
Uzbekistan,UZB,2021,5.36828899383545
Uzbekistan,UZB,2022,5.23477172851562
Vietnam,VNM,2000,
Vietnam,VNM,2001,
Vietnam,VNM,2002,
Vietnam,VNM,2003,
Vietnam,VNM,2004,
Vietnam,VNM,2005,
Vietnam,VNM,2006,
Vietnam,VNM,2007,
Vietnam,VNM,2008,4.88674020767212
Vietnam,VNM,2009,4.81650018692017
Vietnam,VNM,2010,4.04593992233276
Vietnam,VNM,2011,3.7802300453186
Vietnam,VNM,2012,4.40817022323608
Vietnam,VNM,2013,4.52833986282349
Vietnam,VNM,2014,3.54012322425842
Vietnam,VNM,2015,3.41660451889038
Vietnam,VNM,2016,3.469074010849
Vietnam,VNM,2017,3.41865682601929
Vietnam,VNM,2018,3.14502310752869
Vietnam,VNM,2019,3.08499836921692
Vietnam,VNM,2020,3.21652889251709
Vietnam,VNM,2021,2.94517493247986
Vietnam,VNM,2022,2.88738679885864
