Country,ISO3,Year,GDP_percapita
Argentina,ARG,2000,7637.01489203628
Argentina,ARG,2001,7141.47507662826
Argentina,ARG,2002,2569.69963519124
Argentina,ARG,2003,3320.47775133903
Argentina,ARG,2004,4242.02099089422
Argentina,ARG,2005,5067.65342293276
Argentina,ARG,2006,5869.38028970204
Argentina,ARG,2007,7185.25155147027
Argentina,ARG,2008,8944.1102657357
Argentina,ARG,2009,8150.23527028221
Argentina,ARG,2010,10260.1313108254
Argentina,ARG,2011,12704.2831819684
Argentina,ARG,2012,12949.717486654
Argentina,ARG,2013,12963.675773326
Argentina,ARG,2014,12233.1444119186
Argentina,ARG,2015,13679.6264980954
Argentina,ARG,2016,12699.9623137756
Argentina,ARG,2017,14532.5009308511
Argentina,ARG,2018,11752.7998922979
Argentina,ARG,2019,9955.97478680428
Argentina,ARG,2020,8535.59938004389
Argentina,ARG,2021,10738.0179223384
Argentina,ARG,2022,13935.6811110049
Armenia,ARM,2000,593.450581742282
Armenia,ARM,2001,659.588988535629
Armenia,ARM,2002,742.651118319819
Armenia,ARM,2003,882.030167695474
Armenia,ARM,2004,1130.08791444158
Armenia,ARM,2005,1557.48458908655
Armenia,ARM,2006,2041.65267068997
Armenia,ARM,2007,2962.70234594569
Armenia,ARM,2008,3777.66859313767
Armenia,ARM,2009,2820.5926553347
Armenia,ARM,2010,3041.34450723339
Armenia,ARM,2011,3349.55309771906
Armenia,ARM,2012,3511.56399687426
Armenia,ARM,2013,3680.16692158886
Armenia,ARM,2014,3852.11800610384
Armenia,ARM,2015,3512.39350276709
Armenia,ARM,2016,3524.42476874707
Armenia,ARM,2017,3869.05373867752
Armenia,ARM,2018,4196.00562301769
Armenia,ARM,2019,4597.22887399548
Armenia,ARM,2020,4268.68093304583
Armenia,ARM,2021,4685.17997128509
Armenia,ARM,2022,6571.97445545099
Australia,AUS,2000,21870.4159669594
Australia,AUS,2001,19695.7297379144
Australia,AUS,2002,20301.8431713256
Australia,AUS,2003,23718.1338501868
Australia,AUS,2004,30836.7306824685
Australia,AUS,2005,34479.7679298388
Australia,AUS,2006,36595.7071548423
Australia,AUS,2007,41051.6120652288
Australia,AUS,2008,49701.2817843335
Australia,AUS,2009,42816.5674002829
Australia,AUS,2010,52144.6654705468
Australia,AUS,2011,62605.600458306
Australia,AUS,2012,68072.8732340801
Australia,AUS,2013,68190.7010035651
Australia,AUS,2014,62544.0873773726
Australia,AUS,2015,56739.0265346593
Australia,AUS,2016,49888.0410842736
Australia,AUS,2017,53901.7145392154
Australia,AUS,2018,57196.4220783778
Australia,AUS,2019,54972.7017885437
Australia,AUS,2020,51791.540179984
Australia,AUS,2021,60607.7788605166
Australia,AUS,2022,64997.0136536475
Bangladesh,BGD,2000,396.670730249751
Bangladesh,BGD,2001,394.65641001891
Bangladesh,BGD,2002,393.886422327628
Bangladesh,BGD,2003,426.74880754362
Bangladesh,BGD,2004,455.614016909798
Bangladesh,BGD,2005,480.08585075452
Bangladesh,BGD,2006,490.388026533289
Bangladesh,BGD,2007,537.955492792911
Bangladesh,BGD,2008,613.06204104124
Bangladesh,BGD,2009,679.211477428056
Bangladesh,BGD,2010,757.385280361508
Bangladesh,BGD,2011,837.336944695647
Bangladesh,BGD,2012,859.680536375497
Bangladesh,BGD,2013,958.262989798283
Bangladesh,BGD,2014,1094.46199702838
Bangladesh,BGD,2015,1224.38647668165
Bangladesh,BGD,2016,1649.28380858601
Bangladesh,BGD,2017,1811.08221668646
Bangladesh,BGD,2018,1965.24372731467
Bangladesh,BGD,2019,2129.79896954606
Bangladesh,BGD,2020,2248.85078828233
Bangladesh,BGD,2021,2482.84917843357
Bangladesh,BGD,2022,2716.48592677835
Brazil,BRA,2000,3766.54811466032
Brazil,BRA,2001,3176.28935747524
Brazil,BRA,2002,2855.94018885769
Brazil,BRA,2003,3090.6070097455
Brazil,BRA,2004,3663.823188064
Brazil,BRA,2005,4827.78173052472
Brazil,BRA,2006,5934.1447107274
Brazil,BRA,2007,7409.69130727951
Brazil,BRA,2008,8908.33176567294
Brazil,BRA,2009,8678.65922498836
Brazil,BRA,2010,11403.2821284616
Brazil,BRA,2011,13396.6243566047
Brazil,BRA,2012,12521.7213530369
Brazil,BRA,2013,12458.891214816
Brazil,BRA,2014,12274.9939689363
Brazil,BRA,2015,8936.19661756825
Brazil,BRA,2016,8836.28652636996
Brazil,BRA,2017,10080.5092817775
Brazil,BRA,2018,9300.66164936497
Brazil,BRA,2019,9029.83326742175
Brazil,BRA,2020,7074.19378281866
Brazil,BRA,2021,7972.53665048385
Brazil,BRA,2022,9281.33334441234
Canada,CAN,2000,24271.0020563821
Canada,CAN,2001,23822.096210932
Canada,CAN,2002,24256.0192337185
Canada,CAN,2003,28301.8645937428
Canada,CAN,2004,32145.5412620217
Canada,CAN,2005,36383.6600068095
Canada,CAN,2006,40504.0370977806
Canada,CAN,2007,44660.0838892281
Canada,CAN,2008,46710.2526864484
Canada,CAN,2009,40874.8831932903
Canada,CAN,2010,47560.6666009406
Canada,CAN,2011,52223.8588398531
Canada,CAN,2012,52670.3447335415
Canada,CAN,2013,52638.1187235237
Canada,CAN,2014,50960.8431174661
Canada,CAN,2015,43594.1941045394
Canada,CAN,2016,42314.0615817218
Canada,CAN,2017,45129.628116623
Canada,CAN,2018,46539.1761570405
Canada,CAN,2019,46352.8693445211
Canada,CAN,2020,43537.839298904
Canada,CAN,2021,52496.8441693242
Canada,CAN,2022,55509.393176404
Chile,CHL,2000,5052.99245768719
Chile,CHL,2001,4563.5952986689
Chile,CHL,2002,4430.84741157069
Chile,CHL,2003,4773.40177520754
Chile,CHL,2004,6120.59152052304
Chile,CHL,2005,7480.3233099645
Chile,CHL,2006,9318.65655299547
Chile,CHL,2007,10346.4138184533
Chile,CHL,2008,10683.2188772853
Chile,CHL,2009,10098.8017166866
Chile,CHL,2010,12632.8704725219
Chile,CHL,2011,14487.3927827263
Chile,CHL,2012,15241.9069977366
Chile,CHL,2013,15683.54863663
Chile,CHL,2014,14529.6767210362
Chile,CHL,2015,13433.9202985339
Chile,CHL,2016,13649.8520455553
Chile,CHL,2017,14879.9086230423
Chile,CHL,2018,15659.4808675628
Chile,CHL,2019,14495.716721687
Chile,CHL,2020,13114.815470545
Chile,CHL,2021,16216.5706467899
Chile,CHL,2022,15451.1319576678
China,CHN,2000,959.360431369138
China,CHN,2001,1053.11231442789
China,CHN,2002,1148.51425710711
China,CHN,2003,1288.63749134336
China,CHN,2004,1508.66791560781
China,CHN,2005,1753.41419160544
China,CHN,2006,2099.2194300499
China,CHN,2007,2693.95873160283
China,CHN,2008,3468.32706307504
China,CHN,2009,3832.2274569094
China,CHN,2010,4550.47394356715
China,CHN,2011,5614.38602225277
China,CHN,2012,6300.58217951734
China,CHN,2013,7020.3860742288
China,CHN,2014,7636.07434020616
China,CHN,2015,8016.44559489998
China,CHN,2016,8094.39016735149
China,CHN,2017,8817.04560829162
China,CHN,2018,9905.40638304527
China,CHN,2019,10143.8602206165
China,CHN,2020,10408.7195541075
China,CHN,2021,12617.5051041181
China,CHN,2022,12662.5826712038
Cyprus,CYP,2000,14388.3525390625
Cyprus,CYP,2001,14821.44921875
Cyprus,CYP,2002,16093.2158203125
Cyprus,CYP,2003,20252.24609375
Cyprus,CYP,2004,23792.619140625
Cyprus,CYP,2005,24959.26171875
Cyprus,CYP,2006,26729.28125
Cyprus,CYP,2007,31244.87890625
Cyprus,CYP,2008,35397.296875
Cyprus,CYP,2009,32236.44921875
Cyprus,CYP,2010,31105.02734375
Cyprus,CYP,2011,32485.796875
Cyprus,CYP,2012,28991.935546875
Cyprus,CYP,2013,27797.45703125
Cyprus,CYP,2014,27244.3515625
Cyprus,CYP,2015,23487.228515625
Cyprus,CYP,2016,24715.154296875
Cyprus,CYP,2017,26696.990234375
Cyprus,CYP,2018,29599.986328125
Cyprus,CYP,2019,29703.052734375
Cyprus,CYP,2020,28649.015625
Cyprus,CYP,2021,33734.29296875
Cyprus,CYP,2022,33938.9453125
Czechia,CZE,2000,6062.92152842793
Czechia,CZE,2001,6669.07494847497
Czechia,CZE,2002,8101.26018588111
Czechia,CZE,2003,9852.45677945801
Czechia,CZE,2004,11782.5546676117
Czechia,CZE,2005,13442.4916284309
Czechia,CZE,2006,15259.0788162004
Czechia,CZE,2007,18452.6532812196
Czechia,CZE,2008,22774.7045076205
Czechia,CZE,2009,19817.4215836554
Czechia,CZE,2010,20160.4355077059
Czechia,CZE,2011,22049.1080788682
Czechia,CZE,2012,20014.0354015165
Czechia,CZE,2013,20260.4954999375
Czechia,CZE,2014,20038.4163180257
Czechia,CZE,2015,17931.5987670768
Czechia,CZE,2016,18753.9686718096
Czechia,CZE,2017,20913.197632212
Czechia,CZE,2018,23705.9329811299
Czechia,CZE,2019,24062.7190013343
Czechia,CZE,2020,23472.8915454417
Czechia,CZE,2021,27696.4619527544
Czechia,CZE,2022,28282.2236715857
Ecuador,ECU,2000,1382.23421759909
Ecuador,ECU,2001,1791.30359685037
Ecuador,ECU,2002,2059.1585535974
Ecuador,ECU,2003,2315.62215223014
Ecuador,ECU,2004,2586.20914663347
Ecuador,ECU,2005,2909.02606014388
Ecuador,ECU,2006,3243.67010359339
Ecuador,ECU,2007,3478.92488770671
Ecuador,ECU,2008,4194.75750661981
Ecuador,ECU,2009,4053.36331139298
Ecuador,ECU,2010,4520.30959039763
Ecuador,ECU,2011,5153.6916424375
Ecuador,ECU,2012,5634.08393191094
Ecuador,ECU,2013,6109.29031510341
Ecuador,ECU,2014,6405.79979300441
Ecuador,ECU,2015,5976.1596805651
Ecuador,ECU,2016,5917.63771271481
Ecuador,ECU,2017,6233.32244797718
Ecuador,ECU,2018,6303.91892523596
Ecuador,ECU,2019,6205.05759479761
Ecuador,ECU,2020,5463.64509649315
Ecuador,ECU,2021,6075.8026572556
Ecuador,ECU,2022,6540.99824522101
Egypt,EGY,2000,1366.09274372613
Egypt,EGY,2001,1295.1374184163
Egypt,EGY,2002,1116.82884626213
Egypt,EGY,2003,1031.27556291284
Egypt,EGY,2004,991.255689145253
Egypt,EGY,2005,1104.80340733395
Egypt,EGY,2006,1298.97900203124
Egypt,EGY,2007,1547.74170735909
Egypt,EGY,2008,1896.21594269779
Egypt,EGY,2009,2161.63964573927
Egypt,EGY,2010,2455.08194645282
Egypt,EGY,2011,2590.64384891965
Egypt,EGY,2012,2996.0677072015
Egypt,EGY,2013,3025.52563552448
Egypt,EGY,2014,3133.39102265541
Egypt,EGY,2015,3306.98159414141
Egypt,EGY,2016,3270.6287768197
Egypt,EGY,2017,2395.10333299491
Egypt,EGY,2018,2484.70315630508
Egypt,EGY,2019,2962.98892023003
Egypt,EGY,2020,3511.11381026379
Egypt,EGY,2021,3827.35415374308
Egypt,EGY,2022,4233.30783744856
Ethiopia,ETH,2000,122.269202606069
Ethiopia,ETH,2001,118.457204255261
Ethiopia,ETH,2002,109.593813612988
Ethiopia,ETH,2003,116.800491132777
Ethiopia,ETH,2004,133.169812538096
Ethiopia,ETH,2005,158.243458082465
Ethiopia,ETH,2006,189.345737521418
Ethiopia,ETH,2007,237.146255996319
Ethiopia,ETH,2008,316.410475118075
Ethiopia,ETH,2009,368.574712267445
Ethiopia,ETH,2010,330.619412798644
Ethiopia,ETH,2011,343.024942351887
Ethiopia,ETH,2012,452.101031885754
Ethiopia,ETH,2013,484.039833104062
Ethiopia,ETH,2014,549.986577082588
Ethiopia,ETH,2015,621.845673808133
Ethiopia,ETH,2016,696.195884706786
Ethiopia,ETH,2017,745.632449222154
Ethiopia,ETH,2018,747.968143637014
Ethiopia,ETH,2019,828.70897229725
Ethiopia,ETH,2020,905.313175805855
Ethiopia,ETH,2021,910.947840320752
Ethiopia,ETH,2022,1011.0732858233
France,FRA,2000,22340.5939516217
France,FRA,2001,22331.7948343036
France,FRA,2002,24144.5727019529
France,FRA,2003,29479.5222101175
France,FRA,2004,33644.9282220364
France,FRA,2005,34696.3718316971
France,FRA,2006,36431.5658906555
France,FRA,2007,41486.1907828787
France,FRA,2008,45464.8181385158
France,FRA,2009,41728.0884164132
France,FRA,2010,40694.8211697025
France,FRA,2011,43929.7840873812
France,FRA,2012,40863.5814412333
France,FRA,2013,42669.1795111893
France,FRA,2014,43148.0459288416
France,FRA,2015,36702.4323733379
France,FRA,2016,37024.2157133669
France,FRA,2017,38687.1626407164
France,FRA,2018,41418.1766484844
France,FRA,2019,40408.2848574751
France,FRA,2020,39169.8606000707
France,FRA,2021,43725.0999521245
France,FRA,2022,41082.8119320747
Germany,DEU,2000,23925.8559901991
Germany,DEU,2001,23878.3641471651
Germany,DEU,2002,25486.5942008748
Germany,DEU,2003,30711.1022511331
Germany,DEU,2004,34566.7359143735
Germany,DEU,2005,35084.4363546269
Germany,DEU,2006,36980.3349948954
Germany,DEU,2007,42350.9217211489
Germany,DEU,2008,46386.3295924799
Germany,DEU,2009,42487.2137101496
Germany,DEU,2010,42409.9356994694
Germany,DEU,2011,47646.582043143
Germany,DEU,2012,44735.5882319701
Germany,DEU,2013,47220.0102098851
Germany,DEU,2014,48971.0824722599
Germany,DEU,2015,41911.0109851054
Germany,DEU,2016,42961.0356905775
Germany,DEU,2017,45526.5999576533
Germany,DEU,2018,48874.8595028454
Germany,DEU,2019,47623.8656074829
Germany,DEU,2020,47379.765194548
Germany,DEU,2021,52265.6541620571
Germany,DEU,2022,49686.1154582583
Greece,GRC,2000,11638.2010697215
Greece,GRC,2001,12156.9572824221
Greece,GRC,2002,13782.195640943
Greece,GRC,2003,18020.612039764
Greece,GRC,2004,21449.2552764245
Greece,GRC,2005,22054.1315756886
Greece,GRC,2006,24416.0232970275
Greece,GRC,2007,28440.7625328955
Greece,GRC,2008,31695.8331092209
Greece,GRC,2009,29425.4573200263
Greece,GRC,2010,26653.0488008626
Greece,GRC,2011,25504.7866510124
Greece,GRC,2012,21624.346052551
Greece,GRC,2013,21573.3449762805
Greece,GRC,2014,21474.7257123892
Greece,GRC,2015,17980.7298238137
Greece,GRC,2016,17919.2426377048
Greece,GRC,2017,18631.9930129293
Greece,GRC,2018,19873.4015238771
Greece,GRC,2019,19335.3602002969
Greece,GRC,2020,17886.733165236
Greece,GRC,2021,20654.7001960815
Greece,GRC,2022,20971.8349258283
Guatemala,GTM,2000,1648.96578971559
Guatemala,GTM,2001,1537.68663578252
Guatemala,GTM,2002,1669.33517469705
Guatemala,GTM,2003,1722.54701910774
Guatemala,GTM,2004,1840.91184884
Guatemala,GTM,2005,2046.46611650758
Guatemala,GTM,2006,2225.1234753878
Guatemala,GTM,2007,2458.81573919384
Guatemala,GTM,2008,2763.05988172926
Guatemala,GTM,2009,2611.64632773352
Guatemala,GTM,2010,2805.25960237322
Guatemala,GTM,2011,3168.98370607705
Guatemala,GTM,2012,3286.61959336267
Guatemala,GTM,2013,3444.15971843874
Guatemala,GTM,2014,3689.14472473545
Guatemala,GTM,2015,3893.50521848131
Guatemala,GTM,2016,4060.13755621218
Guatemala,GTM,2017,4324.99607911366
Guatemala,GTM,2018,4352.94651790253
Guatemala,GTM,2019,4511.99755157656
Guatemala,GTM,2020,4477.61761796418
Guatemala,GTM,2021,4913.94712869347
Guatemala,GTM,2022,5358.08963795
India,IND,2000,442.750218937263
India,IND,2001,450.357900514128
India,IND,2002,469.149928973927
India,IND,2003,544.143133545002
India,IND,2004,624.258826510066
India,IND,2005,710.488080408949
India,IND,2006,801.668353659022
India,IND,2007,1021.88707706826
India,IND,2008,992.519584923828
India,IND,2009,1094.94974598436
India,IND,2010,1347.51939071367
India,IND,2011,1445.46127486037
India,IND,2012,1429.32199520032
India,IND,2013,1432.84397512195
India,IND,2014,1553.88396075118
India,IND,2015,1583.99815907985
India,IND,2016,1707.50892912243
India,IND,2017,1950.10468280866
India,IND,2018,1966.25455171679
India,IND,2019,2041.42863698585
India,IND,2020,1907.04251637669
India,IND,2021,2239.61384367482
India,IND,2022,2352.61392452078
Indonesia,IDN,2000,763.711124950924
Indonesia,IDN,2001,732.307093405708
Indonesia,IDN,2002,881.002913569131
Indonesia,IDN,2003,1043.2105838671
Indonesia,IDN,2004,1126.84004447173
Indonesia,IDN,2005,1238.21447629488
Indonesia,IDN,2006,1558.31562847164
Indonesia,IDN,2007,1823.21976255073
Indonesia,IDN,2008,2124.55483920617
Indonesia,IDN,2009,2218.48541852977
Indonesia,IDN,2010,3065.68348366636
Indonesia,IDN,2011,3579.46442452684
Indonesia,IDN,2012,3632.272540431
Indonesia,IDN,2013,3566.60284506078
Indonesia,IDN,2014,3441.06808455308
Indonesia,IDN,2015,3288.22269737572
Indonesia,IDN,2016,3521.46943456251
Indonesia,IDN,2017,3798.88326177649
Indonesia,IDN,2018,3860.95353077708
Indonesia,IDN,2019,4106.94856173421
Indonesia,IDN,2020,3853.70288778903
Indonesia,IDN,2021,4287.17313989405
Indonesia,IDN,2022,4730.74548910499
Iran,IRN,2000,1650.01385832603
Iran,IRN,2001,1881.02266634748
Iran,IRN,2002,1891.25756092031
Iran,IRN,2003,2208.99636553529
Iran,IRN,2004,2672.42266512669
Iran,IRN,2005,3132.05081925856
Iran,IRN,2006,3618.9160136791
Iran,IRN,2007,4687.99166265915
Iran,IRN,2008,5377.41150725587
Iran,IRN,2009,5415.52280554144
Iran,IRN,2010,6291.19443652344
Iran,IRN,2011,8025.68743364356
Iran,IRN,2012,8114.08099831877
Iran,IRN,2013,6222.74194840326
Iran,IRN,2014,5672.06372896319
Iran,IRN,2015,4952.73355532178
Iran,IRN,2016,5477.03712389913
Iran,IRN,2017,5753.11544659399
Iran,IRN,2018,4631.78709016514
Iran,IRN,2019,3831.27894763337
Iran,IRN,2020,2988.78122414716
Iran,IRN,2021,4334.79268631354
Iran,IRN,2022,4405.09291519791
Ireland,IRL,2000,26334.5672050501
Ireland,IRL,2001,28282.409882073
Ireland,IRL,2002,32705.4345565698
Ireland,IRL,2003,41203.5295847568
Ireland,IRL,2004,47754.2023194244
Ireland,IRL,2005,50933.0216095589
Ireland,IRL,2006,54329.1618599624
Ireland,IRL,2007,61396.417461176
Ireland,IRL,2008,61353.1065629523
Ireland,IRL,2009,52133.0909237885
Ireland,IRL,2010,48679.4026820361
Ireland,IRL,2011,52692.7813135606
Ireland,IRL,2012,49411.7387476787
Ireland,IRL,2013,52619.2123745817
Ireland,IRL,2014,57278.2590911107
Ireland,IRL,2015,64311.8234684057
Ireland,IRL,2016,64292.659966313
Ireland,IRL,2017,72499.3268743015
Ireland,IRL,2018,81248.3135388
Ireland,IRL,2019,82508.4659883582
Ireland,IRL,2020,87567.1148972037
Ireland,IRL,2021,105561.137468992
Ireland,IRL,2022,106194.755859223
Japan,JPN,2000,39169.3595701504
Japan,JPN,2001,34406.1824638092
Japan,JPN,2002,32820.7936433254
Japan,JPN,2003,35387.0374203599
Japan,JPN,2004,38298.9801712303
Japan,JPN,2005,37812.8950199948
Japan,JPN,2006,35991.546002862
Japan,JPN,2007,35779.0245416427
Japan,JPN,2008,39876.3039685725
Japan,JPN,2009,41308.9968370512
Japan,JPN,2010,44968.1562349739
Japan,JPN,2011,48760.0789494211
Japan,JPN,2012,49145.2804308193
Japan,JPN,2013,40898.6478964744
Japan,JPN,2014,38475.3952461838
Japan,JPN,2015,34960.6393843385
Japan,JPN,2016,39375.4731620781
Japan,JPN,2017,38834.0529341227
Japan,JPN,2018,39751.1330982711
Japan,JPN,2019,40415.9567649547
Japan,JPN,2020,40040.7655055923
Japan,JPN,2021,40058.5373276179
Japan,JPN,2022,34017.2718075024
Jordan,JOR,2000,1570.61002940477
Jordan,JOR,2001,1632.29454010563
Jordan,JOR,2002,1706.26744384401
Jordan,JOR,2003,1775.67625581432
Jordan,JOR,2004,1940.08641342805
Jordan,JOR,2005,2087.87079273635
Jordan,JOR,2006,2342.63459574933
Jordan,JOR,2007,2506.20599484139
Jordan,JOR,2008,3241.6524135556
Jordan,JOR,2009,3435.8337590698
Jordan,JOR,2010,3718.46571622945
Jordan,JOR,2011,3946.85503855525
Jordan,JOR,2012,4169.50470054618
Jordan,JOR,2013,4311.21916713038
Jordan,JOR,2014,4191.18050084986
Jordan,JOR,2015,4042.75678097555
Jordan,JOR,2016,3986.71677010853
Jordan,JOR,2017,4065.61628749384
Jordan,JOR,2018,4145.43989673265
Jordan,JOR,2019,4170.1144003465
Jordan,JOR,2020,4022.0401356135
Jordan,JOR,2021,4183.49998326866
Jordan,JOR,2022,4332.25159897931
Kazakhstan,KAZ,2000,1180.0444563226
Kazakhstan,KAZ,2001,1422.27331810957
Kazakhstan,KAZ,2002,1573.55219932325
Kazakhstan,KAZ,2003,1958.02050246511
Kazakhstan,KAZ,2004,2722.47407755402
Kazakhstan,KAZ,2005,3577.35804001782
Kazakhstan,KAZ,2006,5030.13494711519
Kazakhstan,KAZ,2007,6449.43931096532
Kazakhstan,KAZ,2008,8123.54705891736
Kazakhstan,KAZ,2009,6938.01175663001
Kazakhstan,KAZ,2010,8793.07589980782
Kazakhstan,KAZ,2011,11287.1464926039
Kazakhstan,KAZ,2012,12018.7966527993
Kazakhstan,KAZ,2013,13478.459627612
Kazakhstan,KAZ,2014,12427.7094576939
Kazakhstan,KAZ,2015,10196.1226255982
Kazakhstan,KAZ,2016,7475.56688689424
Kazakhstan,KAZ,2017,8943.08416791984
Kazakhstan,KAZ,2018,9472.48527327758
Kazakhstan,KAZ,2019,9457.12614657136
Kazakhstan,KAZ,2020,8781.50797787648
Kazakhstan,KAZ,2021,9983.60103576902
Kazakhstan,KAZ,2022,11255.3396437881
Kenya,KEN,2000,414.626365130846
Kenya,KEN,2001,410.700452474814
Kenya,KEN,2002,402.936385605382
Kenya,KEN,2003,442.898457253405
Kenya,KEN,2004,463.662781300121
Kenya,KEN,2005,523.456312433863
Kenya,KEN,2006,699.80237063381
Kenya,KEN,2007,840.201439476765
Kenya,KEN,2008,915.54435473604
Kenya,KEN,2009,1047.9678324485
Kenya,KEN,2010,1091.51873101194
Kenya,KEN,2011,1096.14499807675
Kenya,KEN,2012,1285.00536171512
Kenya,KEN,2013,1370.87885214659
Kenya,KEN,2014,1482.81566253497
Kenya,KEN,2015,1489.11959777284
Kenya,KEN,2016,1554.12610314423
Kenya,KEN,2017,1667.48447230835
Kenya,KEN,2018,1836.45275528993
Kenya,KEN,2019,1960.40808854893
Kenya,KEN,2020,1927.66459027849
Kenya,KEN,2021,2061.35622089594
Kenya,KEN,2022,2109.56288513137
Kyrgyzstan,KGZ,2000,279.621767006739
Kyrgyzstan,KGZ,2001,308.411326685178
Kyrgyzstan,KGZ,2002,321.726775366804
Kyrgyzstan,KGZ,2003,380.505828812441
Kyrgyzstan,KGZ,2004,433.233915720699
Kyrgyzstan,KGZ,2005,476.548239793618
Kyrgyzstan,KGZ,2006,543.113512472219
Kyrgyzstan,KGZ,2007,721.771646044636
Kyrgyzstan,KGZ,2008,966.388569370494
Kyrgyzstan,KGZ,2009,870.198894546917
Kyrgyzstan,KGZ,2010,876.954476440354
Kyrgyzstan,KGZ,2011,1117.40184423062
Kyrgyzstan,KGZ,2012,1168.62244675446
Kyrgyzstan,KGZ,2013,1269.66303464348
Kyrgyzstan,KGZ,2014,1264.52679529608
Kyrgyzstan,KGZ,2015,1105.65202996955
Kyrgyzstan,KGZ,2016,1103.27498361324
Kyrgyzstan,KGZ,2017,1221.39056490366
Kyrgyzstan,KGZ,2018,1283.52040333083
Kyrgyzstan,KGZ,2019,1421.99927504102
Kyrgyzstan,KGZ,2020,1229.51775742135
Kyrgyzstan,KGZ,2021,1349.99730650542
Kyrgyzstan,KGZ,2022,1739.72030814894
Lebanon,LBN,2000,3986.83513941026
Lebanon,LBN,2001,4009.55929751102
Lebanon,LBN,2002,4290.85283803266
Lebanon,LBN,2003,4437.71588507526
Lebanon,LBN,2004,4600.68371412993
Lebanon,LBN,2005,4602.19804637945
Lebanon,LBN,2006,4635.2514117486
Lebanon,LBN,2007,5125.25809960149
Lebanon,LBN,2008,5912.04532820842
Lebanon,LBN,2009,7090.85493856621
Lebanon,LBN,2010,7625.81051551165
Lebanon,LBN,2011,7834.96257108993
Lebanon,LBN,2012,8406.98405608118
Lebanon,LBN,2013,8162.37929361396
Lebanon,LBN,2014,7577.6413302369
Lebanon,LBN,2015,7714.1099998804
Lebanon,LBN,2016,8089.012088155
Lebanon,LBN,2017,8608.21084982387
Lebanon,LBN,2018,9174.53666204759
Lebanon,LBN,2019,8905.88005497437
Lebanon,LBN,2020,5561.19166950397
Lebanon,LBN,2021,4045.37391066234
Lebanon,LBN,2022,3654.35845534878
Malaysia,MYS,2000,4083.52874483605
Malaysia,MYS,2001,3943.79943910239
Malaysia,MYS,2002,4184.03163773539
Malaysia,MYS,2003,4465.32194567208
Malaysia,MYS,2004,4939.24851854427
Malaysia,MYS,2005,5555.58179951206
Malaysia,MYS,2006,6158.40785533236
Malaysia,MYS,2007,7168.93031942508
Malaysia,MYS,2008,8371.82156086005
Malaysia,MYS,2009,7191.43287234626
Malaysia,MYS,2010,8899.34505544675
Malaysia,MYS,2011,10217.1068585031
Malaysia,MYS,2012,10600.5744240026
Malaysia,MYS,2013,10713.6407638899
Malaysia,MYS,2014,11013.3107334403
Malaysia,MYS,2015,9648.6797937523
Malaysia,MYS,2016,9476.53409809923
Malaysia,MYS,2017,9862.54806612235
Malaysia,MYS,2018,10901.8019954421
Malaysia,MYS,2019,10920.191763972
Malaysia,MYS,2020,9957.52626697613
Malaysia,MYS,2021,10903.1116425938
Malaysia,MYS,2022,11748.0919307944
Mexico,MEX,2000,7524.02713693678
Mexico,MEX,2001,7952.7647961764
Mexico,MEX,2002,7983.03398483743
Mexico,MEX,2003,7434.0746485155
Mexico,MEX,2004,7849.66759649565
Mexico,MEX,2005,8671.75891885163
Mexico,MEX,2006,9512.63575346699
Mexico,MEX,2007,10134.3327138119
Mexico,MEX,2008,10523.7685403244
Mexico,MEX,2009,8423.56933214711
Mexico,MEX,2010,9728.80078377082
Mexico,MEX,2011,10664.4944032313
Mexico,MEX,2012,10744.1335242686
Mexico,MEX,2013,11216.8008505428
Mexico,MEX,2014,11391.3773497683
Mexico,MEX,2015,10021.2386118827
Mexico,MEX,2016,9097.92397674769
Mexico,MEX,2017,9649.27816772402
Mexico,MEX,2018,10084.7937562021
Mexico,MEX,2019,10369.5553568761
Mexico,MEX,2020,8841.27075003163
Mexico,MEX,2021,10314.0506741437
Mexico,MEX,2022,11385.4070757929
Mongolia,MNG,2000,476.02755082717
Mongolia,MNG,2001,524.453483552485
Mongolia,MNG,2002,570.249213248399
Mongolia,MNG,2003,643.168068921658
Mongolia,MNG,2004,794.154552001815
Mongolia,MNG,2005,994.90010913241
Mongolia,MNG,2006,1329.89179579053
Mongolia,MNG,2007,1627.68787743359
Mongolia,MNG,2008,2127.42678594737
Mongolia,MNG,2009,1703.32756790019
Mongolia,MNG,2010,2625.21881402433
Mongolia,MNG,2011,3736.04201455077
Mongolia,MNG,2012,4328.89001905655
Mongolia,MNG,2013,4340.14310544449
Mongolia,MNG,2014,4126.23975800524
Mongolia,MNG,2015,3838.92126989984
Mongolia,MNG,2016,3619.90026383792
Mongolia,MNG,2017,3645.96708669551
Mongolia,MNG,2018,4107.64288528468
Mongolia,MNG,2019,4347.54610314873
Mongolia,MNG,2020,4001.25193077703
Mongolia,MNG,2021,4517.61578018785
Mongolia,MNG,2022,4993.51487463495
Morocco,MAR,2000,1499.107421875
Morocco,MAR,2001,1506.24523925781
Morocco,MAR,2002,1596.02062988281
Morocco,MAR,2003,1941.87255859375
Morocco,MAR,2004,2183.55541992188
Morocco,MAR,2005,2242.98828125
Morocco,MAR,2006,2438.12646484375
Morocco,MAR,2007,2755.5859375
Morocco,MAR,2008,3183.20043945313
Morocco,MAR,2009,3119.58862304688
Morocco,MAR,2010,3067.9853515625
Morocco,MAR,2011,3301.98876953125
Morocco,MAR,2012,3164.17724609375
Morocco,MAR,2013,3379.7431640625
Morocco,MAR,2014,3435.40698242188
Morocco,MAR,2015,3146.24780273438
Morocco,MAR,2016,3140.85546875
Morocco,MAR,2017,3296.52661132813
Morocco,MAR,2018,3501.69799804688
Morocco,MAR,2019,3508.09765625
Morocco,MAR,2020,3268.0302734375
Morocco,MAR,2021,3785.93627929688
Morocco,MAR,2022,3455.39624023438
Myanmar,MMR,2000,196.619580625284
Myanmar,MMR,2001,141.525660705722
Myanmar,MMR,2002,146.598390364449
Myanmar,MMR,2003,224.292688912409
Myanmar,MMR,2004,224.508811413327
Myanmar,MMR,2005,252.685193060728
Myanmar,MMR,2006,303.495087119254
Myanmar,MMR,2007,419.375780725042
Myanmar,MMR,2008,658.442487229705
Myanmar,MMR,2009,758.442935789255
Myanmar,MMR,2010,1010.53417343401
Myanmar,MMR,2011,1213.62898703376
Myanmar,MMR,2012,1202.6658960055
Myanmar,MMR,2013,1199.09561597055
Myanmar,MMR,2014,1293.00042298704
Myanmar,MMR,2015,1166.73305546288
Myanmar,MMR,2016,1229.19713515893
Myanmar,MMR,2017,1272.82241830603
Myanmar,MMR,2018,1298.21310320785
Myanmar,MMR,2019,1425.98954211903
Myanmar,MMR,2020,1490.21683548367
Myanmar,MMR,2021,1242.72134419599
Myanmar,MMR,2022,1158.05005034332
Netherlands,NLD,2000,26225.1697734149
Netherlands,NLD,2001,26955.7128032278
Netherlands,NLD,2002,29446.5330872868
Netherlands,NLD,2003,35896.7504630706
Netherlands,NLD,2004,40611.3414353091
Netherlands,NLD,2005,42165.396168388
Netherlands,NLD,2006,45123.5432406426
Netherlands,NLD,2007,52100.7996285947
Netherlands,NLD,2008,58246.7026905874
Netherlands,NLD,2009,53172.0261581418
Netherlands,NLD,2010,51305.7338533973
Netherlands,NLD,2011,54701.7728030611
Netherlands,NLD,2012,50473.9442002689
Netherlands,NLD,2013,52602.2860520766
Netherlands,NLD,2014,53457.2234864322
Netherlands,NLD,2015,45793.8135434697
Netherlands,NLD,2016,46808.5291492503
Netherlands,NLD,2017,49513.6817346384
Netherlands,NLD,2018,53955.0770024266
Netherlands,NLD,2019,53554.9007491475
Netherlands,NLD,2020,53467.9277413737
Netherlands,NLD,2021,60141.9880911492
Netherlands,NLD,2022,59123.318556487
New Zealand,NZL,2000,13641.1027183822
New Zealand,NZL,2001,13882.8568268586
New Zealand,NZL,2002,16874.1874918196
New Zealand,NZL,2003,21913.7081719961
New Zealand,NZL,2004,25420.234882944
New Zealand,NZL,2005,27751.0654708859
New Zealand,NZL,2006,26654.5932018985
New Zealand,NZL,2007,32479.9817381467
New Zealand,NZL,2008,31252.9625640673
New Zealand,NZL,2009,28209.3623271229
New Zealand,NZL,2010,33676.7741239925
New Zealand,NZL,2011,38388.5280906616
New Zealand,NZL,2012,39974.2997334925
New Zealand,NZL,2013,42977.388040868
New Zealand,NZL,2014,44578.2253868016
New Zealand,NZL,2015,38639.3501941427
New Zealand,NZL,2016,40070.8956577431
New Zealand,NZL,2017,42913.186956185
New Zealand,NZL,2018,43228.6976473771
New Zealand,NZL,2019,42747.2099299966
New Zealand,NZL,2020,41785.6922905898
New Zealand,NZL,2021,49624.1816729553
New Zealand,NZL,2022,48216.5095836302
Nicaragua,NIC,2000,1017.3124434882
Nicaragua,NIC,2001,1051.874235891
Nicaragua,NIC,2002,1014.3339042591
Nicaragua,NIC,2003,1021.35216668794
Nicaragua,NIC,2004,1098.62118662335
Nicaragua,NIC,2005,1183.30217305152
Nicaragua,NIC,2006,1248.17675959909
Nicaragua,NIC,2007,1350.38954614622
Nicaragua,NIC,2008,1523.68088982295
Nicaragua,NIC,2009,1467.08019633408
Nicaragua,NIC,2010,1526.56185349171
Nicaragua,NIC,2011,1679.71034177231
Nicaragua,NIC,2012,1784.69212752824
Nicaragua,NIC,2013,1835.43436443315
Nicaragua,NIC,2014,1958.36966453366
Nicaragua,NIC,2015,2074.45446460028
Nicaragua,NIC,2016,2131.68828465802
Nicaragua,NIC,2017,2182.61875100395
Nicaragua,NIC,2018,2035.16750115975
Nicaragua,NIC,2019,1958.62132892996
Nicaragua,NIC,2020,1931.61515811642
Nicaragua,NIC,2021,2128.60980633198
Nicaragua,NIC,2022,2325.16737851871
Nigeria,NGA,2000,547.318298903379
Nigeria,NGA,2001,566.428231812933
Nigeria,NGA,2002,712.164852077686
Nigeria,NGA,2003,763.388745367223
Nigeria,NGA,2004,962.48104194733
Nigeria,NGA,2005,1211.37703504386
Nigeria,NGA,2006,1599.53891556365
Nigeria,NGA,2007,1815.52697545827
Nigeria,NGA,2008,2154.10543545364
Nigeria,NGA,2009,1820.48633854782
Nigeria,NGA,2010,2202.25672957344
Nigeria,NGA,2011,2418.41316975875
Nigeria,NGA,2012,2633.19734671361
Nigeria,NGA,2013,2872.79083379398
Nigeria,NGA,2014,3088.72131316169
Nigeria,NGA,2015,2585.73360671797
Nigeria,NGA,2016,2070.4127339595
Nigeria,NGA,2017,1876.34027111773
Nigeria,NGA,2018,2057.87944554011
Nigeria,NGA,2019,2265.15520863056
Nigeria,NGA,2020,2019.65706326224
Nigeria,NGA,2021,2017.27486481527
Nigeria,NGA,2022,2139.37478476974
Pakistan,PAK,2000,642.338346499898
Pakistan,PAK,2001,609.939506905073
Pakistan,PAK,2002,599.937345723927
Pakistan,PAK,2003,672.44178669894
Pakistan,PAK,2004,771.902247348954
Pakistan,PAK,2005,827.619861189926
Pakistan,PAK,2006,900.873564984808
Pakistan,PAK,2007,998.090114197524
Pakistan,PAK,2008,1067.04324565284
Pakistan,PAK,2009,963.788066395225
Pakistan,PAK,2010,987.304571124485
Pakistan,PAK,2011,1131.73513834324
Pakistan,PAK,2012,1204.36475491585
Pakistan,PAK,2013,1225.4340119198
Pakistan,PAK,2014,1266.61340849959
Pakistan,PAK,2015,1380.47020838317
Pakistan,PAK,2016,1424.69161195897
Pakistan,PAK,2017,1519.23459514248
Pakistan,PAK,2018,1569.33814626355
Pakistan,PAK,2019,1390.41690981745
Pakistan,PAK,2020,1278.39735206896
Pakistan,PAK,2021,1455.31922370186
Pakistan,PAK,2022,1538.3228133171
Peru,PER,2000,1945.41338451698
Peru,PER,2001,1929.57273038846
Peru,PER,2002,2007.37019626753
Peru,PER,2003,2129.44114197634
Peru,PER,2004,2397.25147277714
Peru,PER,2005,2706.66947297608
Peru,PER,2006,3129.55996496982
Peru,PER,2007,3581.0893081917
Peru,PER,2008,4197.58444634142
Peru,PER,2009,4181.18755462253
Peru,PER,2010,5072.11494019615
Peru,PER,2011,5861.35793645245
Peru,PER,2012,6519.37852981527
Peru,PER,2013,6746.80025696601
Peru,PER,2014,6667.13410360861
Peru,PER,2015,6231.71150338894
Peru,PER,2016,6217.03599995447
Peru,PER,2017,6736.16693725487
Peru,PER,2018,6978.49121548627
Peru,PER,2019,7037.00803692604
Peru,PER,2020,6133.32552410183
Peru,PER,2021,6826.9720069846
Peru,PER,2022,7363.27206939639
Philippines,PHL,2000,1050.79272954492
Philippines,PHL,2001,969.530611744453
Philippines,PHL,2002,1014.90879320106
Philippines,PHL,2003,1027.2301192843
Philippines,PHL,2004,1099.63013023758
Philippines,PHL,2005,1220.46018559867
Philippines,PHL,2006,1426.14649179546
Philippines,PHL,2007,1712.65543282793
Philippines,PHL,2008,1959.29233534978
Philippines,PHL,2009,1864.45043406471
Philippines,PHL,2010,2162.91375885614
Philippines,PHL,2011,2383.91892526787
Philippines,PHL,2012,2614.61644410764
Philippines,PHL,2013,2781.27957670473
Philippines,PHL,2014,2866.83803767919
Philippines,PHL,2015,2909.85818014474
Philippines,PHL,2016,2985.19564020101
Philippines,PHL,2017,3038.12124955619
Philippines,PHL,2018,3168.51036606257
Philippines,PHL,2019,3400.78949772302
Philippines,PHL,2020,3227.57910235199
Philippines,PHL,2021,3484.38593882819
Philippines,PHL,2022,3548.06930572116
Romania,ROU,2000,1659.92904910528
Romania,ROU,2001,1825.19299373184
Romania,ROU,2002,2119.85509684554
Romania,ROU,2003,2679.40626016154
Romania,ROU,2004,3494.99056448955
Romania,ROU,2005,4618.00350802913
Romania,ROU,2006,5757.53127301178
Romania,ROU,2007,8360.33775916596
Romania,ROU,2008,10435.1561230787
Romania,ROU,2009,8548.4543409242
Romania,ROU,2010,8399.5374234284
Romania,ROU,2011,9560.6755277458
Romania,ROU,2012,8929.95366231474
Romania,ROU,2013,9497.67411615237
Romania,ROU,2014,10031.7710755404
Romania,ROU,2015,8977.01748158196
Romania,ROU,2016,9404.54005870715
Romania,ROU,2017,10727.9822007426
Romania,ROU,2018,12502.2624061935
Romania,ROU,2019,12992.0326104674
Romania,ROU,2020,13082.3006559554
Romania,ROU,2021,14986.7854904274
Romania,ROU,2022,15557.8826247584
Russia,RUS,2000,1771.59411621094
Russia,RUS,2001,2100.3525390625
Russia,RUS,2002,2377.52954101563
Russia,RUS,2003,2975.123046875
Russia,RUS,2004,4102.36474609375
Russia,RUS,2005,5323.455078125
Russia,RUS,2006,6920.19970703125
Russia,RUS,2007,9101.2392578125
Russia,RUS,2008,11635.2841796875
Russia,RUS,2009,8562.82421875
Russia,RUS,2010,10674.990234375
Russia,RUS,2011,14305.33203125
Russia,RUS,2012,15401.8515625
Russia,RUS,2013,15941.4482421875
Russia,RUS,2014,14055.47265625
Russia,RUS,2015,9277.7138671875
Russia,RUS,2016,8663.158203125
Russia,RUS,2017,10658.9130859375
Russia,RUS,2018,11211.8876953125
Russia,RUS,2019,11447.701171875
Russia,RUS,2020,10108.3271484375
Russia,RUS,2021,12521.5224609375
Russia,RUS,2022,15445.2421875
Serbia,SRB,2000,974.725469278615
Serbia,SRB,2001,1812.42088281393
Serbia,SRB,2002,2390.73459447107
Serbia,SRB,2003,3153.9011312754
Serbia,SRB,2004,3597.08798057009
Serbia,SRB,2005,3807.97417321786
Serbia,SRB,2006,4492.7136699046
Serbia,SRB,2007,6081.08765700202
Serbia,SRB,2008,7376.73517910716
Serbia,SRB,2009,6414.0448463847
Serbia,SRB,2010,5970.92660940072
Serbia,SRB,2011,7082.2861666075
Serbia,SRB,2012,6263.04086072815
Serbia,SRB,2013,7040.41812068781
Serbia,SRB,2014,6886.67809068704
Serbia,SRB,2015,5820.3215576888
Serbia,SRB,2016,5982.37030126471
Serbia,SRB,2017,6548.03653824187
Serbia,SRB,2018,7559.86165747394
Serbia,SRB,2019,7755.632986437
Serbia,SRB,2020,8098.70955668849
Serbia,SRB,2021,9680.52798074468
Serbia,SRB,2022,10022.9688543402
Singapore,SGP,2000,23852.8389514753
Singapore,SGP,2001,21699.7414868907
Singapore,SGP,2002,22159.8373710639
Singapore,SGP,2003,23730.3840054566
Singapore,SGP,2004,27608.080013423
Singapore,SGP,2005,29961.3172812732
Singapore,SGP,2006,33768.4528234651
Singapore,SGP,2007,39432.8860198877
Singapore,SGP,2008,40008.5720489092
Singapore,SGP,2009,38926.8054365453
Singapore,SGP,2010,47236.683084953
Singapore,SGP,2011,53891.4570264372
Singapore,SGP,2012,55547.5553077786
Singapore,SGP,2013,56967.4257940383
Singapore,SGP,2014,57564.8023114977
Singapore,SGP,2015,55645.6068614606
Singapore,SGP,2016,56899.9181805173
Singapore,SGP,2017,61162.0973932771
Singapore,SGP,2018,66840.6373389791
Singapore,SGP,2019,66081.7199235165
Singapore,SGP,2020,61466.803676358
Singapore,SGP,2021,79601.4129622433
Singapore,SGP,2022,88428.7024226232
Slovakia,SVK,2000,5421.6448441887
Slovakia,SVK,2001,5712.47802761654
Slovakia,SVK,2002,6554.62808369461
Slovakia,SVK,2003,8675.39633696465
Slovakia,SVK,2004,10650.1290097126
Slovakia,SVK,2005,11641.5410321763
Slovakia,SVK,2006,13167.8954730379
Slovakia,SVK,2007,16110.4817265237
Slovakia,SVK,2008,18744.3192278346
Slovakia,SVK,2009,16586.7527805228
Slovakia,SVK,2010,16899.448680529
Slovakia,SVK,2011,18469.4354316836
Slovakia,SVK,2012,17516.9691054078
Slovakia,SVK,2013,18312.7805149823
Slovakia,SVK,2014,18770.9289896545
Slovakia,SVK,2015,16442.0760860018
Slovakia,SVK,2016,16636.0769133073
Slovakia,SVK,2017,17645.5298716761
Slovakia,SVK,2018,19573.3717031314
Slovakia,SVK,2019,19406.0589683582
Slovakia,SVK,2020,19735.4858280801
Slovakia,SVK,2021,22138.1949833348
Slovakia,SVK,2022,21342.7666714692
South Korea,KOR,2000,12257.0206622345
South Korea,KOR,2001,11561.2071745115
South Korea,KOR,2002,13165.08362497
South Korea,KOR,2003,14672.8057539465
South Korea,KOR,2004,16496.1316167114
South Korea,KOR,2005,19402.5026259549
South Korea,KOR,2006,21743.4774514254
South Korea,KOR,2007,24086.4104391677
South Korea,KOR,2008,21350.427979823
South Korea,KOR,2009,19143.8516053025
South Korea,KOR,2010,23079.2601257735
South Korea,KOR,2011,25097.595426845
South Korea,KOR,2012,25459.1689000965
South Korea,KOR,2013,27179.5170146052
South Korea,KOR,2014,29252.9312377352
South Korea,KOR,2015,28737.4391706499
South Korea,KOR,2016,29280.4403170048
South Korea,KOR,2017,31600.7358741365
South Korea,KOR,2018,33447.1562836166
South Korea,KOR,2019,31902.4169048194
South Korea,KOR,2020,31721.2989141857
South Korea,KOR,2021,35125.5224984723
South Korea,KOR,2022,32394.6833725203
Tajikistan,TJK,2000,136.925716400723
Tajikistan,TJK,2001,168.676285365186
Tajikistan,TJK,2002,186.951638285222
Tajikistan,TJK,2003,233.58124845289
Tajikistan,TJK,2004,305.745158587502
Tajikistan,TJK,2005,333.927150941684
Tajikistan,TJK,2006,401.018403316427
Tajikistan,TJK,2007,516.997210618914
Tajikistan,TJK,2008,703.327375898643
Tajikistan,TJK,2009,664.795655734657
Tajikistan,TJK,2010,737.338883219356
Tajikistan,TJK,2011,833.601978202852
Tajikistan,TJK,2012,952.452819695469
Tajikistan,TJK,2013,1028.19704279396
Tajikistan,TJK,2014,1081.54402932039
Tajikistan,TJK,2015,956.916310930656
Tajikistan,TJK,2016,788.710481734485
Tajikistan,TJK,2017,829.45714764957
Tajikistan,TJK,2018,834.288404578801
Tajikistan,TJK,2019,871.022372934846
Tajikistan,TJK,2020,834.311715460625
Tajikistan,TJK,2021,896.748053372182
Tajikistan,TJK,2022,1052.17949484894
Thailand,THA,2000,2005.97694514234
Thailand,THA,2001,1889.93432467144
Thailand,THA,2002,2089.75183111554
Thailand,THA,2003,2347.54001286066
Thailand,THA,2004,2641.56268717857
Thailand,THA,2005,2867.70383436062
Thailand,THA,2006,3331.32043511773
Thailand,THA,2007,3918.52817434581
Thailand,THA,2008,4309.13509292986
Thailand,THA,2009,4135.43986952819
Thailand,THA,2010,4973.86288823778
Thailand,THA,2011,5373.6232832898
Thailand,THA,2012,5725.52802835463
Thailand,THA,2013,6018.08244729255
Thailand,THA,2014,5801.1978916205
Thailand,THA,2015,5688.85335397884
Thailand,THA,2016,5833.57715617098
Thailand,THA,2017,6413.09182530343
Thailand,THA,2018,7099.77650081458
Thailand,THA,2019,7605.69657797759
Thailand,THA,2020,6985.64393892574
Thailand,THA,2021,7058.0694998852
Thailand,THA,2022,6909.35997481451
Tunisia,TUN,2000,2199.04465936314
Tunisia,TUN,2001,2235.71981624751
Tunisia,TUN,2002,2320.7723805785
Tunisia,TUN,2003,2725.8643148859
Tunisia,TUN,2004,3067.41936376975
Tunisia,TUN,2005,3146.8260743927
Tunisia,TUN,2006,3322.56933570096
Tunisia,TUN,2007,3726.91672935667
Tunisia,TUN,2008,4255.05008019523
Tunisia,TUN,2009,4080.09032448781
Tunisia,TUN,2010,4291.86120891575
Tunisia,TUN,2011,4420.64772206537
Tunisia,TUN,2012,4297.26782454273
Tunisia,TUN,2013,4369.79345826358
Tunisia,TUN,2014,4458.97895464547
Tunisia,TUN,2015,4014.94773686432
Tunisia,TUN,2016,3847.80354448809
Tunisia,TUN,2017,3619.03247319953
Tunisia,TUN,2018,3628.10366464236
Tunisia,TUN,2019,3528.87213306798
Tunisia,TUN,2020,3548.65363663803
Tunisia,TUN,2021,3885.28166485296
Tunisia,TUN,2022,3678.40023411347
Turkey,TUR,2000,4192.44316738494
Turkey,TUR,2001,3045.55413956926
Turkey,TUR,2002,3583.19745897158
Turkey,TUR,2003,4637.88218501529
Turkey,TUR,2004,5960.77898909049
Turkey,TUR,2005,7303.01388860245
Turkey,TUR,2006,7953.07848024969
Turkey,TUR,2007,9711.22376120832
Turkey,TUR,2008,10843.5036940489
Turkey,TUR,2009,9012.99945793034
Turkey,TUR,2010,10622.7020439723
Turkey,TUR,2011,11300.7852215681
Turkey,TUR,2012,11713.2849831139
Turkey,TUR,2013,12578.1878632
Turkey,TUR,2014,12165.220135038
Turkey,TUR,2015,11049.9951100942
Turkey,TUR,2016,10970.0458948862
Turkey,TUR,2017,10695.550196231
Turkey,TUR,2018,9568.83506330228
Turkey,TUR,2019,9215.44049888114
Turkey,TUR,2020,8638.73903848102
Turkey,TUR,2021,9743.21277804855
Turkey,TUR,2022,10674.504157865
Ukraine,UKR,2000,653.294311523438
Ukraine,UKR,2001,800.49072265625
Ukraine,UKR,2002,903.011901855469
Ukraine,UKR,2003,1076.48156738281
Ukraine,UKR,2004,1401.01806640625
Ukraine,UKR,2005,1875.33508300781
Ukraine,UKR,2006,2366.494140625
Ukraine,UKR,2007,3160.32763671875
Ukraine,UKR,2008,4017.806640625
Ukraine,UKR,2009,2607.08764648438
Ukraine,UKR,2010,3039.63232421875
Ukraine,UKR,2011,3656.69799804688
Ukraine,UKR,2012,3951.34228515625
Ukraine,UKR,2013,4129.89697265625
Ukraine,UKR,2014,3054.908203125
Ukraine,UKR,2015,2094.47387695313
Ukraine,UKR,2016,2158.46118164063
Ukraine,UKR,2017,2604.28759765625
Ukraine,UKR,2018,3059.0517578125
Ukraine,UKR,2019,3619.86157226563
Ukraine,UKR,2020,3709.76928710938
Ukraine,UKR,2021,4775.94580078125
Ukraine,UKR,2022,4199.6708984375
United Kingdom,GBR,2000,28280.926786099
United Kingdom,GBR,2001,27906.5695029641
United Kingdom,GBR,2002,30077.741432188
United Kingdom,GBR,2003,34442.6875402308
United Kingdom,GBR,2004,40366.8886650968
United Kingdom,GBR,2005,42104.7884375024
United Kingdom,GBR,2006,44512.4590296865
United Kingdom,GBR,2007,50397.6854954706
United Kingdom,GBR,2008,47396.1202078484
United Kingdom,GBR,2009,38744.131693043
United Kingdom,GBR,2010,39598.957119545
United Kingdom,GBR,2011,42109.6418795749
United Kingdom,GBR,2012,42497.3404974322
United Kingdom,GBR,2013,43426.2981405143
United Kingdom,GBR,2014,47439.6165895125
United Kingdom,GBR,2015,44964.3911437292
United Kingdom,GBR,2016,40985.2351382417
United Kingdom,GBR,2017,40572.1214823783
United Kingdom,GBR,2018,43203.8141057739
United Kingdom,GBR,2019,42662.5353740311
United Kingdom,GBR,2020,40201.6812422928
United Kingdom,GBR,2021,46896.8662432834
United Kingdom,GBR,2022,45935.9276473925
United States,USA,2000,36329.9702595751
United States,USA,2001,37133.6203973517
United States,USA,2002,37997.7424300242
United States,USA,2003,39490.3023903176
United States,USA,2004,41724.6411982614
United States,USA,2005,44123.3996470026
United States,USA,2006,46301.9876485519
United States,USA,2007,48050.227412195
United States,USA,2008,48570.0594269601
United States,USA,2009,47194.9500893872
United States,USA,2010,48650.6643227232
United States,USA,2011,50065.9789470675
United States,USA,2012,51784.4114692048
United States,USA,2013,53409.7507774372
United States,USA,2014,55304.3155317137
United States,USA,2015,57040.2082136605
United States,USA,2016,58206.6141931844
United States,USA,2017,60322.2614241747
United States,USA,2018,63201.0458483771
United States,USA,2019,65604.6815198734
United States,USA,2020,64411.3731779373
United States,USA,2021,71318.3073592183
United States,USA,2022,78035.1753604212
Uruguay,URY,2000,6987.70098766257
Uruguay,URY,2001,6382.76104740859
Uruguay,URY,2002,4149.76140312687
Uruguay,URY,2003,3671.12329256883
Uruguay,URY,2004,4168.66065438387
Uruguay,URY,2005,5284.25677987129
Uruguay,URY,2006,6001.33294783172
Uruguay,URY,2007,7222.05403645877
Uruguay,URY,2008,9423.96562595893
Uruguay,URY,2009,9881.39573127081
Uruguay,URY,2010,12641.0576849008
Uruguay,URY,2011,15132.2675725587
Uruguay,URY,2012,16259.5940814256
Uruguay,URY,2013,18335.2594772322
Uruguay,URY,2014,18322.4276767157
Uruguay,URY,2015,17125.9016800298
Uruguay,URY,2016,17009.7586944503
Uruguay,URY,2017,19184.6626659717
Uruguay,URY,2018,19249.9401532664
Uruguay,URY,2019,18315.7352857194
Uruguay,URY,2020,15789.6857422214
Uruguay,URY,2021,17888.211510172
Uruguay,URY,2022,20691.9738991763
Uzbekistan,UZB,2000,555.149231099186
Uzbekistan,UZB,2001,454.415812256778
Uzbekistan,UZB,2002,381.409296889283
Uzbekistan,UZB,2003,394.164028897235
Uzbekistan,UZB,2004,462.171492867885
Uzbekistan,UZB,2005,542.835808692209
Uzbekistan,UZB,2006,649.118167003925
Uzbekistan,UZB,2007,824.028192334768
Uzbekistan,UZB,2008,1074.72928796701
Uzbekistan,UZB,2009,1205.7993547038
Uzbekistan,UZB,2010,1753.20730243278
Uzbekistan,UZB,2011,2087.86386135694
Uzbekistan,UZB,2012,2307.34649117185
Uzbekistan,UZB,2013,2461.97947403595
Uzbekistan,UZB,2014,2674.9628382103
Uzbekistan,UZB,2015,2803.19018021751
Uzbekistan,UZB,2016,2753.37951427589
Uzbekistan,UZB,2017,2190.60411562888
Uzbekistan,UZB,2018,1813.08530813664
Uzbekistan,UZB,2019,2041.38480729431
Uzbekistan,UZB,2020,1978.28051860763
Uzbekistan,UZB,2021,2258.51964119278
Uzbekistan,UZB,2022,2578.66689394219
Vietnam,VNM,2000,404.029784055118
Vietnam,VNM,2001,419.205677580901
Vietnam,VNM,2002,445.132861817313
Vietnam,VNM,2003,497.117089249256
Vietnam,VNM,2004,565.452284586212
Vietnam,VNM,2005,710.746759994861
Vietnam,VNM,2006,807.756645117054
Vietnam,VNM,2007,925.640338348717
Vietnam,VNM,2008,1163.83195772873
Vietnam,VNM,2009,1226.16976051536
Vietnam,VNM,2010,1683.16182443979
Vietnam,VNM,2011,1950.92504174913
Vietnam,VNM,2012,2185.11767654291
Vietnam,VNM,2013,2359.51736472828
Vietnam,VNM,2014,2546.38464459903
Vietnam,VNM,2015,2577.56885340113
Vietnam,VNM,2016,2735.0604380416
Vietnam,VNM,2017,2956.10992127753
Vietnam,VNM,2018,3222.31003125366
Vietnam,VNM,2019,3440.90025375434
Vietnam,VNM,2020,3534.03953482647
Vietnam,VNM,2021,3704.1935590038
Vietnam,VNM,2022,4116.38576094153
