Country,ISO3,Year,gov_consumption_gdp
Argentina,ARG,2000,13.7841913064131
Argentina,ARG,2001,14.1562743129569
Argentina,ARG,2002,12.235247296692
Argentina,ARG,2003,11.4380567929249
Argentina,ARG,2004,11.114636067696
Argentina,ARG,2005,12.1418612359575
Argentina,ARG,2006,12.4294153726307
Argentina,ARG,2007,12.9893238963619
Argentina,ARG,2008,13.6335132595631
Argentina,ARG,2009,15.903896746884
Argentina,ARG,2010,15.1637178886417
Argentina,ARG,2011,15.6889565165983
Argentina,ARG,2012,16.6454378106252
Argentina,ARG,2013,16.8062377968797
Argentina,ARG,2014,16.9498757371062
Argentina,ARG,2015,18.098379759087
Argentina,ARG,2016,17.6545781863509
Argentina,ARG,2017,17.6968939223042
Argentina,ARG,2018,15.8050971558947
Argentina,ARG,2019,16.4432415862976
Argentina,ARG,2020,16.8730073837365
Argentina,ARG,2021,15.9158179423023
Argentina,ARG,2022,15.8356571842994
Armenia,ARM,2000,10.7986680994975
Armenia,ARM,2001,10.3413384803578
Armenia,ARM,2002,9.16904182303383
Armenia,ARM,2003,9.38479580771821
Armenia,ARM,2004,9.3562321018201
Armenia,ARM,2005,9.71001179777312
Armenia,ARM,2006,9.26564058035311
Armenia,ARM,2007,9.39819198234112
Armenia,ARM,2008,9.39590568718206
Armenia,ARM,2009,12.2837259772012
Armenia,ARM,2010,12.0437077284519
Armenia,ARM,2011,11.9102932556784
Armenia,ARM,2012,10.9099638916146
Armenia,ARM,2013,11.9350654316666
Armenia,ARM,2014,12.0858534859076
Armenia,ARM,2015,13.1115978061212
Armenia,ARM,2016,13.4541585167703
Armenia,ARM,2017,12.3185519874739
Armenia,ARM,2018,11.4866903221706
Armenia,ARM,2019,12.5645600985114
Armenia,ARM,2020,14.9686182373692
Armenia,ARM,2021,13.649850256969
Armenia,ARM,2022,11.6764818949578
Australia,AUS,2000,18.5380745283503
Australia,AUS,2001,18.5426391217441
Australia,AUS,2002,18.3484346536303
Australia,AUS,2003,18.4107243359548
Australia,AUS,2004,18.3022813622208
Australia,AUS,2005,18.3815949567882
Australia,AUS,2006,18.3072975284743
Australia,AUS,2007,18.1722516420682
Australia,AUS,2008,18.0939091867019
Australia,AUS,2009,18.4307470583246
Australia,AUS,2010,18.8355329435523
Australia,AUS,2011,18.6655613196208
Australia,AUS,2012,18.8983020353986
Australia,AUS,2013,18.853734962801
Australia,AUS,2014,18.7777654809849
Australia,AUS,2015,19.1888755144951
Australia,AUS,2016,19.9735933226935
Australia,AUS,2017,19.9482833661896
Australia,AUS,2018,20.0168291219813
Australia,AUS,2019,20.3713413159323
Australia,AUS,2020,21.8946914788236
Australia,AUS,2021,22.4227187171293
Australia,AUS,2022,22.0784275525044
Bangladesh,BGD,2000,4.97312138319291
Bangladesh,BGD,2001,4.84565983723317
Bangladesh,BGD,2002,5.02264856478482
Bangladesh,BGD,2003,5.12829861719188
Bangladesh,BGD,2004,5.17438311061483
Bangladesh,BGD,2005,5.18022516467283
Bangladesh,BGD,2006,5.44007855680545
Bangladesh,BGD,2007,5.35945621469055
Bangladesh,BGD,2008,5.17827687820651
Bangladesh,BGD,2009,5.09374516609514
Bangladesh,BGD,2010,5.07532583559895
Bangladesh,BGD,2011,5.0974466876342
Bangladesh,BGD,2012,5.03934251857421
Bangladesh,BGD,2013,5.11613164192944
Bangladesh,BGD,2014,5.33752075651661
Bangladesh,BGD,2015,5.40424038147983
Bangladesh,BGD,2016,5.86529831496558
Bangladesh,BGD,2017,6.02233215987973
Bangladesh,BGD,2018,5.95916693091491
Bangladesh,BGD,2019,6.2381894055709
Bangladesh,BGD,2020,5.97120729189186
Bangladesh,BGD,2021,5.88274868783073
Bangladesh,BGD,2022,5.69899955596024
Brazil,BRA,2000,18.7678457444131
Brazil,BRA,2001,19.3432950140464
Brazil,BRA,2002,19.8096623456372
Brazil,BRA,2003,19.0774784933715
Brazil,BRA,2004,18.4675839197143
Brazil,BRA,2005,18.8900014193292
Brazil,BRA,2006,19.0389169408502
Brazil,BRA,2007,18.9429876148938
Brazil,BRA,2008,18.8393928725691
Brazil,BRA,2009,19.6506384012198
Brazil,BRA,2010,19.0168578356276
Brazil,BRA,2011,18.6692569364374
Brazil,BRA,2012,18.5301032637141
Brazil,BRA,2013,18.8924789937165
Brazil,BRA,2014,19.1535387102127
Brazil,BRA,2015,19.776819955412
Brazil,BRA,2016,20.3792974286877
Brazil,BRA,2017,20.1619046966819
Brazil,BRA,2018,19.89508778307
Brazil,BRA,2019,19.9835812858102
Brazil,BRA,2020,20.1351530166446
Brazil,BRA,2021,18.5475883591271
Brazil,BRA,2022,18.4022127200534
Canada,CAN,2000,19.1064161806335
Canada,CAN,2001,19.5093203790186
Canada,CAN,2002,19.7787192119877
Canada,CAN,2003,19.8962017689692
Canada,CAN,2004,19.4174844503805
Canada,CAN,2005,19.0759109803014
Canada,CAN,2006,19.2487641773811
Canada,CAN,2007,19.2505356033619
Canada,CAN,2008,19.7194394824506
Canada,CAN,2009,21.9645855050549
Canada,CAN,2010,21.4754574603582
Canada,CAN,2011,21.1458668604215
Canada,CAN,2012,21.0578451788387
Canada,CAN,2013,20.7043347111761
Canada,CAN,2014,20.266560128167
Canada,CAN,2015,20.8778251262785
Canada,CAN,2016,21.0480401948524
Canada,CAN,2017,20.7033313853187
Canada,CAN,2018,20.6814326967462
Canada,CAN,2019,20.6634960880685
Canada,CAN,2020,22.7011077555498
Canada,CAN,2021,21.4423371444304
Canada,CAN,2022,20.6916886249511
Chile,CHL,2000,12.5909258670442
Chile,CHL,2001,12.6430976838425
Chile,CHL,2002,12.7485938739332
Chile,CHL,2003,12.1781884394566
Chile,CHL,2004,11.4302095052932
Chile,CHL,2005,10.9536305505725
Chile,CHL,2006,10.2971154567591
Chile,CHL,2007,10.5459552760673
Chile,CHL,2008,11.2649291900947
Chile,CHL,2009,12.8685277949163
Chile,CHL,2010,12.5461769480138
Chile,CHL,2011,12.3111909100264
Chile,CHL,2012,12.3259315110827
Chile,CHL,2013,12.7855842176403
Chile,CHL,2014,13.2263259777657
Chile,CHL,2015,13.5921177179491
Chile,CHL,2016,14.3426676192321
Chile,CHL,2017,14.648713196179
Chile,CHL,2018,14.8564737573302
Chile,CHL,2019,15.2539557255243
Chile,CHL,2020,16.0263618695537
Chile,CHL,2021,14.7284624399831
Chile,CHL,2022,14.6753523231537
China,CHN,2000,16.838429854389
China,CHN,2001,16.4134393502967
China,CHN,2002,16.0704244133471
China,CHN,2003,15.3142093191661
China,CHN,2004,14.62534230524
China,CHN,2005,14.7976625421188
China,CHN,2006,14.820515951964
China,CHN,2007,14.6267619272466
China,CHN,2008,14.4856143896822
China,CHN,2009,14.7529761302757
China,CHN,2010,14.5870205780333
China,CHN,2011,15.2388649383201
China,CHN,2012,15.7560783884401
China,CHN,2013,15.8840158889172
China,CHN,2014,15.8170446517635
China,CHN,2015,16.2178867734802
China,CHN,2016,16.363755561892
China,CHN,2017,16.3248622163595
China,CHN,2018,16.5358083434476
China,CHN,2019,16.7705109115014
China,CHN,2020,17.1301333863303
China,CHN,2021,15.8081384040196
China,CHN,2022,16.050127747075
Cyprus,CYP,2000,15.2364552886536
Cyprus,CYP,2001,16.0963232290957
Cyprus,CYP,2002,16.7886976534048
Cyprus,CYP,2003,18.0891177872796
Cyprus,CYP,2004,16.7828088035016
Cyprus,CYP,2005,16.7524529076344
Cyprus,CYP,2006,17.1893825203549
Cyprus,CYP,2007,16.7546542990593
Cyprus,CYP,2008,17.3628609634952
Cyprus,CYP,2009,19.1192169870489
Cyprus,CYP,2010,18.7471157245929
Cyprus,CYP,2011,19.3608897136303
Cyprus,CYP,2012,19.1014564892632
Cyprus,CYP,2013,18.7335653096676
Cyprus,CYP,2014,17.0727810804208
Cyprus,CYP,2015,16.6093100075551
Cyprus,CYP,2016,15.487159442376
Cyprus,CYP,2017,15.0336429268327
Cyprus,CYP,2018,14.7079165690907
Cyprus,CYP,2019,16.0314662020454
Cyprus,CYP,2020,19.1966992582967
Cyprus,CYP,2021,18.554102804107
Cyprus,CYP,2022,17.8768353153744
Czechia,CZE,2000,19.4170938033921
Czechia,CZE,2001,19.3811560078933
Czechia,CZE,2002,20.8524714305893
Czechia,CZE,2003,21.8439804927084
Czechia,CZE,2004,20.5929702825042
Czechia,CZE,2005,20.2989636894468
Czechia,CZE,2006,19.9326846921976
Czechia,CZE,2007,19.135597434962
Czechia,CZE,2008,19.1552133910447
Czechia,CZE,2009,20.7176267676761
Czechia,CZE,2010,20.3296245529329
Czechia,CZE,2011,19.6370766392657
Czechia,CZE,2012,19.3133426541368
Czechia,CZE,2013,19.5991807169614
Czechia,CZE,2014,19.1899663567148
Czechia,CZE,2015,18.807763768664
Czechia,CZE,2016,18.7814653223292
Czechia,CZE,2017,18.5098151426127
Czechia,CZE,2018,19.1749183174686
Czechia,CZE,2019,19.2646329881001
Czechia,CZE,2020,21.3198902324822
Czechia,CZE,2021,20.7709874590881
Czechia,CZE,2022,19.4414735473211
Ecuador,ECU,2000,9.52692379105551
Ecuador,ECU,2001,9.79192984147787
Ecuador,ECU,2002,10.2548968649855
Ecuador,ECU,2003,11.0932566640599
Ecuador,ECU,2004,11.2444976831475
Ecuador,ECU,2005,11.0374603802606
Ecuador,ECU,2006,10.8776036608888
Ecuador,ECU,2007,11.1822498970636
Ecuador,ECU,2008,12.0058038479189
Ecuador,ECU,2009,14.3981565314825
Ecuador,ECU,2010,13.6565759414611
Ecuador,ECU,2011,13.0638269394594
Ecuador,ECU,2012,13.7469463742699
Ecuador,ECU,2013,14.2480971433732
Ecuador,ECU,2014,14.7396467646102
Ecuador,ECU,2015,15.3738143732739
Ecuador,ECU,2016,15.6897053000134
Ecuador,ECU,2017,15.2975347755569
Ecuador,ECU,2018,15.5567607733316
Ecuador,ECU,2019,15.1840774422585
Ecuador,ECU,2020,16.3225869268134
Ecuador,ECU,2021,14.3491734605434
Ecuador,ECU,2022,13.4022673496035
Egypt,EGY,2000,11.2025874742723
Egypt,EGY,2001,11.318650683022
Egypt,EGY,2002,12.5890736342043
Egypt,EGY,2003,12.6706586826347
Egypt,EGY,2004,12.7549969091284
Egypt,EGY,2005,12.7390900649954
Egypt,EGY,2006,12.2875182127246
Egypt,EGY,2007,11.3319011815252
Egypt,EGY,2008,10.8877721943049
Egypt,EGY,2009,11.3509882939935
Egypt,EGY,2010,11.163600198906
Egypt,EGY,2011,11.4506600539713
Egypt,EGY,2012,11.1781214545889
Egypt,EGY,2013,11.3523973339067
Egypt,EGY,2014,11.849765258216
Egypt,EGY,2015,11.7598919759401
Egypt,EGY,2016,11.4268841809995
Egypt,EGY,2017,9.57903662572827
Egypt,EGY,2018,7.94222279370794
Egypt,EGY,2019,7.2855611150822
Egypt,EGY,2020,7.5399018301206
Egypt,EGY,2021,7.55804355330102
Egypt,EGY,2022,7.26809053235575
Ethiopia,ETH,2000,
Ethiopia,ETH,2001,
Ethiopia,ETH,2002,
Ethiopia,ETH,2003,
Ethiopia,ETH,2004,
Ethiopia,ETH,2005,
Ethiopia,ETH,2006,
Ethiopia,ETH,2007,
Ethiopia,ETH,2008,
Ethiopia,ETH,2009,
Ethiopia,ETH,2010,
Ethiopia,ETH,2011,10.3182460672537
Ethiopia,ETH,2012,8.30218871752089
Ethiopia,ETH,2013,8.9554736783348
Ethiopia,ETH,2014,9.24959184376664
Ethiopia,ETH,2015,9.01378857603043
Ethiopia,ETH,2016,11.1344515039567
Ethiopia,ETH,2017,11.1092075124974
Ethiopia,ETH,2018,10.2504816780532
Ethiopia,ETH,2019,9.19304684825909
Ethiopia,ETH,2020,9.12947548364366
Ethiopia,ETH,2021,8.83582452665546
Ethiopia,ETH,2022,7.36173291765571
Germany,DEU,2000,18.860569292751
Germany,DEU,2001,18.7505067113635
Germany,DEU,2002,19.0132502158895
Germany,DEU,2003,19.0734600434664
Germany,DEU,2004,18.5669242577539
Germany,DEU,2005,18.4739713893822
Germany,DEU,2006,18.0172946772292
Germany,DEU,2007,17.5553649959484
Germany,DEU,2008,17.9510982051837
Germany,DEU,2009,19.5979349625431
Germany,DEU,2010,19.1768919673096
Germany,DEU,2011,18.6934322242076
Germany,DEU,2012,18.8977924424542
Germany,DEU,2013,19.2479981027315
Germany,DEU,2014,19.2101287363869
Germany,DEU,2015,19.3122356715765
Germany,DEU,2016,19.5190716214398
Germany,DEU,2017,19.4595495195295
Germany,DEU,2018,19.5022339579089
Germany,DEU,2019,19.9030235821301
Germany,DEU,2020,21.7313211310231
Germany,DEU,2021,21.6742192217514
Germany,DEU,2022,21.5213273138839
Greece,GRC,2000,18.942080044244
Greece,GRC,2001,19.3185597563907
Greece,GRC,2002,19.7788964081303
Greece,GRC,2003,19.4825367880777
Greece,GRC,2004,19.6428208434707
Greece,GRC,2005,20.4795823716794
Greece,GRC,2006,20.4905653377788
Greece,GRC,2007,20.8256340521222
Greece,GRC,2008,21.0036498022038
Greece,GRC,2009,23.6284806116531
Greece,GRC,2010,22.4102559565882
Greece,GRC,2011,22.0783071279586
Greece,GRC,2012,22.557839474738
Greece,GRC,2013,20.9297924686921
Greece,GRC,2014,20.7227080595732
Greece,GRC,2015,20.7679837462522
Greece,GRC,2016,20.6180603140124
Greece,GRC,2017,20.4384126534599
Greece,GRC,2018,19.6597104516787
Greece,GRC,2019,19.9791204523634
Greece,GRC,2020,22.7274940590434
Greece,GRC,2021,21.4974385558012
Greece,GRC,2022,19.9856875626536
Guatemala,GTM,2000,7.00261473951945
Guatemala,GTM,2001,10.2195681687394
Guatemala,GTM,2002,9.82093278550152
Guatemala,GTM,2003,9.75241609376197
Guatemala,GTM,2004,8.9066313301877
Guatemala,GTM,2005,8.61352510250589
Guatemala,GTM,2006,8.50696938888144
Guatemala,GTM,2007,8.79868760763897
Guatemala,GTM,2008,9.16134519080737
Guatemala,GTM,2009,10.3456302167651
Guatemala,GTM,2010,10.6462476186343
Guatemala,GTM,2011,10.3584830794978
Guatemala,GTM,2012,10.5135030709737
Guatemala,GTM,2013,11.2879486082846
Guatemala,GTM,2014,11.2553849306527
Guatemala,GTM,2015,11.0881085257885
Guatemala,GTM,2016,10.440352787248
Guatemala,GTM,2017,10.572823006819
Guatemala,GTM,2018,11.120258551506
Guatemala,GTM,2019,11.1070048234102
Guatemala,GTM,2020,11.4719704888172
Guatemala,GTM,2021,11.2293378677109
Guatemala,GTM,2022,11.4755424721517
India,IND,2000,11.9478354691139
India,IND,2001,11.7614498890899
India,IND,2002,11.3140950692424
India,IND,2003,10.8762099129119
India,IND,2004,10.4047023481415
India,IND,2005,10.3661401972455
India,IND,2006,9.80247046783494
India,IND,2007,9.86211572842642
India,IND,2008,10.5384811563533
India,IND,2009,11.459667419691
India,IND,2010,11.0076078674499
India,IND,2011,11.0844615855594
India,IND,2012,10.6838562318127
India,IND,2013,10.2951601419598
India,IND,2014,10.4408568081213
India,IND,2015,10.4282907091862
India,IND,2016,10.3085480747222
India,IND,2017,10.7671989547856
India,IND,2018,10.8232185258548
India,IND,2019,11.0026755133718
India,IND,2020,11.6124524106018
India,IND,2021,10.4763782400684
India,IND,2022,10.7001350622494
Indonesia,IDN,2000,6.53199497269296
Indonesia,IDN,2001,6.8890593699167
Indonesia,IDN,2002,7.25745833839691
Indonesia,IDN,2003,8.12948626357009
Indonesia,IDN,2004,8.32186800551366
Indonesia,IDN,2005,8.10950772075692
Indonesia,IDN,2006,8.62716880197773
Indonesia,IDN,2007,8.34646967931201
Indonesia,IDN,2008,8.42378092010223
Indonesia,IDN,2009,9.58917814654342
Indonesia,IDN,2010,9.00591499311107
Indonesia,IDN,2011,9.05867718048359
Indonesia,IDN,2012,9.24878837149556
Indonesia,IDN,2013,9.51771996272397
Indonesia,IDN,2014,9.42502571858678
Indonesia,IDN,2015,9.74941376966575
Indonesia,IDN,2016,9.52781009028137
Indonesia,IDN,2017,9.12057115207813
Indonesia,IDN,2018,9.02123180420785
Indonesia,IDN,2019,8.80847129067065
Indonesia,IDN,2020,9.65575053126545
Indonesia,IDN,2021,9.24694161503832
Indonesia,IDN,2022,7.68328058924418
Iran,IRN,2000,12.9321140865271
Iran,IRN,2001,12.8715629189835
Iran,IRN,2002,11.7171068008002
Iran,IRN,2003,11.4195212230258
Iran,IRN,2004,11.2363034938147
Iran,IRN,2005,12.0762428705559
Iran,IRN,2006,12.4659204560693
Iran,IRN,2007,9.47709713702345
Iran,IRN,2008,10.0527121231927
Iran,IRN,2009,11.1823199504617
Iran,IRN,2010,10.8045401697855
Iran,IRN,2011,13.2008336811217
Iran,IRN,2012,13.3279001556293
Iran,IRN,2013,12.973939207079
Iran,IRN,2014,12.8201259776576
Iran,IRN,2015,15.5688232193039
Iran,IRN,2016,15.7806947510813
Iran,IRN,2017,16.0623126390332
Iran,IRN,2018,15.7471688919778
Iran,IRN,2019,15.3002757124463
Iran,IRN,2020,14.4316679808889
Iran,IRN,2021,14.2335765896255
Iran,IRN,2022,12.7321823762365
Ireland,IRL,2000,14.7459204426839
Ireland,IRL,2001,15.3998306188885
Ireland,IRL,2002,15.8062322641555
Ireland,IRL,2003,16.0558800096065
Ireland,IRL,2004,16.1660379632399
Ireland,IRL,2005,16.0571073028133
Ireland,IRL,2006,16.2267367718476
Ireland,IRL,2007,16.8469994194329
Ireland,IRL,2008,18.6524250310558
Ireland,IRL,2009,20.04062843098
Ireland,IRL,2010,18.6594786669712
Ireland,IRL,2011,18.9110634871702
Ireland,IRL,2012,18.0666348837233
Ireland,IRL,2013,16.8177627364232
Ireland,IRL,2014,15.9698382433587
Ireland,IRL,2015,12.1030993591123
Ireland,IRL,2016,12.5240695012169
Ireland,IRL,2017,11.9231267822528
Ireland,IRL,2018,11.7534973694787
Ireland,IRL,2019,11.8145031159268
Ireland,IRL,2020,12.6067388132502
Ireland,IRL,2021,11.685370111011
Ireland,IRL,2022,11.0608483578787
Japan,JPN,2000,16.549191407008
Japan,JPN,2001,17.2289905143177
Japan,JPN,2002,17.7749067788644
Japan,JPN,2003,17.8364695899716
Japan,JPN,2004,17.7233548337375
Japan,JPN,2005,17.7438933244397
Japan,JPN,2006,17.595075361072
Japan,JPN,2007,17.6343087480996
Japan,JPN,2008,18.025030322619
Japan,JPN,2009,19.3337393097808
Japan,JPN,2010,19.2025962424431
Japan,JPN,2011,19.885399284228
Japan,JPN,2012,19.9573325085164
Japan,JPN,2013,19.854370134417
Japan,JPN,2014,19.9261773555302
Japan,JPN,2015,19.617744139153
Japan,JPN,2016,19.6572481017318
Japan,JPN,2017,19.4117955495929
Japan,JPN,2018,19.5636743323798
Japan,JPN,2019,19.9451059201578
Japan,JPN,2020,20.9693739368909
Japan,JPN,2021,21.2648718337576
Japan,JPN,2022,21.5970195999679
Jordan,JOR,2000,23.6984680014003
Jordan,JOR,2001,22.9174851108632
Jordan,JOR,2002,22.6906093612011
Jordan,JOR,2003,23.1853583631912
Jordan,JOR,2004,21.2967655019837
Jordan,JOR,2005,19.5303396970512
Jordan,JOR,2006,20.6390392865841
Jordan,JOR,2007,20.6029032337837
Jordan,JOR,2008,18.3767022469887
Jordan,JOR,2009,20.921952678848
Jordan,JOR,2010,19.247338736188
Jordan,JOR,2011,20.0647396505336
Jordan,JOR,2012,19.1135218893324
Jordan,JOR,2013,18.2645769913954
Jordan,JOR,2014,18.2212045749756
Jordan,JOR,2015,17.8232606852775
Jordan,JOR,2016,17.2505641942481
Jordan,JOR,2017,16.9453719425362
Jordan,JOR,2018,16.7438960469568
Jordan,JOR,2019,16.3717377599542
Jordan,JOR,2020,16.549956438323
Jordan,JOR,2021,15.8410812024988
Jordan,JOR,2022,
Kazakhstan,KAZ,2000,12.0767839829015
Kazakhstan,KAZ,2001,13.4140558279007
Kazakhstan,KAZ,2002,11.6095049481668
Kazakhstan,KAZ,2003,11.2575472813135
Kazakhstan,KAZ,2004,11.6145025847194
Kazakhstan,KAZ,2005,11.248528853508
Kazakhstan,KAZ,2006,10.1808622102763
Kazakhstan,KAZ,2007,11.0539227321465
Kazakhstan,KAZ,2008,10.1884933177761
Kazakhstan,KAZ,2009,11.6629260943621
Kazakhstan,KAZ,2010,10.812344717753
Kazakhstan,KAZ,2011,10.4758481012217
Kazakhstan,KAZ,2012,11.5216030974968
Kazakhstan,KAZ,2013,10.17335661126
Kazakhstan,KAZ,2014,10.6896762840233
Kazakhstan,KAZ,2015,11.6327261488061
Kazakhstan,KAZ,2016,11.6308534068253
Kazakhstan,KAZ,2017,10.5359417828743
Kazakhstan,KAZ,2018,8.32120070703086
Kazakhstan,KAZ,2019,9.13216157597614
Kazakhstan,KAZ,2020,12.742044005777
Kazakhstan,KAZ,2021,11.2703470377122
Kazakhstan,KAZ,2022,10.499269785365
Kenya,KEN,2000,15.0542922556179
Kenya,KEN,2001,15.9729117514735
Kenya,KEN,2002,17.0779999092115
Kenya,KEN,2003,18.1313185754854
Kenya,KEN,2004,17.860065964127
Kenya,KEN,2005,17.3802115523848
Kenya,KEN,2006,14.3469988040006
Kenya,KEN,2007,14.6296114670377
Kenya,KEN,2008,15.6739794237589
Kenya,KEN,2009,13.5545947939366
Kenya,KEN,2010,12.9529718175577
Kenya,KEN,2011,12.6846420216244
Kenya,KEN,2012,12.2713774212109
Kenya,KEN,2013,11.8426259978213
Kenya,KEN,2014,11.7424945888753
Kenya,KEN,2015,12.7266800758884
Kenya,KEN,2016,12.609768629814
Kenya,KEN,2017,12.3350790178839
Kenya,KEN,2018,12.3486893953272
Kenya,KEN,2019,12.1707972873275
Kenya,KEN,2020,12.4776599686236
Kenya,KEN,2021,12.1468578016243
Kenya,KEN,2022,12.2133041039933
Kyrgyzstan,KGZ,2000,20.0414029257456
Kyrgyzstan,KGZ,2001,17.4757557506074
Kyrgyzstan,KGZ,2002,18.6192063348849
Kyrgyzstan,KGZ,2003,16.831005563279
Kyrgyzstan,KGZ,2004,18.1726261702351
Kyrgyzstan,KGZ,2005,17.5098514160667
Kyrgyzstan,KGZ,2006,17.9873304153511
Kyrgyzstan,KGZ,2007,17.1030256304366
Kyrgyzstan,KGZ,2008,17.5207016898068
Kyrgyzstan,KGZ,2009,18.4315502857776
Kyrgyzstan,KGZ,2010,18.1270712390519
Kyrgyzstan,KGZ,2011,18.2274429340139
Kyrgyzstan,KGZ,2012,20.1058519740794
Kyrgyzstan,KGZ,2013,18.4469910620701
Kyrgyzstan,KGZ,2014,17.4733337659161
Kyrgyzstan,KGZ,2015,17.755373303036
Kyrgyzstan,KGZ,2016,17.4341508597379
Kyrgyzstan,KGZ,2017,17.1301720323853
Kyrgyzstan,KGZ,2018,17.1697001118399
Kyrgyzstan,KGZ,2019,15.700980649991
Kyrgyzstan,KGZ,2020,18.372283013954
Kyrgyzstan,KGZ,2021,16.6329417875076
Kyrgyzstan,KGZ,2022,16.7856680309648
Lebanon,LBN,2000,17.2674865488086
Lebanon,LBN,2001,17.596873003345
Lebanon,LBN,2002,17.1030756442228
Lebanon,LBN,2003,16.6341866226259
Lebanon,LBN,2004,14.4495447023183
Lebanon,LBN,2005,14.5411459288452
Lebanon,LBN,2006,14.5255421585142
Lebanon,LBN,2007,13.7245549309098
Lebanon,LBN,2008,13.3991719116945
Lebanon,LBN,2009,12.9089143204176
Lebanon,LBN,2010,12.2198707797911
Lebanon,LBN,2011,12.5687445905327
Lebanon,LBN,2012,13.6696239596325
Lebanon,LBN,2013,12.9273362789226
Lebanon,LBN,2014,12.7459654094194
Lebanon,LBN,2015,12.5317444279389
Lebanon,LBN,2016,12.9841490908637
Lebanon,LBN,2017,13.2087179804347
Lebanon,LBN,2018,15.3368530010403
Lebanon,LBN,2019,15.6297834775773
Lebanon,LBN,2020,9.13975488671309
Lebanon,LBN,2021,2.36013682064937
Lebanon,LBN,2022,3.62532508452807
Malaysia,MYS,2000,10.1652352266127
Malaysia,MYS,2001,12.0392876490092
Malaysia,MYS,2002,12.95780675499
Malaysia,MYS,2003,12.9680086157285
Malaysia,MYS,2004,12.579949709734
Malaysia,MYS,2005,11.4736063637601
Malaysia,MYS,2006,11.1676921633288
Malaysia,MYS,2007,11.5668680674542
Malaysia,MYS,2008,11.5047879794636
Malaysia,MYS,2009,13.0484795688336
Malaysia,MYS,2010,12.581169028796
Malaysia,MYS,2011,13.2706614765507
Malaysia,MYS,2012,13.842133658412
Malaysia,MYS,2013,13.7154015161779
Malaysia,MYS,2014,13.3287480692634
Malaysia,MYS,2015,13.0865607985559
Malaysia,MYS,2016,12.5648977951943
Malaysia,MYS,2017,12.1925918694431
Malaysia,MYS,2018,11.9694462955517
Malaysia,MYS,2019,11.653100184343
Malaysia,MYS,2020,12.9622736088155
Malaysia,MYS,2021,12.6368812579757
Malaysia,MYS,2022,11.5877018266733
Mexico,MEX,2000,9.03701601574593
Mexico,MEX,2001,9.35531059664665
Mexico,MEX,2002,9.83812245672762
Mexico,MEX,2003,10.4980403682373
Mexico,MEX,2004,10.0161818460585
Mexico,MEX,2005,10.0762299851121
Mexico,MEX,2006,9.89214269664029
Mexico,MEX,2007,9.94789283371053
Mexico,MEX,2008,10.2592375010335
Mexico,MEX,2009,11.3834438576777
Mexico,MEX,2010,11.2739649249476
Mexico,MEX,2011,11.3282462816794
Mexico,MEX,2012,11.4486765368681
Mexico,MEX,2013,11.7127320792546
Mexico,MEX,2014,11.7538929143727
Mexico,MEX,2015,11.901246126141
Mexico,MEX,2016,11.5736804911904
Mexico,MEX,2017,11.2156675514112
Mexico,MEX,2018,11.256296772473
Mexico,MEX,2019,11.1079031030718
Mexico,MEX,2020,12.1968302786958
Mexico,MEX,2021,11.4047335537777
Mexico,MEX,2022,11.0923787710267
Mongolia,MNG,2000,15.3072305276316
Mongolia,MNG,2001,16.7913060350209
Mongolia,MNG,2002,16.1226344161819
Mongolia,MNG,2003,14.2425297746318
Mongolia,MNG,2004,14.467720874519
Mongolia,MNG,2005,12.138897877692
Mongolia,MNG,2006,11.6832883313395
Mongolia,MNG,2007,13.0711686834879
Mongolia,MNG,2008,14.6422131141497
Mongolia,MNG,2009,14.1140534152111
Mongolia,MNG,2010,12.688125697708
Mongolia,MNG,2011,12.2552375580087
Mongolia,MNG,2012,13.5268117672589
Mongolia,MNG,2013,13.4571255187117
Mongolia,MNG,2014,13.0170100980658
Mongolia,MNG,2015,14.87177395106
Mongolia,MNG,2016,15.9552953447701
Mongolia,MNG,2017,13.9288663463462
Mongolia,MNG,2018,12.6929848143572
Mongolia,MNG,2019,13.1079648639038
Mongolia,MNG,2020,15.8102434127387
Mongolia,MNG,2021,14.9127365231555
Mongolia,MNG,2022,13.9186983764226
Morocco,MAR,2000,15.9016441146066
Morocco,MAR,2001,16.1030818469656
Morocco,MAR,2002,15.8265248737495
Morocco,MAR,2003,15.6322916129518
Morocco,MAR,2004,16.147933012371
Morocco,MAR,2005,16.7934779654902
Morocco,MAR,2006,16.1386944575568
Morocco,MAR,2007,15.9218030895099
Morocco,MAR,2008,15.2331473156845
Morocco,MAR,2009,16.7508457194611
Morocco,MAR,2010,16.5869372261684
Morocco,MAR,2011,17.2210400602812
Morocco,MAR,2012,18.2279591190152
Morocco,MAR,2013,18.3285750203973
Morocco,MAR,2014,19.1051211538423
Morocco,MAR,2015,18.1564372764046
Morocco,MAR,2016,18.3617257132517
Morocco,MAR,2017,17.9819739836974
Morocco,MAR,2018,17.9957615100603
Morocco,MAR,2019,18.1789365690301
Morocco,MAR,2020,19.4049859563358
Morocco,MAR,2021,18.9738383456202
Morocco,MAR,2022,19.0589963008001
Myanmar,MMR,2000,
Myanmar,MMR,2001,
Myanmar,MMR,2002,
Myanmar,MMR,2003,
Myanmar,MMR,2004,
Myanmar,MMR,2005,
Myanmar,MMR,2006,
Myanmar,MMR,2007,
Myanmar,MMR,2008,
Myanmar,MMR,2009,
Myanmar,MMR,2010,
Myanmar,MMR,2011,
Myanmar,MMR,2012,
Myanmar,MMR,2013,
Myanmar,MMR,2014,
Myanmar,MMR,2015,
Myanmar,MMR,2016,
Myanmar,MMR,2017,
Myanmar,MMR,2018,
Myanmar,MMR,2019,
Myanmar,MMR,2020,
Myanmar,MMR,2021,
Myanmar,MMR,2022,
Netherlands,NLD,2000,20.5466274207138
Netherlands,NLD,2001,20.9466580803866
Netherlands,NLD,2002,22.0454920550963
Netherlands,NLD,2003,22.8078795729665
Netherlands,NLD,2004,22.4106566736836
Netherlands,NLD,2005,22.1894988808979
Netherlands,NLD,2006,23.0747101000266
Netherlands,NLD,2007,23.0999959857091
Netherlands,NLD,2008,23.3458058433991
Netherlands,NLD,2009,25.7776832711017
Netherlands,NLD,2010,26.0868212907179
Netherlands,NLD,2011,25.5644324121626
Netherlands,NLD,2012,25.8184044531411
Netherlands,NLD,2013,25.591112540135
Netherlands,NLD,2014,25.4138134792751
Netherlands,NLD,2015,24.6510530267816
Netherlands,NLD,2016,24.2777102787517
Netherlands,NLD,2017,23.9046907483542
Netherlands,NLD,2018,23.9575090216481
Netherlands,NLD,2019,24.1193009603901
Netherlands,NLD,2020,25.419278032195
Netherlands,NLD,2021,25.1515899276541
Netherlands,NLD,2022,24.1995532390171
New Zealand,NZL,2000,17.0904296597936
New Zealand,NZL,2001,16.8974143824974
New Zealand,NZL,2002,16.7597517402594
New Zealand,NZL,2003,16.8073798286529
New Zealand,NZL,2004,17.0698568184318
New Zealand,NZL,2005,17.9474275333411
New Zealand,NZL,2006,18.3612009023046
New Zealand,NZL,2007,18.428481890793
New Zealand,NZL,2008,19.7871239559465
New Zealand,NZL,2009,19.7795241550742
New Zealand,NZL,2010,19.7012914203657
New Zealand,NZL,2011,19.5836267192414
New Zealand,NZL,2012,19.3835232236292
New Zealand,NZL,2013,18.7437982448227
New Zealand,NZL,2014,18.7730480966135
New Zealand,NZL,2015,18.4943440995783
New Zealand,NZL,2016,18.1425207383631
New Zealand,NZL,2017,17.9197451878758
New Zealand,NZL,2018,18.23348237761
New Zealand,NZL,2019,18.8662075369496
New Zealand,NZL,2020,20.4690968072392
New Zealand,NZL,2021,21.0983207009442
New Zealand,NZL,2022,21.1094093703102
Nicaragua,NIC,2000,8.67671427742945
Nicaragua,NIC,2001,8.96260821490308
Nicaragua,NIC,2002,8.74502652362897
Nicaragua,NIC,2003,9.18469723668059
Nicaragua,NIC,2004,9.08413312739566
Nicaragua,NIC,2005,9.42815325263766
Nicaragua,NIC,2006,15.1660243356502
Nicaragua,NIC,2007,14.0181524778936
Nicaragua,NIC,2008,13.8382279680684
Nicaragua,NIC,2009,14.49781090224
Nicaragua,NIC,2010,14.0976840664628
Nicaragua,NIC,2011,13.5987444224434
Nicaragua,NIC,2012,13.5685281439395
Nicaragua,NIC,2013,13.7620659303426
Nicaragua,NIC,2014,14.2796924802936
Nicaragua,NIC,2015,14.0523486728769
Nicaragua,NIC,2016,14.4611201253876
Nicaragua,NIC,2017,14.4105435937047
Nicaragua,NIC,2018,14.8026219743642
Nicaragua,NIC,2019,15.2132358884868
Nicaragua,NIC,2020,15.1740939400062
Nicaragua,NIC,2021,15.3939705826185
Nicaragua,NIC,2022,13.7345461864414
Nigeria,NGA,2000,
Nigeria,NGA,2001,
Nigeria,NGA,2002,
Nigeria,NGA,2003,
Nigeria,NGA,2004,
Nigeria,NGA,2005,
Nigeria,NGA,2006,
Nigeria,NGA,2007,
Nigeria,NGA,2008,
Nigeria,NGA,2009,
Nigeria,NGA,2010,
Nigeria,NGA,2011,
Nigeria,NGA,2012,
Nigeria,NGA,2013,
Nigeria,NGA,2014,
Nigeria,NGA,2015,
Nigeria,NGA,2016,
Nigeria,NGA,2017,
Nigeria,NGA,2018,
Nigeria,NGA,2019,
Nigeria,NGA,2020,
Nigeria,NGA,2021,
Nigeria,NGA,2022,
Pakistan,PAK,2000,9.9160206648119
Pakistan,PAK,2001,8.65570653037113
Pakistan,PAK,2002,9.6285694166749
Pakistan,PAK,2003,9.73121677110963
Pakistan,PAK,2004,9.68678666393757
Pakistan,PAK,2005,9.1609556235992
Pakistan,PAK,2006,11.5685913146856
Pakistan,PAK,2007,10.4024955023166
Pakistan,PAK,2008,10.5820947880328
Pakistan,PAK,2009,11.5288240714569
Pakistan,PAK,2010,10.9187567384172
Pakistan,PAK,2011,10.2265870455208
Pakistan,PAK,2012,10.09929489639
Pakistan,PAK,2013,10.2598060033349
Pakistan,PAK,2014,10.0273763648972
Pakistan,PAK,2015,9.78896258049987
Pakistan,PAK,2016,10.6089558490806
Pakistan,PAK,2017,10.7537407933813
Pakistan,PAK,2018,10.9936256389097
Pakistan,PAK,2019,10.7497531702128
Pakistan,PAK,2020,11.7888005549132
Pakistan,PAK,2021,10.9295676776143
Pakistan,PAK,2022,10.4918852190112
Peru,PER,2000,11.4506268550924
Peru,PER,2001,11.7171706103755
Peru,PER,2002,11.165025870435
Peru,PER,2003,11.518716629881
Peru,PER,2004,11.2562792024042
Peru,PER,2005,11.444512241325
Peru,PER,2006,10.9166950883829
Peru,PER,2007,10.455030294689
Peru,PER,2008,10.3708617908307
Peru,PER,2009,11.466355995307
Peru,PER,2010,10.5258359246036
Peru,PER,2011,10.3623514688753
Peru,PER,2012,10.8712123448481
Peru,PER,2013,11.5009309068431
Peru,PER,2014,12.4020903759554
Peru,PER,2015,12.9655733799238
Peru,PER,2016,13.1636888035228
Peru,PER,2017,13.2122751962604
Peru,PER,2018,13.0774424949562
Peru,PER,2019,13.2443725852511
Peru,PER,2020,15.8181030380089
Peru,PER,2021,13.748263849359
Peru,PER,2022,13.3719583340826
Philippines,PHL,2000,11.0626851324126
Philippines,PHL,2001,10.7417462290286
Philippines,PHL,2002,10.2700352921327
Philippines,PHL,2003,9.9312133049276
Philippines,PHL,2004,9.14092435931005
Philippines,PHL,2005,8.86518555137411
Philippines,PHL,2006,9.0668958337076
Philippines,PHL,2007,9.2315823420547
Philippines,PHL,2008,8.81443285008608
Philippines,PHL,2009,9.82659857784527
Philippines,PHL,2010,9.72039517748043
Philippines,PHL,2011,9.71363217988677
Philippines,PHL,2012,10.7921471084291
Philippines,PHL,2013,10.8169550187303
Philippines,PHL,2014,10.5611726819327
Philippines,PHL,2015,10.9116416619222
Philippines,PHL,2016,11.2579676046192
Philippines,PHL,2017,11.3233663057922
Philippines,PHL,2018,12.0427836520158
Philippines,PHL,2019,12.4677544301621
Philippines,PHL,2020,15.2614545873485
Philippines,PHL,2021,15.5791947083897
Philippines,PHL,2022,15.0436742203408
Romania,ROU,2000,16.8590050338122
Romania,ROU,2001,15.7967278693328
Romania,ROU,2002,14.8243105242938
Romania,ROU,2003,16.0448025610991
Romania,ROU,2004,14.7275942495003
Romania,ROU,2005,16.2399747055988
Romania,ROU,2006,15.9232658405555
Romania,ROU,2007,15.3905496262431
Romania,ROU,2008,15.8802915132391
Romania,ROU,2009,16.1008182783231
Romania,ROU,2010,15.0223287183306
Romania,ROU,2011,13.5263054824729
Romania,ROU,2012,13.7701345444659
Romania,ROU,2013,14.2828758426557
Romania,ROU,2014,14.1783362360873
Romania,ROU,2015,13.9413929099012
Romania,ROU,2016,15.3089409783507
Romania,ROU,2017,15.6975535819589
Romania,ROU,2018,16.7812193543903
Romania,ROU,2019,17.5618884357099
Romania,ROU,2020,18.9067914550591
Romania,ROU,2021,17.8253216010134
Romania,ROU,2022,16.7357875418331
Russia,RUS,2000,15.0910673022865
Russia,RUS,2001,16.4352485867408
Russia,RUS,2002,17.9345367249896
Russia,RUS,2003,17.9160971829737
Russia,RUS,2004,16.9716779694334
Russia,RUS,2005,16.8715389431499
Russia,RUS,2006,17.3881375511313
Russia,RUS,2007,17.2975342859138
Russia,RUS,2008,17.830576085536
Russia,RUS,2009,20.7865966596139
Russia,RUS,2010,18.7250554156357
Russia,RUS,2011,17.6255115280966
Russia,RUS,2012,17.9672380527257
Russia,RUS,2013,18.675302148229
Russia,RUS,2014,18.0273313931418
Russia,RUS,2015,17.7653892166562
Russia,RUS,2016,18.4659193773134
Russia,RUS,2017,18.2168086477823
Russia,RUS,2018,17.7103783204011
Russia,RUS,2019,18.1013664111203
Russia,RUS,2020,19.9710007886076
Russia,RUS,2021,17.1189178643982
Russia,RUS,2022,17.1770682334463
Serbia,SRB,2000,23.4730982741147
Serbia,SRB,2001,26.4868005400533
Serbia,SRB,2002,27.7466484558618
Serbia,SRB,2003,27.8510120859119
Serbia,SRB,2004,24.6944271037774
Serbia,SRB,2005,21.1937569867077
Serbia,SRB,2006,21.1748219795586
Serbia,SRB,2007,22.492822032131
Serbia,SRB,2008,21.998459040303
Serbia,SRB,2009,21.4167329696
Serbia,SRB,2010,21.2839315255668
Serbia,SRB,2011,20.9398727490957
Serbia,SRB,2012,21.4856358559922
Serbia,SRB,2013,20.1032369350754
Serbia,SRB,2014,19.8535654361421
Serbia,SRB,2015,18.2577533473438
Serbia,SRB,2016,17.4876963346774
Serbia,SRB,2017,17.5131315634351
Serbia,SRB,2018,17.9956413715916
Serbia,SRB,2019,18.3652144119898
Serbia,SRB,2020,19.3837021106122
Serbia,SRB,2021,18.7648402743056
Serbia,SRB,2022,18.3561376319038
Singapore,SGP,2000,10.5041646441155
Singapore,SGP,2001,11.6099265565097
Singapore,SGP,2002,11.8403288872956
Singapore,SGP,2003,11.4140839970397
Singapore,SGP,2004,10.318670184588
Singapore,SGP,2005,9.89714323321879
Singapore,SGP,2006,9.90693550272105
Singapore,SGP,2007,9.13612734398836
Singapore,SGP,2008,10.1132139112862
Singapore,SGP,2009,9.92997384864082
Singapore,SGP,2010,9.691568385966
Singapore,SGP,2011,9.23684263701949
Singapore,SGP,2012,8.85786688468844
Singapore,SGP,2013,9.74421772737465
Singapore,SGP,2014,9.6310320219758
Singapore,SGP,2015,10.1909083158792
Singapore,SGP,2016,10.2576138127266
Singapore,SGP,2017,10.190345231475
Singapore,SGP,2018,9.97069646498693
Singapore,SGP,2019,10.2489840580652
Singapore,SGP,2020,12.234764636861
Singapore,SGP,2021,10.6041701137561
Singapore,SGP,2022,9.44642437237934
Slovakia,SVK,2000,20.7617345907303
Slovakia,SVK,2001,20.9303072591013
Slovakia,SVK,2002,20.4103009831873
Slovakia,SVK,2003,20.8461836926193
Slovakia,SVK,2004,18.9037166727334
Slovakia,SVK,2005,18.5595916579985
Slovakia,SVK,2006,18.7732945323312
Slovakia,SVK,2007,17.1378008512126
Slovakia,SVK,2008,17.5418458706665
Slovakia,SVK,2009,20.0059445657921
Slovakia,SVK,2010,19.2064841969329
Slovakia,SVK,2011,18.3560850522368
Slovakia,SVK,2012,17.8032795774858
Slovakia,SVK,2013,18.0395982882231
Slovakia,SVK,2014,18.3081999887673
Slovakia,SVK,2015,18.4916159434894
Slovakia,SVK,2016,18.7978158666459
Slovakia,SVK,2017,18.8324415253841
Slovakia,SVK,2018,18.5660492970595
Slovakia,SVK,2019,19.5594607255757
Slovakia,SVK,2020,20.7560453692276
Slovakia,SVK,2021,20.7826181895702
Slovakia,SVK,2022,20.4931244131827
South Korea,KOR,2000,10.9000077343983
South Korea,KOR,2001,11.7550489638714
South Korea,KOR,2002,11.741640206779
South Korea,KOR,2003,12.1520483898897
South Korea,KOR,2004,12.387323224273
South Korea,KOR,2005,12.8622573470846
South Korea,KOR,2006,13.3706443357533
South Korea,KOR,2007,13.4428696211902
South Korea,KOR,2008,14.0485688776759
South Korea,KOR,2009,14.6606327784091
South Korea,KOR,2010,14.2048320776355
South Korea,KOR,2011,14.3726584614481
South Korea,KOR,2012,14.6858638852522
South Korea,KOR,2013,14.9765418097358
South Korea,KOR,2014,15.2252223373693
South Korea,KOR,2015,15.0835297322035
South Korea,KOR,2016,15.2400223440118
South Korea,KOR,2017,15.4189724650817
South Korea,KOR,2018,16.0517273115489
South Korea,KOR,2019,17.0778656523485
South Korea,KOR,2020,18.0393452718884
South Korea,KOR,2021,18.1598006151817
South Korea,KOR,2022,18.7672078009638
Tajikistan,TJK,2000,8.290675547098
Tajikistan,TJK,2001,8.65901006318746
Tajikistan,TJK,2002,8.59882677095369
Tajikistan,TJK,2003,8.26426891250473
Tajikistan,TJK,2004,11.784735621747
Tajikistan,TJK,2005,14.600505092554
Tajikistan,TJK,2006,11.1042077298826
Tajikistan,TJK,2007,8.90397051013714
Tajikistan,TJK,2008,9.33359688258881
Tajikistan,TJK,2009,12.4623700220569
Tajikistan,TJK,2010,11.3267036600815
Tajikistan,TJK,2011,13.6533083259342
Tajikistan,TJK,2012,12.8418194236667
Tajikistan,TJK,2013,13.2973252306821
Tajikistan,TJK,2014,14.0398407791244
Tajikistan,TJK,2015,11.5589531129237
Tajikistan,TJK,2016,11.7568255694895
Tajikistan,TJK,2017,11.3864820445011
Tajikistan,TJK,2018,11.2210663784563
Tajikistan,TJK,2019,11.154496661602
Tajikistan,TJK,2020,11.5680045927562
Tajikistan,TJK,2021,10.8842527872508
Tajikistan,TJK,2022,10.1350716735332
Thailand,THA,2000,13.575965221645
Thailand,THA,2001,13.4744970113195
Thailand,THA,2002,13.1723845314163
Thailand,THA,2003,12.9255475002545
Thailand,THA,2004,13.1136902414944
Thailand,THA,2005,13.6536233728387
Thailand,THA,2006,13.5022624455935
Thailand,THA,2007,13.9259484673327
Thailand,THA,2008,14.3419509919152
Thailand,THA,2009,15.9800519057133
Thailand,THA,2010,15.8008150334771
Thailand,THA,2011,16.1417809611223
Thailand,THA,2012,16.3529827045331
Thailand,THA,2013,16.3634854486488
Thailand,THA,2014,16.9163611055347
Thailand,THA,2015,17.1211512659094
Thailand,THA,2016,16.8651827576018
Thailand,THA,2017,16.2984037874409
Thailand,THA,2018,16.1739664282364
Thailand,THA,2019,16.1693520358071
Thailand,THA,2020,17.7948874074302
Thailand,THA,2021,18.2313164483352
Thailand,THA,2022,17.7225759098493
Tunisia,TUN,2000,16.6711966677312
Tunisia,TUN,2001,16.5716427689439
Tunisia,TUN,2002,17.2267272926215
Tunisia,TUN,2003,17.2011579387785
Tunisia,TUN,2004,16.9223837171878
Tunisia,TUN,2005,16.9193475197631
Tunisia,TUN,2006,16.7089924425542
Tunisia,TUN,2007,16.6410973738832
Tunisia,TUN,2008,16.1325922870397
Tunisia,TUN,2009,16.6311616777897
Tunisia,TUN,2010,15.153644726139
Tunisia,TUN,2011,16.431096340513
Tunisia,TUN,2012,16.656985085655
Tunisia,TUN,2013,17.302761665394
Tunisia,TUN,2014,17.3282152950605
Tunisia,TUN,2015,17.9055746963883
Tunisia,TUN,2016,18.7192573165881
Tunisia,TUN,2017,19.1243144155316
Tunisia,TUN,2018,18.388200255785
Tunisia,TUN,2019,18.8168916957322
Tunisia,TUN,2020,21.635603056348
Tunisia,TUN,2021,20.9226130868384
Tunisia,TUN,2022,20.6045990447615
Turkey,TUR,2000,11.9286571832367
Turkey,TUR,2001,12.6459211374445
Turkey,TUR,2002,12.8356659945561
Turkey,TUR,2003,12.5904188496292
Turkey,TUR,2004,12.3152005185156
Turkey,TUR,2005,12.1859748260976
Turkey,TUR,2006,12.9075276945864
Turkey,TUR,2007,13.3896904738982
Turkey,TUR,2008,13.59629253992
Turkey,TUR,2009,15.6578594189573
Turkey,TUR,2010,14.8745579054521
Turkey,TUR,2011,13.6003551694441
Turkey,TUR,2012,14.1261228924037
Turkey,TUR,2013,14.0183847134034
Turkey,TUR,2014,14.0199797535656
Turkey,TUR,2015,13.805172456767
Turkey,TUR,2016,14.7332129738232
Turkey,TUR,2017,14.3802554180994
Turkey,TUR,2018,14.508891929547
Turkey,TUR,2019,15.2709486844521
Turkey,TUR,2020,14.9935118819125
Turkey,TUR,2021,12.945413768371
Turkey,TUR,2022,11.65321282642
Ukraine,UKR,2000,17.8966433502907
Ukraine,UKR,2001,18.9037528116491
Ukraine,UKR,2002,17.6870050995567
Ukraine,UKR,2003,18.2398009770871
Ukraine,UKR,2004,16.8907882666189
Ukraine,UKR,2005,17.5271415295468
Ukraine,UKR,2006,17.6479333401768
Ukraine,UKR,2007,17.0338141354216
Ukraine,UKR,2008,16.9735340157991
Ukraine,UKR,2009,19.4404260845876
Ukraine,UKR,2010,19.6666919510791
Ukraine,UKR,2011,17.6915870255815
Ukraine,UKR,2012,18.9399463777572
Ukraine,UKR,2013,18.8979527234302
Ukraine,UKR,2014,18.6657760497569
Ukraine,UKR,2015,18.9241475169772
Ukraine,UKR,2016,18.602043207607
Ukraine,UKR,2017,20.6834635537649
Ukraine,UKR,2018,20.7717491381349
Ukraine,UKR,2019,18.7805334308224
Ukraine,UKR,2020,19.2950967142315
Ukraine,UKR,2021,17.7421719075322
Ukraine,UKR,2022,39.8363540094756
United Kingdom,GBR,2000,16.6408964053665
United Kingdom,GBR,2001,17.2634986279976
United Kingdom,GBR,2002,18.1387381141628
United Kingdom,GBR,2003,18.8381622049472
United Kingdom,GBR,2004,19.4000319059576
United Kingdom,GBR,2005,19.5974402841396
United Kingdom,GBR,2006,19.7937824974627
United Kingdom,GBR,2007,19.6826827273981
United Kingdom,GBR,2008,20.3799573293173
United Kingdom,GBR,2009,21.9893181956118
United Kingdom,GBR,2010,21.529660508544
United Kingdom,GBR,2011,20.8962522329618
United Kingdom,GBR,2012,20.7376372383973
United Kingdom,GBR,2013,20.1291035337587
United Kingdom,GBR,2014,19.8662130861835
United Kingdom,GBR,2015,19.5485300693835
United Kingdom,GBR,2016,19.21828438301
United Kingdom,GBR,2017,18.6593209449109
United Kingdom,GBR,2018,18.5412934232339
United Kingdom,GBR,2019,19.0961094864142
United Kingdom,GBR,2020,22.6109420267119
United Kingdom,GBR,2021,22.259385665529
United Kingdom,GBR,2022,20.8275082448421
United States,USA,2000,14.0239462637226
United States,USA,2001,14.535639012509
United States,USA,2002,15.0590423298955
United States,USA,2003,15.243622588149
United States,USA,2004,15.1583063740649
United States,USA,2005,15.0471459247069
United States,USA,2006,15.0044554761098
United States,USA,2007,15.1892867792327
United States,USA,2008,15.9340689845308
United States,USA,2009,16.8076926291334
United States,USA,2010,16.6858385201221
United States,USA,2011,16.0984239985661
United States,USA,2012,15.4758437477121
United States,USA,2013,14.9919585599706
United States,USA,2014,14.5516578754664
United States,USA,2015,14.2333167295426
United States,USA,2016,14.1100041249858
United States,USA,2017,13.8471337748498
United States,USA,2018,13.8442126445718
United States,USA,2019,13.9835585749329
United States,USA,2020,14.8957448696632
United States,USA,2021,14.2530325041781
United States,USA,2022,13.7137950311865
Uruguay,URY,2000,12.3560487504224
Uruguay,URY,2001,12.4920421206891
Uruguay,URY,2002,12.3477943480481
Uruguay,URY,2003,11.9890885893952
Uruguay,URY,2004,11.0050185738234
Uruguay,URY,2005,10.9354580037111
Uruguay,URY,2006,11.2852638649094
Uruguay,URY,2007,11.4801831825683
Uruguay,URY,2008,12.2130864916131
Uruguay,URY,2009,12.9437940671953
Uruguay,URY,2010,12.64589594908
Uruguay,URY,2011,12.7604586461063
Uruguay,URY,2012,13.273834491652
Uruguay,URY,2013,13.5224297817283
Uruguay,URY,2014,13.6963930072559
Uruguay,URY,2015,13.8358099973704
Uruguay,URY,2016,
Uruguay,URY,2017,
Uruguay,URY,2018,
Uruguay,URY,2019,
Uruguay,URY,2020,
Uruguay,URY,2021,
Uruguay,URY,2022,
Uzbekistan,UZB,2000,18.6999938567392
Uzbekistan,UZB,2001,18.5000101516659
Uzbekistan,UZB,2002,18.0
Uzbekistan,UZB,2003,17.4
Uzbekistan,UZB,2004,16.2
Uzbekistan,UZB,2005,15.9000025120263
Uzbekistan,UZB,2006,15.2980605825353
Uzbekistan,UZB,2007,15.6090812344803
Uzbekistan,UZB,2008,15.9284882139503
Uzbekistan,UZB,2009,15.4712044005541
Uzbekistan,UZB,2010,12.5052768290409
Uzbekistan,UZB,2011,11.968475506037
Uzbekistan,UZB,2012,12.3643881888673
Uzbekistan,UZB,2013,13.3203912370917
Uzbekistan,UZB,2014,13.2451945912566
Uzbekistan,UZB,2015,13.616882159228
Uzbekistan,UZB,2016,14.1399705792795
Uzbekistan,UZB,2017,11.2974060135322
Uzbekistan,UZB,2018,12.101171076451
Uzbekistan,UZB,2019,14.4693873139304
Uzbekistan,UZB,2020,14.6422818278123
Uzbekistan,UZB,2021,14.9259640726969
Uzbekistan,UZB,2022,14.9774337437257
Vietnam,VNM,2000,6.41826259040046
Vietnam,VNM,2001,6.3293821876396
Vietnam,VNM,2002,6.2322449147196
Vietnam,VNM,2003,6.32006559696663
Vietnam,VNM,2004,6.39096220224323
Vietnam,VNM,2005,5.46520189802856
Vietnam,VNM,2006,5.53277472411016
Vietnam,VNM,2007,5.55411627975992
Vietnam,VNM,2008,5.62508392392053
Vietnam,VNM,2009,5.77840741696787
Vietnam,VNM,2010,10.3833082456975
Vietnam,VNM,2011,9.98091727618537
Vietnam,VNM,2012,10.445186289729
Vietnam,VNM,2013,10.9161669772085
Vietnam,VNM,2014,10.3174617549842
Vietnam,VNM,2015,10.6549127142467
Vietnam,VNM,2016,10.3983766667533
Vietnam,VNM,2017,10.1349272840903
Vietnam,VNM,2018,9.74588913320778
Vietnam,VNM,2019,9.57883636827111
Vietnam,VNM,2020,9.47881328344626
Vietnam,VNM,2021,9.58508554643707
Vietnam,VNM,2022,8.93413828406753
