ISO3,Year,income_level,HEP,HEE,Region,Country
ARG,2022,Upper middle income,0.7048840332311552,0.2581133972852896,LATAM,Argentina
ARG,2021,Upper middle income,0.691945230955641,0.2545682530338936,LATAM,Argentina
ARG,2020,Upper middle income,0.70344597325264,0.2393376785825559,LATAM,Argentina
ARG,2019,Upper middle income,0.7236282512066529,0.2613694572784294,LATAM,Argentina
ARG,2018,Upper middle income,0.7219365853470151,0.2563653973413241,LATAM,Argentina
ARG,2017,Upper middle income,0.7181625917539872,0.2435753818689806,LATAM,Argentina
ARG,2016,Upper middle income,0.69897812539545,0.2400551422842513,LATAM,Argentina
ARG,2015,Upper middle income,0.7013033544546418,0.2316706692633391,LATAM,Argentina
ARG,2014,Upper middle income,0.6978406907813468,0.2459317958669178,LATAM,Argentina
ARG,2013,Upper middle income,0.6932056792568263,0.2412619136574035,LATAM,Argentina
ARG,2012,Upper middle income,0.6897626056903795,0.2413274283603343,LATAM,Argentina
ARG,2011,Upper middle income,0.6886861076692153,0.2476962567658542,LATAM,Argentina
ARG,2010,Upper middle income,0.6826172223059918,0.2511431004880871,LATAM,Argentina
ARG,2009,Upper middle income,0.6797090983903141,0.2388789041461724,LATAM,Argentina
ARG,2008,Upper middle income,0.6751279087493002,0.272607280464466,LATAM,Argentina
ARG,2007,Upper middle income,0.6676229033117225,0.2867804758155453,LATAM,Argentina
ARG,2006,Upper middle income,0.6677414769967744,0.3014270409635618,LATAM,Argentina
ARG,2005,Upper middle income,0.6646155055372197,0.3098892280584088,LATAM,Argentina
ARG,2004,Upper middle income,0.6591426296668351,0.3307567559205351,LATAM,Argentina
ARG,2003,Upper middle income,0.6523067174756415,0.3341281171772435,LATAM,Argentina
ARG,2002,Upper middle income,0.6410479158260518,0.2982724977010711,LATAM,Argentina
ARG,2001,Upper middle income,0.6287000370190203,0.2511140350406763,LATAM,Argentina
ARG,2000,Upper middle income,0.6244314163207646,0.2582974846582646,LATAM,Argentina
ARM,2022,Upper middle income,0.7304257137328741,0.3354075463348306,EMEA,Armenia
ARM,2021,Upper middle income,0.7127542395634315,0.2724159513442893,EMEA,Armenia
ARM,2020,Upper middle income,0.718483671549539,0.277599459840578,EMEA,Armenia
ARM,2019,Upper middle income,0.735279240689088,0.3038197270054601,EMEA,Armenia
ARM,2018,Upper middle income,0.7290319578646773,0.3428320586134281,EMEA,Armenia
ARM,2017,Upper middle income,0.724149028141743,0.3157140622839823,EMEA,Armenia
ARM,2016,Upper middle income,0.7302570811924181,0.3257779472982048,EMEA,Armenia
ARM,2015,Upper middle income,0.7263632409545931,0.3186702134391544,EMEA,Armenia
ARM,2014,Upper middle income,0.722952065250062,0.3360173689617376,EMEA,Armenia
ARM,2013,Upper middle income,0.7175837909944349,0.3156427685451859,EMEA,Armenia
ARM,2012,Upper middle income,0.7105369853743347,0.3356823195387133,EMEA,Armenia
ARM,2011,Upper middle income,0.7045641412591259,0.3137093066990497,EMEA,Armenia
ARM,2010,Upper middle income,0.6967975814341083,0.3097301651848275,EMEA,Armenia
ARM,2009,Upper middle income,0.6926650617443335,0.3050277842666085,EMEA,Armenia
ARM,2008,Upper middle income,0.6889383970846247,0.3778806534875571,EMEA,Armenia
ARM,2007,Upper middle income,0.6836130924380871,0.4256615200552848,EMEA,Armenia
ARM,2006,Upper middle income,0.6792981541503916,0.4281056121821083,EMEA,Armenia
ARM,2005,Upper middle income,0.6764629836219821,0.4260675764954193,EMEA,Armenia
ARM,2004,Upper middle income,0.6716233961177519,0.429796906910695,EMEA,Armenia
ARM,2003,Upper middle income,0.6657734324995458,0.4022146266581388,EMEA,Armenia
ARM,2002,Upper middle income,0.6609974108759631,0.3840712068611508,EMEA,Armenia
ARM,2001,Upper middle income,0.6569531689143309,0.4913737042472192,EMEA,Armenia
ARM,2000,Upper middle income,0.6526828627565702,0.4867606167853359,EMEA,Armenia
AUS,2022,High income,0.8993743796756167,0.3167185799562614,APAC,Australia
AUS,2021,High income,0.8982866010028048,0.3046026026862991,APAC,Australia
AUS,2020,High income,0.8948870179125028,0.298587532524774,APAC,Australia
AUS,2019,High income,0.8992083108564987,0.3039104184235559,APAC,Australia
AUS,2018,High income,0.8962469176441293,0.3080788864496281,APAC,Australia
AUS,2017,High income,0.8916095472089998,0.3077742950604548,APAC,Australia
AUS,2016,High income,0.9031878106001012,0.3092871228426064,APAC,Australia
AUS,2015,High income,0.9006485296288548,0.306197606815767,APAC,Australia
AUS,2014,High income,0.8981572331648352,0.3118188308014866,APAC,Australia
AUS,2013,High income,0.8939579970398677,0.327356451021533,APAC,Australia
AUS,2012,High income,0.8984741010169538,0.3292630773909088,APAC,Australia
AUS,2011,High income,0.8934272273500936,0.3171242993727792,APAC,Australia
AUS,2010,High income,0.8898103532195241,0.3138941797112342,APAC,Australia
AUS,2009,High income,0.887494917147603,0.3325477316463772,APAC,Australia
AUS,2008,High income,0.885000674621923,0.3538820499058051,APAC,Australia
AUS,2007,High income,0.8795665416460179,0.3536973923552263,APAC,Australia
AUS,2006,High income,0.8759976520226753,0.3473773172607138,APAC,Australia
AUS,2005,High income,0.8726431073779395,0.3425578562452671,APAC,Australia
AUS,2004,High income,0.8695160392869605,0.3414484892710383,APAC,Australia
AUS,2003,High income,0.8664801646151107,0.3428859819810277,APAC,Australia
AUS,2002,High income,0.863364379055348,0.3397478317522898,APAC,Australia
AUS,2001,High income,0.8599862542546163,0.3454296367745675,APAC,Australia
AUS,2000,High income,0.8559562997003844,0.3623365770062007,APAC,Australia
BGD,2022,Lower middle income,0.529976424086517,0.6654614579471613,APAC,Bangladesh
BGD,2021,Lower middle income,0.5085873340373024,0.618841043226902,APAC,Bangladesh
BGD,2020,Lower middle income,0.5157109020151565,0.6521946093983142,APAC,Bangladesh
BGD,2019,Lower middle income,0.5117130786557538,0.6662402262814419,APAC,Bangladesh
BGD,2018,Lower middle income,0.5028696984759252,0.6522317485167739,APAC,Bangladesh
BGD,2017,Lower middle income,0.4939054051457145,0.5973487741166095,APAC,Bangladesh
BGD,2016,Lower middle income,0.4840879557696817,0.5253385493500795,APAC,Bangladesh
BGD,2015,Lower middle income,0.474519576708438,0.5806129158877757,APAC,Bangladesh
BGD,2014,Lower middle income,0.4517176223179732,0.5168115458215294,APAC,Bangladesh
BGD,2013,Lower middle income,0.4422365144220717,0.5239373924366975,APAC,Bangladesh
BGD,2012,Lower middle income,0.4399190015019515,0.503929885448864,APAC,Bangladesh
BGD,2011,Lower middle income,0.4312837784052999,0.4814722132074596,APAC,Bangladesh
BGD,2010,Lower middle income,0.4225141017076855,0.5052275745366092,APAC,Bangladesh
BGD,2009,Lower middle income,0.4137978766497002,0.5047478541954328,APAC,Bangladesh
BGD,2008,Lower middle income,0.4045703555299536,0.4827809540257572,APAC,Bangladesh
BGD,2007,Lower middle income,0.3943522263344272,0.4467223351738802,APAC,Bangladesh
BGD,2006,Lower middle income,0.3848054127508516,0.4501036676369621,APAC,Bangladesh
BGD,2005,Lower middle income,0.3741343736985846,0.467415349632468,APAC,Bangladesh
BGD,2004,Lower middle income,0.3622888159484239,0.458027893679385,APAC,Bangladesh
BGD,2003,Lower middle income,0.3500005294286809,0.4284304738018453,APAC,Bangladesh
BGD,2002,Lower middle income,0.3366998377256544,0.4209821391046527,APAC,Bangladesh
BGD,2001,Lower middle income,0.3222246331778148,0.3966449107395246,APAC,Bangladesh
BGD,2000,Lower middle income,0.3063067399570097,0.3800116592068721,APAC,Bangladesh
BRA,2022,Upper middle income,0.6381927520111973,0.2289210728917708,LATAM,Brazil
BRA,2021,Upper middle income,0.6256766341404043,0.2183566464200935,LATAM,Brazil
BRA,2020,Upper middle income,0.6322736449065872,0.2157335652629327,LATAM,Brazil
BRA,2019,Upper middle income,0.6328291819707392,0.2125994221594696,LATAM,Brazil
BRA,2018,Upper middle income,0.6285467484865302,0.2106499647445275,LATAM,Brazil
BRA,2017,Upper middle income,0.6237240221883305,0.2050443887971763,LATAM,Brazil
BRA,2016,Upper middle income,0.6217292904640096,0.2077394028945609,LATAM,Brazil
BRA,2015,Upper middle income,0.619965033132597,0.2112973673347045,LATAM,Brazil
BRA,2014,Upper middle income,0.6147508580136308,0.2210075166546634,LATAM,Brazil
BRA,2013,Upper middle income,0.610515784542042,0.2270696175131199,LATAM,Brazil
BRA,2012,Upper middle income,0.6062700291439409,0.2283565058178894,LATAM,Brazil
BRA,2011,Upper middle income,0.5989369662957159,0.2273753926141342,LATAM,Brazil
BRA,2010,Upper middle income,0.5927736950577172,0.2247902338880424,LATAM,Brazil
BRA,2009,Upper middle income,0.586639830622928,0.2203671391147319,LATAM,Brazil
BRA,2008,Upper middle income,0.5800160549829363,0.2271028949687555,LATAM,Brazil
BRA,2007,Upper middle income,0.5715303801362636,0.2275663379573995,LATAM,Brazil
BRA,2006,Upper middle income,0.5622331560058615,0.225479825543457,LATAM,Brazil
BRA,2005,Upper middle income,0.5524059319405349,0.2337140214371463,LATAM,Brazil
BRA,2004,Upper middle income,0.5422696082046987,0.2406235217213481,LATAM,Brazil
BRA,2003,Upper middle income,0.5316951723356437,0.2407419659618654,LATAM,Brazil
BRA,2002,Upper middle income,0.5207848914659958,0.2275802671379264,LATAM,Brazil
BRA,2001,Upper middle income,0.5098310358916097,0.2227880632521673,LATAM,Brazil
BRA,2000,Upper middle income,0.4990107899060275,0.2188397222750029,LATAM,Brazil
CAN,2022,High income,0.9192475801603712,0.3303455385239076,NA,Canada
CAN,2021,High income,0.9210613507368084,0.2953475646163201,NA,Canada
CAN,2020,High income,0.920637284954777,0.2834585738790294,NA,Canada
CAN,2019,High income,0.9268252358253398,0.3184033047415003,NA,Canada
CAN,2018,High income,0.9239078270991242,0.3162782574038236,NA,Canada
CAN,2017,High income,0.9233516585763668,0.3143604711108859,NA,Canada
CAN,2016,High income,0.9303729635526088,0.3184180418871626,NA,Canada
CAN,2015,High income,0.9286846212979656,0.3250591362220726,NA,Canada
CAN,2014,High income,0.9277442362306646,0.3305493344443935,NA,Canada
CAN,2013,High income,0.9265545586628042,0.3346971666094163,NA,Canada
CAN,2012,High income,0.9253485450205172,0.3292712657653018,NA,Canada
CAN,2011,High income,0.9232136860201924,0.3152094668109271,NA,Canada
CAN,2010,High income,0.9209425716057648,0.3071305077493605,NA,Canada
CAN,2009,High income,0.9182949743986784,0.3198474855126231,NA,Canada
CAN,2008,High income,0.91481467959996,0.346034640836416,NA,Canada
CAN,2007,High income,0.9126690063259756,0.3439965217096595,NA,Canada
CAN,2006,High income,0.911470183950448,0.3456798969695853,NA,Canada
CAN,2005,High income,0.9060152843810924,0.3496490064939101,NA,Canada
CAN,2004,High income,0.9023725656078466,0.3402709866613333,NA,Canada
CAN,2003,High income,0.8979459582520865,0.3397163036521987,NA,Canada
CAN,2002,High income,0.8941386076969069,0.3414047921265143,NA,Canada
CAN,2001,High income,0.8906767372515243,0.3462000453936829,NA,Canada
CAN,2000,High income,0.8857370677712539,0.3368884147211416,NA,Canada
CHL,2022,High income,0.7762605356992889,0.27626655156765,LATAM,Chile
CHL,2021,High income,0.7745184286990339,0.281562556619763,LATAM,Chile
CHL,2020,High income,0.7739143537144532,0.2662843688284473,LATAM,Chile
CHL,2019,High income,0.7891533522876621,0.2774605647509839,LATAM,Chile
CHL,2018,High income,0.7865448991928956,0.2826099617161229,LATAM,Chile
CHL,2017,High income,0.783258243901212,0.2833951981509776,LATAM,Chile
CHL,2016,High income,0.7662783248110819,0.287661381397672,LATAM,Chile
CHL,2015,High income,0.7608792234452348,0.3022135472517437,LATAM,Chile
CHL,2014,High income,0.7559514331502893,0.3149590807615731,LATAM,Chile
CHL,2013,High income,0.7521612429401036,0.3280793103073404,LATAM,Chile
CHL,2012,High income,0.745109120213781,0.3545789561702997,LATAM,Chile
CHL,2011,High income,0.7400997699606265,0.3580857168987861,LATAM,Chile
CHL,2010,High income,0.7449435385722666,0.3544978014839884,LATAM,Chile
CHL,2009,High income,0.7458478457305242,0.3413332662657655,LATAM,Chile
CHL,2008,High income,0.7474621398565093,0.3754076949112183,LATAM,Chile
CHL,2007,High income,0.7409409138005629,0.4183951089908786,LATAM,Chile
CHL,2006,High income,0.7394304571549664,0.4345943498351813,LATAM,Chile
CHL,2005,High income,0.7379583169861804,0.3995316981095355,LATAM,Chile
CHL,2004,High income,0.7354955687416145,0.3758829226690638,LATAM,Chile
CHL,2003,High income,0.7299216040598803,0.3471669761359789,LATAM,Chile
CHL,2002,High income,0.7264104757264439,0.3413776202284989,LATAM,Chile
CHL,2001,High income,0.7206691549103864,0.3534921313378107,LATAM,Chile
CHL,2000,High income,0.7136450044983661,0.3526863540289947,LATAM,Chile
CHN,2022,Upper middle income,0.6988231572175617,0.381289935627081,APAC,China
CHN,2021,Upper middle income,0.6974682450890005,0.3818940382585158,APAC,China
CHN,2020,Upper middle income,0.6940827301075692,0.3615806976396191,APAC,China
CHN,2019,Upper middle income,0.6909411382680973,0.3758021261954538,APAC,China
CHN,2018,Upper middle income,0.6870462830553468,0.3814109962095479,APAC,China
CHN,2017,Upper middle income,0.694248343761759,0.3842689276853111,APAC,China
CHN,2016,Upper middle income,0.6906890618956084,0.3802360006452254,APAC,China
CHN,2015,Upper middle income,0.6856732287026468,0.3770025978671101,APAC,China
CHN,2014,Upper middle income,0.6802480740148712,0.3865140046116625,APAC,China
CHN,2013,Upper middle income,0.6745539083863077,0.3841270911131836,APAC,China
CHN,2012,Upper middle income,0.6689265612093344,0.3770773118661925,APAC,China
CHN,2011,Upper middle income,0.6623803414143208,0.4091841641571926,APAC,China
CHN,2010,Upper middle income,0.6564354564671878,0.4263056414690713,APAC,China
CHN,2009,Upper middle income,0.649370676191971,0.4044227844722957,APAC,China
CHN,2008,Upper middle income,0.6411549270690066,0.4258454061638597,APAC,China
CHN,2007,Upper middle income,0.6356167003459664,0.5120426024845691,APAC,China
CHN,2006,Upper middle income,0.6270131031731552,0.5137939810135752,APAC,China
CHN,2005,Upper middle income,0.6185881466883688,0.4972027100806014,APAC,China
CHN,2004,Upper middle income,0.6093779661948835,0.4826433739487674,APAC,China
CHN,2003,Upper middle income,0.5994876946700731,0.4675866263024864,APAC,China
CHN,2002,Upper middle income,0.5897996195365143,0.4619988292497689,APAC,China
CHN,2001,Upper middle income,0.5797957574244115,0.461520539486503,APAC,China
CHN,2000,Upper middle income,0.5696048262797683,0.4393977114995463,APAC,China
CYP,2022,High income,0.8634127937268887,0.3220641920019975,EMEA,Cyprus
CYP,2021,High income,0.8646038454512776,0.3114673501960726,EMEA,Cyprus
CYP,2020,High income,0.8669659316031245,0.3138727184302217,EMEA,Cyprus
CYP,2019,High income,0.8669017560299155,0.3624763571158285,EMEA,Cyprus
CYP,2018,High income,0.8662847724381979,0.3753554982872776,EMEA,Cyprus
CYP,2017,High income,0.8644576810006032,0.3540510269161783,EMEA,Cyprus
CYP,2016,High income,0.8226050408807553,0.3226763723265443,EMEA,Cyprus
CYP,2015,High income,0.8178450799562399,0.3124599048458784,EMEA,Cyprus
CYP,2014,High income,0.8171916378624816,0.3063375356534553,EMEA,Cyprus
CYP,2013,High income,0.8167956792775748,0.3049512734952452,EMEA,Cyprus
CYP,2012,High income,0.8141671654938691,0.3287860766752667,EMEA,Cyprus
CYP,2011,High income,0.8075934370425798,0.3090100014285626,EMEA,Cyprus
CYP,2010,High income,0.8028473760213127,0.3057736828007518,EMEA,Cyprus
CYP,2009,High income,0.7973560642760454,0.2860740524189308,EMEA,Cyprus
CYP,2008,High income,0.7940880083018299,0.3056884051287757,EMEA,Cyprus
CYP,2007,High income,0.7910858280269942,0.3315722523321665,EMEA,Cyprus
CYP,2006,High income,0.7837215228975888,0.324563969646181,EMEA,Cyprus
CYP,2005,High income,0.7763331519282299,0.3235248350471734,EMEA,Cyprus
CYP,2004,High income,0.7708860331231052,0.3275734909040091,EMEA,Cyprus
CYP,2003,High income,0.7662671619882104,0.3034346621199763,EMEA,Cyprus
CYP,2002,High income,0.7610452266751149,0.3375621726277781,EMEA,Cyprus
CYP,2001,High income,0.7529969968960964,0.359164109776129,EMEA,Cyprus
CYP,2000,High income,0.7468730456539923,0.3624507494838107,EMEA,Cyprus
CZE,2022,High income,0.8720970837447568,0.3402301326049091,EMEA,Czechia
CZE,2021,High income,0.8604273921429679,0.3227516908735617,EMEA,Czechia
CZE,2020,High income,0.8659684682900688,0.333133758790067,EMEA,Czechia
CZE,2019,High income,0.8810453693554494,0.3809281956023935,EMEA,Czechia
CZE,2018,High income,0.8786663381374779,0.3956392249821912,EMEA,Czechia
CZE,2017,High income,0.8769831879188106,0.4198568296083904,EMEA,Czechia
CZE,2016,High income,0.8627122204856563,0.3414119435940886,EMEA,Czechia
CZE,2015,High income,0.85834799507485,0.3344427477013791,EMEA,Czechia
CZE,2014,High income,0.859670935895642,0.3965103435807711,EMEA,Czechia
CZE,2013,High income,0.8545557275501685,0.3933555792671829,EMEA,Czechia
CZE,2012,High income,0.852064431086149,0.3819638280367628,EMEA,Czechia
CZE,2011,High income,0.8497363304370644,0.3816475037651282,EMEA,Czechia
CZE,2010,High income,0.8449146728550717,0.3878723835533642,EMEA,Czechia
CZE,2009,High income,0.8403872516293299,0.3894022156662979,EMEA,Czechia
CZE,2008,High income,0.8372271240771766,0.4381422056485662,EMEA,Czechia
CZE,2007,High income,0.8340484398245397,0.4421748118084654,EMEA,Czechia
CZE,2006,High income,0.8320596139772731,0.4160613663434622,EMEA,Czechia
CZE,2005,High income,0.8238451577099501,0.4232159605594598,EMEA,Czechia
CZE,2004,High income,0.8182869481719472,0.4134279885462305,EMEA,Czechia
CZE,2003,High income,0.8103984165365082,0.3977957782949692,EMEA,Czechia
CZE,2002,High income,0.8065350541048416,0.4149319953131423,EMEA,Czechia
CZE,2001,High income,0.8022658366431089,0.4362913049681806,EMEA,Czechia
CZE,2000,High income,0.7964290404082149,0.444770258113088,EMEA,Czechia
ECU,2022,Upper middle income,0.6702290799820401,0.3240111996596493,LATAM,Ecuador
ECU,2021,Upper middle income,0.6471015341637856,0.296008945816646,LATAM,Ecuador
ECU,2020,Upper middle income,0.6359612577412928,0.2641318353281258,LATAM,Ecuador
ECU,2019,Upper middle income,0.670402866189024,0.2952712178443347,LATAM,Ecuador
ECU,2018,Upper middle income,0.6692991537937087,0.2828020538511763,LATAM,Ecuador
ECU,2017,Upper middle income,0.6611818953494686,0.2854076119625253,LATAM,Ecuador
ECU,2016,Upper middle income,0.6152448251179704,0.2716627903937022,LATAM,Ecuador
ECU,2015,Upper middle income,0.615245836094051,0.2485211851668833,LATAM,Ecuador
ECU,2014,Upper middle income,0.6067594995116415,0.2588641122100671,LATAM,Ecuador
ECU,2013,Upper middle income,0.6017552342184949,0.2642731175563999,LATAM,Ecuador
ECU,2012,Upper middle income,0.5941625228678306,0.2670817351860632,LATAM,Ecuador
ECU,2011,Upper middle income,0.5865680587745237,0.2661271959236424,LATAM,Ecuador
ECU,2010,Upper middle income,0.5836212693561502,0.2741933869025157,LATAM,Ecuador
ECU,2009,Upper middle income,0.5777212558447382,0.280633289462124,LATAM,Ecuador
ECU,2008,Upper middle income,0.5744070074074489,0.4938321607547061,LATAM,Ecuador
ECU,2007,Upper middle income,0.569148455578653,0.4869778897865479,LATAM,Ecuador
ECU,2006,Upper middle income,0.5647557184954749,0.4652191672901228,LATAM,Ecuador
ECU,2005,Upper middle income,0.5611313487319644,0.4668938840625672,LATAM,Ecuador
ECU,2004,Upper middle income,0.5576455445839448,0.4626344249275309,LATAM,Ecuador
ECU,2003,Upper middle income,0.5528568508668867,0.4640565836138444,LATAM,Ecuador
ECU,2002,Upper middle income,0.5465180615516132,0.5266794011664596,LATAM,Ecuador
ECU,2001,Upper middle income,0.5385571038606599,0.5855287003210726,LATAM,Ecuador
ECU,2000,Upper middle income,0.5313444632714329,0.6304491890141799,LATAM,Ecuador
EGY,2022,Lower middle income,0.5823787191719384,0.3414706812621732,EMEA,Egypt
EGY,2021,Lower middle income,0.5674769923670825,0.3356654323048173,EMEA,Egypt
EGY,2020,Lower middle income,0.5658168409610497,0.3494830543181184,EMEA,Egypt
EGY,2019,Lower middle income,0.5683800803766975,0.3365149718072593,EMEA,Egypt
EGY,2018,Lower middle income,0.5597264266283449,0.3268476111944706,EMEA,Egypt
EGY,2017,Lower middle income,0.5510573035354633,0.3050586568120921,EMEA,Egypt
EGY,2016,Lower middle income,0.5826320026976823,0.3303526367925592,EMEA,Egypt
EGY,2015,Lower middle income,0.5741131672864783,0.3259025199831457,EMEA,Egypt
EGY,2014,Lower middle income,0.5658531558758232,0.3151912510192509,EMEA,Egypt
EGY,2013,Lower middle income,0.5572256741978527,0.318891532796789,EMEA,Egypt
EGY,2012,Lower middle income,0.5490774967297937,0.359195333816785,EMEA,Egypt
EGY,2011,Lower middle income,0.5405017061447022,0.3587250505247628,EMEA,Egypt
EGY,2010,Lower middle income,0.5321847395601597,0.3493248616793803,EMEA,Egypt
EGY,2009,Lower middle income,0.5235453123462273,0.3308069786913297,EMEA,Egypt
EGY,2008,Lower middle income,0.5152283438106577,0.3168091653033298,EMEA,Egypt
EGY,2007,Lower middle income,0.5067826748883267,0.315909664741382,EMEA,Egypt
EGY,2006,Lower middle income,0.4980746764801616,0.285504089457433,EMEA,Egypt
EGY,2005,Lower middle income,0.4938290953028132,0.2529791930202573,EMEA,Egypt
EGY,2004,Lower middle income,0.4890187547179134,0.2558388855708087,EMEA,Egypt
EGY,2003,Lower middle income,0.4840614279771143,0.2376733557896473,EMEA,Egypt
EGY,2002,Lower middle income,0.4780966247653428,0.2338043458718328,EMEA,Egypt
EGY,2001,Lower middle income,0.4716356411443599,0.2326183595192004,EMEA,Egypt
EGY,2000,Lower middle income,0.4640803221380074,0.2376930496268665,EMEA,Egypt
ETH,2022,Low income,0.3436025321448163,0.2513879387977199,EMEA,Ethiopia
ETH,2021,Low income,0.3297224089166322,0.2193196346350322,EMEA,Ethiopia
ETH,2020,Low income,0.3303565731442744,0.2127808445285099,EMEA,Ethiopia
ETH,2019,Low income,0.3352093543529482,0.2080595401544615,EMEA,Ethiopia
ETH,2018,Low income,0.3283479370301678,0.1821695389061212,EMEA,Ethiopia
ETH,2017,Low income,0.3205706714157134,0.1692093883604948,EMEA,Ethiopia
ETH,2016,Low income,0.3121204929920215,0.1724386950603289,EMEA,Ethiopia
ETH,2015,Low income,0.302063465580333,0.1617365851982153,EMEA,Ethiopia
ETH,2014,Low income,0.2911093704622154,0.1606554835018715,EMEA,Ethiopia
ETH,2013,Low income,0.2794804483937811,0.1530278280309822,EMEA,Ethiopia
ETH,2012,Low income,0.2676475771914527,0.1285641725274776,EMEA,Ethiopia
ETH,2011,Low income,0.2549461168451523,0.1243150112937964,EMEA,Ethiopia
ETH,2010,Low income,0.2417364755403073,0.1230647007755853,EMEA,Ethiopia
ETH,2009,Low income,0.2275429076146361,0.1251835122330457,EMEA,Ethiopia
ETH,2008,Low income,0.2129048601277668,0.1063381236716948,EMEA,Ethiopia
ETH,2007,Low income,0.1965060806007538,0.0924334606650945,EMEA,Ethiopia
ETH,2006,Low income,0.1787957612705827,0.0872049404507326,EMEA,Ethiopia
ETH,2005,Low income,0.1611403148560395,0.1048174896851189,EMEA,Ethiopia
ETH,2004,Low income,0.1462175854685582,0.0930953416405547,EMEA,Ethiopia
ETH,2003,Low income,0.1292401439250271,0.0777233011490111,EMEA,Ethiopia
ETH,2002,Low income,0.11332341482073,0.0693774448798462,EMEA,Ethiopia
ETH,2001,Low income,0.0980463506983121,0.0593584443970296,EMEA,Ethiopia
ETH,2000,Low income,0.0837598985537278,0.0510357214987737,EMEA,Ethiopia
DEU,2022,High income,0.9116146958191312,0.2943116671683646,EMEA,Germany
DEU,2021,High income,0.9128320243192192,0.2710294959523041,EMEA,Germany
DEU,2020,High income,0.913800928196528,0.2713102071712894,EMEA,Germany
DEU,2019,High income,0.9237170891898728,0.2981372704146105,EMEA,Germany
DEU,2018,High income,0.9190262535544114,0.3036430853682821,EMEA,Germany
DEU,2017,High income,0.9200411231638156,0.3090451250984991,EMEA,Germany
DEU,2016,High income,0.9198036960743172,0.3111802185154498,EMEA,Germany
DEU,2015,High income,0.9164978215295796,0.3104986565322519,EMEA,Germany
DEU,2014,High income,0.9187159174015052,0.3122691711513414,EMEA,Germany
DEU,2013,High income,0.9141217363732684,0.3107795860075374,EMEA,Germany
DEU,2012,High income,0.9136000234632604,0.3132200048529198,EMEA,Germany
DEU,2011,High income,0.9119400683095396,0.3124433402648036,EMEA,Germany
DEU,2010,High income,0.9071184107275464,0.3027705045397452,EMEA,Germany
DEU,2009,High income,0.9057178389979992,0.3197547826896703,EMEA,Germany
DEU,2008,High income,0.9034216452193324,0.3310487884792661,EMEA,Germany
DEU,2007,High income,0.9002459070283553,0.3539458408676316,EMEA,Germany
DEU,2006,High income,0.8957338778466526,0.3459848455816101,EMEA,Germany
DEU,2005,High income,0.8960862842236201,0.3407454794780437,EMEA,Germany
DEU,2004,High income,0.896096469737109,0.3443687221046533,EMEA,Germany
DEU,2003,High income,0.8870975100146712,0.3335379359050364,EMEA,Germany
DEU,2002,High income,0.8790926204194802,0.3350970632674227,EMEA,Germany
DEU,2001,High income,0.8727662426784946,0.3385233401574978,EMEA,Germany
DEU,2000,High income,0.8630828412290998,0.3379755966216365,EMEA,Germany
GRC,2022,High income,0.8140691195122326,0.3480503930828186,EMEA,Greece
GRC,2021,High income,0.8093595085815027,0.3308174805422579,EMEA,Greece
GRC,2020,High income,0.8143408288025343,0.3130384264065675,EMEA,Greece
GRC,2019,High income,0.8154723348230025,0.3758546471420237,EMEA,Greece
GRC,2018,High income,0.8105460975891854,0.3752278080062102,EMEA,Greece
GRC,2017,High income,0.8017726243025524,0.3759032750433336,EMEA,Greece
GRC,2016,High income,0.8103119746006247,0.3500890933552424,EMEA,Greece
GRC,2015,High income,0.8175253488333432,0.373031764002409,EMEA,Greece
GRC,2014,High income,0.8171242723563774,0.3549319482605024,EMEA,Greece
GRC,2013,High income,0.8148162246749275,0.3352069738133913,EMEA,Greece
GRC,2012,High income,0.8088252091429151,0.3198736340197746,EMEA,Greece
GRC,2011,High income,0.8075747877142261,0.3161185241509597,EMEA,Greece
GRC,2010,High income,0.8036370973630855,0.3181911029051409,EMEA,Greece
GRC,2009,High income,0.8012277611131875,0.3213624813585686,EMEA,Greece
GRC,2008,High income,0.7982301317250338,0.3448894363259958,EMEA,Greece
GRC,2007,High income,0.7938466640209731,0.3604573233764082,EMEA,Greece
GRC,2006,High income,0.7941024157907159,0.3618969119574519,EMEA,Greece
GRC,2005,High income,0.7854128718409741,0.3385252968515927,EMEA,Greece
GRC,2004,High income,0.7810295173007276,0.3593948691270678,EMEA,Greece
GRC,2003,High income,0.7764001295062408,0.357703589109023,EMEA,Greece
GRC,2002,High income,0.7714921355045943,0.3612801898142874,EMEA,Greece
GRC,2001,High income,0.7664879343834412,0.3681291284264132,EMEA,Greece
GRC,2000,High income,0.7595755038957055,0.3931323411550794,EMEA,Greece
GTM,2022,Upper middle income,0.54084271914025,0.275522264652849,LATAM,Guatemala
GTM,2021,Upper middle income,0.5158112116502166,0.2773486858994766,LATAM,Guatemala
GTM,2020,Upper middle income,0.5270047884699651,0.2887831476290638,LATAM,Guatemala
GTM,2019,Upper middle income,0.5352251314925359,0.3049654436656324,LATAM,Guatemala
GTM,2018,Upper middle income,0.5290549440834645,0.305922074468652,LATAM,Guatemala
GTM,2017,Upper middle income,0.5239223951653267,0.3101547615820703,LATAM,Guatemala
GTM,2016,Upper middle income,0.4830854306003229,0.2879601383697791,LATAM,Guatemala
GTM,2015,Upper middle income,0.4753415996939168,0.2815019333005134,LATAM,Guatemala
GTM,2014,Upper middle income,0.4911080557994232,0.296000386624198,LATAM,Guatemala
GTM,2013,Upper middle income,0.4697174954008875,0.2905162047286371,LATAM,Guatemala
GTM,2012,Upper middle income,0.4641008667162512,0.2741334700700146,LATAM,Guatemala
GTM,2011,Upper middle income,0.4550588454883132,0.273033342828428,LATAM,Guatemala
GTM,2010,Upper middle income,0.4455206399491103,0.2679693362907888,LATAM,Guatemala
GTM,2009,Upper middle income,0.437499116880274,0.2441754719021922,LATAM,Guatemala
GTM,2008,Upper middle income,0.4296513174933127,0.2453475435208448,LATAM,Guatemala
GTM,2007,Upper middle income,0.4214676945670542,0.2433439637497591,LATAM,Guatemala
GTM,2006,Upper middle income,0.4111794113793752,0.2355801824181833,LATAM,Guatemala
GTM,2005,Upper middle income,0.4048444245400165,0.2365357155989665,LATAM,Guatemala
GTM,2004,Upper middle income,0.402930808137319,0.232989000748598,LATAM,Guatemala
GTM,2003,Upper middle income,0.4002220985951393,0.2337319822980245,LATAM,Guatemala
GTM,2002,Upper middle income,0.3953218718281688,0.2338754972721392,LATAM,Guatemala
GTM,2001,Upper middle income,0.3896372373458437,0.2292929098094304,LATAM,Guatemala
GTM,2000,Upper middle income,0.384124571851724,0.241055585918943,LATAM,Guatemala
IND,2022,Lower middle income,0.5335903722252002,0.3481879418235528,APAC,India
IND,2021,Lower middle income,0.5001566967254648,0.3003258215418556,APAC,India
IND,2020,Lower middle income,0.5149061805721901,0.3391435997550645,APAC,India
IND,2019,Lower middle income,0.5108430644854893,0.3592141696694544,APAC,India
IND,2018,Lower middle income,0.5036268962105005,0.3302077298539261,APAC,India
IND,2017,Lower middle income,0.4519935406407301,0.2973616439260704,APAC,India
IND,2016,Lower middle income,0.4407249111035602,0.2759645006122013,APAC,India
IND,2015,Lower middle income,0.4312778806423343,0.2735507487951832,APAC,India
IND,2014,Lower middle income,0.4217573541766186,0.2761655957735101,APAC,India
IND,2013,Lower middle income,0.4117139273349575,0.2683415869822817,APAC,India
IND,2012,Lower middle income,0.4017373072387253,0.2630322134150539,APAC,India
IND,2011,Lower middle income,0.3912979120570233,0.2711075855927971,APAC,India
IND,2010,Lower middle income,0.378090293312136,0.2791225197212152,APAC,India
IND,2009,Lower middle income,0.3676675167494316,0.2697231560890623,APAC,India
IND,2008,Lower middle income,0.3570425496485561,0.2671540092667565,APAC,India
IND,2007,Lower middle income,0.346740052932205,0.2596748295061311,APAC,India
IND,2006,Lower middle income,0.3365310829280167,0.249447343642774,APAC,India
IND,2005,Lower middle income,0.3265577224429286,0.2349973163049632,APAC,India
IND,2004,Lower middle income,0.3170305300759848,0.2176109118133102,APAC,India
IND,2003,Lower middle income,0.3078841884455054,0.201340403152579,APAC,India
IND,2002,Lower middle income,0.2984772700718343,0.1714293839413625,APAC,India
IND,2001,Lower middle income,0.2887095472775867,0.1654757804885063,APAC,India
IND,2000,Lower middle income,0.2792273782057562,0.1634534996865634,APAC,India
IDN,2022,Upper middle income,0.5874221591342879,0.9241533657368396,APAC,Indonesia
IDN,2021,Upper middle income,0.5629058186511574,0.6732882916559441,APAC,Indonesia
IDN,2020,Upper middle income,0.567774750658373,0.7212856720831717,APAC,Indonesia
IDN,2019,Upper middle income,0.5796172090734522,0.8408238920581582,APAC,Indonesia
IDN,2018,Upper middle income,0.5723438475585961,0.8235243667600107,APAC,Indonesia
IDN,2017,Upper middle income,0.5710363353702447,0.7984283529545017,APAC,Indonesia
IDN,2016,Upper middle income,0.5576728033860864,0.7221626315814049,APAC,Indonesia
IDN,2015,Upper middle income,0.5527852987968199,0.4123816089762467,APAC,Indonesia
IDN,2014,Upper middle income,0.5467548321560036,0.4291339692093685,APAC,Indonesia
IDN,2013,Upper middle income,0.5409845037296757,0.4237599771662885,APAC,Indonesia
IDN,2012,Upper middle income,0.5351255675483615,0.413034159185092,APAC,Indonesia
IDN,2011,Upper middle income,0.5290594945573239,0.4219661037040855,APAC,Indonesia
IDN,2010,Upper middle income,0.5227145931358224,0.462630022012063,APAC,Indonesia
IDN,2009,Upper middle income,0.5172298349545356,0.4044649061801167,APAC,Indonesia
IDN,2008,Upper middle income,0.5084457213603318,0.4564883368037026,APAC,Indonesia
IDN,2007,Upper middle income,0.5031797253064866,0.4220992202265479,APAC,Indonesia
IDN,2006,Upper middle income,0.5092199313173427,0.4555429267896463,APAC,Indonesia
IDN,2005,Upper middle income,0.4993299429131331,0.4522615535372701,APAC,Indonesia
IDN,2004,Upper middle income,0.4713899502115208,0.4672801780743318,APAC,Indonesia
IDN,2003,Upper middle income,0.478412366019954,0.4180475605989157,APAC,Indonesia
IDN,2002,Upper middle income,0.4676836902612553,0.4863465776970244,APAC,Indonesia
IDN,2001,Upper middle income,0.4551542015367986,0.4854249487420668,APAC,Indonesia
IDN,2000,Upper middle income,0.4431592214045248,0.494638133045871,APAC,Indonesia
IRN,2022,Upper middle income,0.7198455203965368,0.4519542936044716,EMEA,"Iran, Islamic Republic of"
IRN,2021,Upper middle income,0.6984378092094872,0.4121877615649783,EMEA,"Iran, Islamic Republic of"
IRN,2020,Upper middle income,0.698112907995741,0.4265757857346458,EMEA,"Iran, Islamic Republic of"
IRN,2019,Upper middle income,0.7130816384203518,0.4001017304404958,EMEA,"Iran, Islamic Republic of"
IRN,2018,Upper middle income,0.7083747838754368,0.3363933084569732,EMEA,"Iran, Islamic Republic of"
IRN,2017,Upper middle income,0.7033874157853427,0.3379414463033927,EMEA,"Iran, Islamic Republic of"
IRN,2016,Upper middle income,0.7152388121743555,0.3513113175542059,EMEA,"Iran, Islamic Republic of"
IRN,2015,Upper middle income,0.7106790178916669,0.3883793794195949,EMEA,"Iran, Islamic Republic of"
IRN,2014,Upper middle income,0.7056965392042569,0.4299592735892572,EMEA,"Iran, Islamic Republic of"
IRN,2013,Upper middle income,0.700650844689691,0.4454621521375305,EMEA,"Iran, Islamic Republic of"
IRN,2012,Upper middle income,0.6938167469729343,0.4119043077111037,EMEA,"Iran, Islamic Republic of"
IRN,2011,Upper middle income,0.6880998137286654,0.379160244999756,EMEA,"Iran, Islamic Republic of"
IRN,2010,Upper middle income,0.6820336920841649,0.3588996724757402,EMEA,"Iran, Islamic Republic of"
IRN,2009,Upper middle income,0.6742192559671955,0.3538524596334214,EMEA,"Iran, Islamic Republic of"
IRN,2008,Upper middle income,0.6658200277839749,0.3795985258160698,EMEA,"Iran, Islamic Republic of"
IRN,2007,Upper middle income,0.6645265302144027,0.3494138563824615,EMEA,"Iran, Islamic Republic of"
IRN,2006,Upper middle income,0.6630994035457578,0.3554800102550535,EMEA,"Iran, Islamic Republic of"
IRN,2005,Upper middle income,0.6501152902041646,0.3552614567291799,EMEA,"Iran, Islamic Republic of"
IRN,2004,Upper middle income,0.6391695455368871,0.3432731647581533,EMEA,"Iran, Islamic Republic of"
IRN,2003,Upper middle income,0.620144188598296,0.3349747553792083,EMEA,"Iran, Islamic Republic of"
IRN,2002,Upper middle income,0.6157160579907455,0.3358224046276026,EMEA,"Iran, Islamic Republic of"
IRN,2001,Upper middle income,0.6036643677708338,0.3331772350907843,EMEA,"Iran, Islamic Republic of"
IRN,2000,Upper middle income,0.5918799552593358,0.3415578417153456,EMEA,"Iran, Islamic Republic of"
IRL,2022,High income,0.8773481711849369,0.5159423924454601,EMEA,Ireland
IRL,2021,High income,0.875899396353378,0.4933771617952046,EMEA,Ireland
IRL,2020,High income,0.8760616565074696,0.4589302556451359,EMEA,Ireland
IRL,2019,High income,0.8916022631858727,0.4779637648183646,EMEA,Ireland
IRL,2018,High income,0.8868435735698174,0.4797545527893711,EMEA,Ireland
IRL,2017,High income,0.885341126492522,0.4483121984919926,EMEA,Ireland
IRL,2016,High income,0.8579275614085577,0.4092014540698876,EMEA,Ireland
IRL,2015,High income,0.8549306985168796,0.4126467022506046,EMEA,Ireland
IRL,2014,High income,0.8525693886573761,0.3172030515820975,EMEA,Ireland
IRL,2013,High income,0.848498564260806,0.2895461417690954,EMEA,Ireland
IRL,2012,High income,0.8461535701431651,0.2742404948565363,EMEA,Ireland
IRL,2011,High income,0.8438248527468499,0.2724623469354943,EMEA,Ireland
IRL,2010,High income,0.8546670800945302,0.2721111365642454,EMEA,Ireland
IRL,2009,High income,0.84927475951431,0.268190931235369,EMEA,Ireland
IRL,2008,High income,0.8469461109635352,0.3051372662593574,EMEA,Ireland
IRL,2007,High income,0.8422219358786781,0.352994361765362,EMEA,Ireland
IRL,2006,High income,0.8394149002962636,0.3651415393435775,EMEA,Ireland
IRL,2005,High income,0.8339083339893268,0.3607382625123094,EMEA,Ireland
IRL,2004,High income,0.8276847334922444,0.3700954472891035,EMEA,Ireland
IRL,2003,High income,0.8212313959725165,0.3847001086540619,EMEA,Ireland
IRL,2002,High income,0.8140773204942369,0.3956625454968978,EMEA,Ireland
IRL,2001,High income,0.8072181669649799,0.4017572495150802,EMEA,Ireland
IRL,2000,High income,0.7999694936577887,0.4117820383894426,EMEA,Ireland
JPN,2022,High income,0.9249971754738622,0.3570878405620196,APAC,Japan
JPN,2021,High income,0.9279989413335183,0.3599597661971565,APAC,Japan
JPN,2020,High income,0.928489173853172,0.3607404659800499,APAC,Japan
JPN,2019,High income,0.9504187162371788,0.3802930513834078,APAC,Japan
JPN,2018,High income,0.9489119875888352,0.3882672325354421,APAC,Japan
JPN,2017,High income,0.9475665694333906,0.3877427551798116,APAC,Japan
JPN,2016,High income,0.9318975195036384,0.3806592922159919,APAC,Japan
JPN,2015,High income,0.9303483613000484,0.3716732225692672,APAC,Japan
JPN,2014,High income,0.928435866240143,0.3676637178041717,APAC,Japan
JPN,2013,High income,0.9261909280557152,0.3682611011436655,APAC,Japan
JPN,2012,High income,0.92434193870106,0.3672036796185527,APAC,Japan
JPN,2011,High income,0.920433145515728,0.3632269300341641,APAC,Japan
JPN,2010,High income,0.9215778137477644,0.3991605222750224,APAC,Japan
JPN,2009,High income,0.921302770117706,0.4037771647347503,APAC,Japan
JPN,2008,High income,0.9178744845375352,0.4422711708936002,APAC,Japan
JPN,2007,High income,0.9162061724592714,0.4516875378355779,APAC,Japan
JPN,2006,High income,0.913838752045616,0.4539176023676151,APAC,Japan
JPN,2005,High income,0.9105195918640252,0.4511714239693881,APAC,Japan
JPN,2004,High income,0.909890979361473,0.4490779082171729,APAC,Japan
JPN,2003,High income,0.9069548204651794,0.4471164941994759,APAC,Japan
JPN,2002,High income,0.9053614710522496,0.4542252062311649,APAC,Japan
JPN,2001,High income,0.9023976085622452,0.4572671953269079,APAC,Japan
JPN,2000,High income,0.8987314183333632,0.4595106784613135,APAC,Japan
JOR,2022,Lower middle income,0.7051276753658016,0.3812131243672003,EMEA,Jordan
JOR,2021,Lower middle income,0.686437109129766,0.3607098963393858,EMEA,Jordan
JOR,2020,Lower middle income,0.6959672363649554,0.3756613749770846,EMEA,Jordan
JOR,2019,Lower middle income,0.6839006789190117,0.37050978540762,EMEA,Jordan
JOR,2018,Lower middle income,0.6793769638859847,0.3725768394726026,EMEA,Jordan
JOR,2017,Lower middle income,0.6819018476677512,0.3576005668230765,EMEA,Jordan
JOR,2016,Lower middle income,0.680656184245939,0.3499663555534422,EMEA,Jordan
JOR,2015,Lower middle income,0.6736028564040221,0.3332956305958258,EMEA,Jordan
JOR,2014,Lower middle income,0.6665277314546015,0.3363849796187419,EMEA,Jordan
JOR,2013,Lower middle income,0.6603211956491529,0.3343928355082533,EMEA,Jordan
JOR,2012,Lower middle income,0.6549765675327229,0.3153278556190901,EMEA,Jordan
JOR,2011,Lower middle income,0.649879153249577,0.3052530071059289,EMEA,Jordan
JOR,2010,Lower middle income,0.6449554567952256,0.3024453055900739,EMEA,Jordan
JOR,2009,Lower middle income,0.6421645163361402,0.2794437236910599,EMEA,Jordan
JOR,2008,Lower middle income,0.639012777309559,0.2927874217502194,EMEA,Jordan
JOR,2007,Lower middle income,0.6299473100417544,0.3011860235663416,EMEA,Jordan
JOR,2006,Lower middle income,0.6204457759490528,0.3018712178450118,EMEA,Jordan
JOR,2005,Lower middle income,0.610503246319143,0.2796117997293998,EMEA,Jordan
JOR,2004,Lower middle income,0.6009549420417658,0.2703313429502111,EMEA,Jordan
JOR,2003,Lower middle income,0.5913130973950379,0.2652012186713101,EMEA,Jordan
JOR,2002,Lower middle income,0.5851024796510137,0.2536645547761276,EMEA,Jordan
JOR,2001,Lower middle income,0.5792076430324529,0.2461839172222064,EMEA,Jordan
JOR,2000,Lower middle income,0.5730705212929187,0.2473525360948265,EMEA,Jordan
KAZ,2022,Upper middle income,0.724992216362876,0.4305968641619749,EMEA,Kazakhstan
KAZ,2021,Upper middle income,0.7019376912875649,0.4141660426855714,EMEA,Kazakhstan
KAZ,2020,Upper middle income,0.7065717117870022,0.4198927800781591,EMEA,Kazakhstan
KAZ,2019,Upper middle income,0.8319479097230651,0.6589784482368116,EMEA,Kazakhstan
KAZ,2018,Upper middle income,0.8275817421283205,0.6796729559673985,EMEA,Kazakhstan
KAZ,2017,Upper middle income,0.8228911378109856,0.6266028630270637,EMEA,Kazakhstan
KAZ,2016,Upper middle income,0.7026466822178428,0.4970213673854488,EMEA,Kazakhstan
KAZ,2015,Upper middle income,0.6959223775290874,0.5360096198208009,EMEA,Kazakhstan
KAZ,2014,Upper middle income,0.6860181401155585,0.5235228643082886,EMEA,Kazakhstan
KAZ,2013,Upper middle income,0.6750079376391267,0.5333988188989105,EMEA,Kazakhstan
KAZ,2012,Upper middle income,0.6623871945135217,0.4611404451406873,EMEA,Kazakhstan
KAZ,2011,Upper middle income,0.6494256971852815,0.5005385046932292,EMEA,Kazakhstan
KAZ,2010,Upper middle income,0.6358058922760319,0.4846530550103495,EMEA,Kazakhstan
KAZ,2009,Upper middle income,0.6225469054445466,0.4795435628951522,EMEA,Kazakhstan
KAZ,2008,Upper middle income,0.6178540637676975,0.5556318942428913,EMEA,Kazakhstan
KAZ,2007,Upper middle income,0.6139763595951913,0.5478058268735698,EMEA,Kazakhstan
KAZ,2006,Upper middle income,0.601103201533097,0.5095440140600098,EMEA,Kazakhstan
KAZ,2005,Upper middle income,0.5891070863228397,0.5037348628943137,EMEA,Kazakhstan
KAZ,2004,Upper middle income,0.5771826753538927,0.488978357414442,EMEA,Kazakhstan
KAZ,2003,Upper middle income,0.5657143950849721,0.4101795343340563,EMEA,Kazakhstan
KAZ,2002,Upper middle income,0.5535543804500054,0.421668271872028,EMEA,Kazakhstan
KAZ,2001,Upper middle income,0.5412540747712808,0.4004682238806202,EMEA,Kazakhstan
KAZ,2000,Upper middle income,0.5282870468242191,0.3632677453904699,EMEA,Kazakhstan
KEN,2022,Lower middle income,0.5439106051641518,0.304081178186857,EMEA,Kenya
KEN,2021,Lower middle income,0.5176551966968697,0.2696741021727278,EMEA,Kenya
KEN,2020,Lower middle income,0.5096686388154565,0.26186269499576,EMEA,Kenya
KEN,2019,Lower middle income,0.5238698601501062,0.2609585308836109,EMEA,Kenya
KEN,2018,Lower middle income,0.5168199565475569,0.264708992323437,EMEA,Kenya
KEN,2017,Lower middle income,0.5096394909254534,0.3041330727469678,EMEA,Kenya
KEN,2016,Lower middle income,0.4727851180882267,0.2496254599006543,EMEA,Kenya
KEN,2015,Lower middle income,0.4653712321444055,0.2367865428824069,EMEA,Kenya
KEN,2014,Lower middle income,0.4561027559816341,0.2361293508825383,EMEA,Kenya
KEN,2013,Lower middle income,0.4475460117251252,0.2278816148951378,EMEA,Kenya
KEN,2012,Lower middle income,0.440499615558888,0.2201696739349455,EMEA,Kenya
KEN,2011,Lower middle income,0.4346129382964235,0.2202989346121676,EMEA,Kenya
KEN,2010,Lower middle income,0.4266529277400742,0.2101247947464386,EMEA,Kenya
KEN,2009,Lower middle income,0.4320149233532209,0.2374108404216067,EMEA,Kenya
KEN,2008,Lower middle income,0.4256859094325625,0.1670212765939406,EMEA,Kenya
KEN,2007,Lower middle income,0.4139766766961474,0.1630998444900932,EMEA,Kenya
KEN,2006,Lower middle income,0.4049153862816832,0.1606248885542088,EMEA,Kenya
KEN,2005,Lower middle income,0.3931994798944219,0.1594425298862394,EMEA,Kenya
KEN,2004,Lower middle income,0.3790511366346104,0.1624927937336309,EMEA,Kenya
KEN,2003,Lower middle income,0.3650649146935166,0.1636798125462182,EMEA,Kenya
KEN,2002,Lower middle income,0.3513895373614677,0.1659210224944644,EMEA,Kenya
KEN,2001,Lower middle income,0.3398037046382893,0.1819516405967544,EMEA,Kenya
KEN,2000,Lower middle income,0.3279425031819059,0.1777838392859596,EMEA,Kenya
KGZ,2022,Lower middle income,0.6900877142868515,0.272130436107336,EMEA,Kyrgyzstan
KGZ,2021,Lower middle income,0.6885689851879354,0.2919576925820218,EMEA,Kyrgyzstan
KGZ,2020,Lower middle income,0.6850845296739098,0.284874844054904,EMEA,Kyrgyzstan
KGZ,2019,Lower middle income,0.6804247508934603,0.3147850725286562,EMEA,Kyrgyzstan
KGZ,2018,Lower middle income,0.6755199872559046,0.3138593163642456,EMEA,Kyrgyzstan
KGZ,2017,Lower middle income,0.67006203513182,0.2731153819661688,EMEA,Kyrgyzstan
KGZ,2016,Lower middle income,0.6640953387365597,0.2528272616064726,EMEA,Kyrgyzstan
KGZ,2015,Lower middle income,0.6575240919919867,0.2318305103578667,EMEA,Kyrgyzstan
KGZ,2014,Lower middle income,0.6512950856211608,0.2371771122420094,EMEA,Kyrgyzstan
KGZ,2013,Lower middle income,0.6451296548861166,0.2184483991316151,EMEA,Kyrgyzstan
KGZ,2012,Lower middle income,0.6387019141755068,0.2026107131547315,EMEA,Kyrgyzstan
KGZ,2011,Lower middle income,0.6306755529883373,0.2263647648972662,EMEA,Kyrgyzstan
KGZ,2010,Lower middle income,0.6222517036113302,0.2466793603435745,EMEA,Kyrgyzstan
KGZ,2009,Lower middle income,0.614528611703144,0.234896855294691,EMEA,Kyrgyzstan
KGZ,2008,Lower middle income,0.6040811625749913,0.24368738631269,EMEA,Kyrgyzstan
KGZ,2007,Lower middle income,0.5947939254506822,0.2220195429712204,EMEA,Kyrgyzstan
KGZ,2006,Lower middle income,0.5881482968903666,0.2202564975504712,EMEA,Kyrgyzstan
KGZ,2005,Lower middle income,0.5848449660769243,0.2469051774128321,EMEA,Kyrgyzstan
KGZ,2004,Lower middle income,0.5808556037561983,0.2751642344809046,EMEA,Kyrgyzstan
KGZ,2003,Lower middle income,0.5757060294316287,0.2856740402330027,EMEA,Kyrgyzstan
KGZ,2002,Lower middle income,0.5686791991579363,0.3134258096021415,EMEA,Kyrgyzstan
KGZ,2001,Lower middle income,0.5654788232585011,0.3491657308098421,EMEA,Kyrgyzstan
KGZ,2000,Lower middle income,0.5573390896505565,0.358177865181478,EMEA,Kyrgyzstan
LBN,2022,Lower middle income,0.6690257495246251,0.510100531820493,EMEA,Lebanon
LBN,2021,Lower middle income,0.6420400119981443,0.5471070386994531,EMEA,Lebanon
LBN,2020,Lower middle income,0.6618378220569857,0.4134261611580797,EMEA,Lebanon
LBN,2019,Lower middle income,0.6902550097751734,0.3442509822958021,EMEA,Lebanon
LBN,2018,Lower middle income,0.6919341372267942,0.3662388045644231,EMEA,Lebanon
LBN,2017,Lower middle income,0.6887028160968081,0.3931987881355598,EMEA,Lebanon
LBN,2016,Lower middle income,0.7072212117138855,0.4000952494327525,EMEA,Lebanon
LBN,2015,Lower middle income,0.7034061390316544,0.3988747824456851,EMEA,Lebanon
LBN,2014,Lower middle income,0.6989496076533377,0.392645307410225,EMEA,Lebanon
LBN,2013,Lower middle income,0.6943376695787133,0.406349823042895,EMEA,Lebanon
LBN,2012,Lower middle income,0.6895636238425593,0.423374542430776,EMEA,Lebanon
LBN,2011,Lower middle income,0.6840127765891414,0.4045068275578807,EMEA,Lebanon
LBN,2010,Lower middle income,0.6780209337985155,0.4331647818122293,EMEA,Lebanon
LBN,2009,Lower middle income,0.671317370807788,0.437344500170894,EMEA,Lebanon
LBN,2008,Lower middle income,0.6643532310738689,0.3854671587356708,EMEA,Lebanon
LBN,2007,Lower middle income,0.657412311674479,0.3320328364342521,EMEA,Lebanon
LBN,2006,Lower middle income,0.6452171167074179,0.3156604537548124,EMEA,Lebanon
LBN,2005,Lower middle income,0.6422924685444841,0.3497370250228588,EMEA,Lebanon
LBN,2004,Lower middle income,0.6379105278063113,0.3346861967236613,EMEA,Lebanon
LBN,2003,Lower middle income,0.6330190437490201,0.318123491084242,EMEA,Lebanon
LBN,2002,Lower middle income,0.6279872491377025,0.3010658562832904,EMEA,Lebanon
LBN,2001,Lower middle income,0.6224058224775446,0.2639549399985574,EMEA,Lebanon
LBN,2000,Lower middle income,0.6167157397954861,0.2569711913382302,EMEA,Lebanon
MYS,2022,Upper middle income,0.7392898364550284,0.5015635399637478,APAC,Malaysia
MYS,2021,Upper middle income,0.7262257616958393,0.418630963648056,APAC,Malaysia
MYS,2020,Upper middle income,0.7376625432310769,0.4209481360948792,APAC,Malaysia
MYS,2019,Upper middle income,0.7543351178358606,0.4769255858146335,APAC,Malaysia
MYS,2018,Upper middle income,0.7514050249100862,0.4677304755769603,APAC,Malaysia
MYS,2017,Upper middle income,0.7482390680347047,0.4640297428985614,APAC,Malaysia
MYS,2016,Upper middle income,0.7078797108698835,0.4290415229414965,APAC,Malaysia
MYS,2015,Upper middle income,0.7054088264380375,0.4015033656458353,APAC,Malaysia
MYS,2014,Upper middle income,0.7036110357241342,0.3867230648810493,APAC,Malaysia
MYS,2013,Upper middle income,0.7024898051929215,0.3698358489235278,APAC,Malaysia
MYS,2012,Upper middle income,0.7008991200723121,0.3586578641972474,APAC,Malaysia
MYS,2011,Upper middle income,0.6982928635538852,0.3603931378720697,APAC,Malaysia
MYS,2010,Upper middle income,0.6953658971976839,0.4046984035782351,APAC,Malaysia
MYS,2009,Upper middle income,0.6919195439227066,0.3492562827085472,APAC,Malaysia
MYS,2008,Upper middle income,0.6815223249845537,0.4714360181448319,APAC,Malaysia
MYS,2007,Upper middle income,0.6706440412897394,0.4306191714374922,APAC,Malaysia
MYS,2006,Upper middle income,0.6592713299283566,0.4143000019447505,APAC,Malaysia
MYS,2005,Upper middle income,0.6474776869048949,0.3418082554600052,APAC,Malaysia
MYS,2004,Upper middle income,0.6481623229468215,0.3401037587346395,APAC,Malaysia
MYS,2003,Upper middle income,0.6491342615517542,0.2817372515599447,APAC,Malaysia
MYS,2002,Upper middle income,0.6501244917789052,0.2824127086353584,APAC,Malaysia
MYS,2001,Upper middle income,0.6499771219212964,0.2875455081414774,APAC,Malaysia
MYS,2000,Upper middle income,0.649579032745118,0.3486313370683876,APAC,Malaysia
MEX,2022,Upper middle income,0.6696125840496497,0.3445155163309371,LATAM,Mexico
MEX,2021,Upper middle income,0.6403474818371304,0.3249672367794903,LATAM,Mexico
MEX,2020,Upper middle income,0.6417040360039433,0.3118752398020648,LATAM,Mexico
MEX,2019,Upper middle income,0.6645772399245988,0.3592567822573575,LATAM,Mexico
MEX,2018,Upper middle income,0.6591688798592653,0.3581167102293295,LATAM,Mexico
MEX,2017,Upper middle income,0.6546010011261716,0.3417100605216145,LATAM,Mexico
MEX,2016,Upper middle income,0.6549164106628172,0.3248950081772991,LATAM,Mexico
MEX,2015,Upper middle income,0.6542345727419301,0.3100393479864519,LATAM,Mexico
MEX,2014,Upper middle income,0.6491028018077896,0.3110131760015693,LATAM,Mexico
MEX,2013,Upper middle income,0.64624237631754,0.3256149322688607,LATAM,Mexico
MEX,2012,Upper middle income,0.6466536790362547,0.3150781463070216,LATAM,Mexico
MEX,2011,Upper middle income,0.6392765059832154,0.3136025714061396,LATAM,Mexico
MEX,2010,Upper middle income,0.6319260587499906,0.3043607423110566,LATAM,Mexico
MEX,2009,Upper middle income,0.6322870857987448,0.2960769886354703,LATAM,Mexico
MEX,2008,Upper middle income,0.6277161448297641,0.3157517869459882,LATAM,Mexico
MEX,2007,Upper middle income,0.6254512760676062,0.3180747358202618,LATAM,Mexico
MEX,2006,Upper middle income,0.6233481237195665,0.3190025718078608,LATAM,Mexico
MEX,2005,Upper middle income,0.6133028221358393,0.3042026933854981,LATAM,Mexico
MEX,2004,Upper middle income,0.6059992488261522,0.3026645795184752,LATAM,Mexico
MEX,2003,Upper middle income,0.5999992393778415,0.2914805877650558,LATAM,Mexico
MEX,2002,Upper middle income,0.5932157586634744,0.3291865357120532,LATAM,Mexico
MEX,2001,Upper middle income,0.5862233864457144,0.3426236154937554,LATAM,Mexico
MEX,2000,Upper middle income,0.5781887228634026,0.3606465765449695,LATAM,Mexico
MNG,2022,Upper middle income,0.6600160701369615,0.2729088117427081,APAC,Mongolia
MNG,2021,Upper middle income,0.6577835660942184,0.3364796191074238,APAC,Mongolia
MNG,2020,Upper middle income,0.6547558856353431,0.3483433268824026,APAC,Mongolia
MNG,2019,Upper middle income,0.6656822730827141,0.414978373618265,APAC,Mongolia
MNG,2018,Upper middle income,0.6768124227781144,0.39925691157914,APAC,Mongolia
MNG,2017,Upper middle income,0.6713241291748103,0.3850608078912496,APAC,Mongolia
MNG,2016,Upper middle income,0.6649834803961413,0.3328058606121606,APAC,Mongolia
MNG,2015,Upper middle income,0.6649575424968626,0.381413149027109,APAC,Mongolia
MNG,2014,Upper middle income,0.6592345013853457,0.3302832194312132,APAC,Mongolia
MNG,2013,Upper middle income,0.6517872994608919,0.3375394856156594,APAC,Mongolia
MNG,2012,Upper middle income,0.6433249211714874,0.3104991606773131,APAC,Mongolia
MNG,2011,Upper middle income,0.6354574358432342,0.374557119741604,APAC,Mongolia
MNG,2010,Upper middle income,0.6256442796585641,0.3617456404596749,APAC,Mongolia
MNG,2009,Upper middle income,0.6156484805951258,0.3132194923492525,APAC,Mongolia
MNG,2008,Upper middle income,0.6038829904662208,0.3231027578277862,APAC,Mongolia
MNG,2007,Upper middle income,0.5917998433497274,0.3299994654749391,APAC,Mongolia
MNG,2006,Upper middle income,0.57919688628821,0.350474863538282,APAC,Mongolia
MNG,2005,Upper middle income,0.5662730129927855,0.3389539376897501,APAC,Mongolia
MNG,2004,Upper middle income,0.5523682260838865,0.3175664872414073,APAC,Mongolia
MNG,2003,Upper middle income,0.5354991944908317,0.2187489042877161,APAC,Mongolia
MNG,2002,Upper middle income,0.5249189583556526,0.1991631374683062,APAC,Mongolia
MNG,2001,Upper middle income,0.513056288479674,0.2480226724779758,APAC,Mongolia
MNG,2000,Upper middle income,0.5009752491003326,0.216015205447954,APAC,Mongolia
MAR,2022,Lower middle income,0.5575616841740786,0.2376654455365641,EMEA,Morocco
MAR,2021,Lower middle income,0.5441214432614252,0.2413014058920526,EMEA,Morocco
MAR,2020,Lower middle income,0.5377138904690497,0.2218867900069636,EMEA,Morocco
MAR,2019,Lower middle income,0.5286688127452577,0.2623838232444,EMEA,Morocco
MAR,2018,Lower middle income,0.5222203753295553,0.2615796491435172,EMEA,Morocco
MAR,2017,Lower middle income,0.5146887888316488,0.2641984126420418,EMEA,Morocco
MAR,2016,Lower middle income,0.5131642354163095,0.250295391690886,EMEA,Morocco
MAR,2015,Lower middle income,0.5054326291338933,0.2448815773372038,EMEA,Morocco
MAR,2014,Lower middle income,0.495613162320923,0.2253923685891727,EMEA,Morocco
MAR,2013,Lower middle income,0.4850485485228146,0.2213948552134,EMEA,Morocco
MAR,2012,Lower middle income,0.4742300394364681,0.2142935108954866,EMEA,Morocco
MAR,2011,Lower middle income,0.4633630074228036,0.2280937721288382,EMEA,Morocco
MAR,2010,Lower middle income,0.4520265208197423,0.2216832609751999,EMEA,Morocco
MAR,2009,Lower middle income,0.4438835603960716,0.2201576051579379,EMEA,Morocco
MAR,2008,Lower middle income,0.434975408622402,0.222688517759636,EMEA,Morocco
MAR,2007,Lower middle income,0.4258801761100306,0.2185648263163594,EMEA,Morocco
MAR,2006,Lower middle income,0.4163088075533088,0.2178994111970582,EMEA,Morocco
MAR,2005,Lower middle income,0.4070982375640831,0.216503053428653,EMEA,Morocco
MAR,2004,Lower middle income,0.3971278457963997,0.2137254661458158,EMEA,Morocco
MAR,2003,Lower middle income,0.3885021792170385,0.2118005298948631,EMEA,Morocco
MAR,2002,Lower middle income,0.3794622624305525,0.2072129652725463,EMEA,Morocco
MAR,2001,Lower middle income,0.3706445864001788,0.2067462365764108,EMEA,Morocco
MAR,2000,Lower middle income,0.3614042259650837,0.2037879116122476,EMEA,Morocco
MMR,2022,Lower middle income,0.49357001859909,0.3769617498130653,APAC,Myanmar
MMR,2021,Lower middle income,0.4840546381982694,0.3436656146937365,APAC,Myanmar
MMR,2020,Lower middle income,0.4879823451641538,0.4131822997639068,APAC,Myanmar
MMR,2019,Lower middle income,0.4835364363304963,0.4269702248407198,APAC,Myanmar
MMR,2018,Lower middle income,0.4686683627729283,0.3720598063456528,APAC,Myanmar
MMR,2017,Lower middle income,0.4532220849694699,0.3405529546822616,APAC,Myanmar
MMR,2016,Lower middle income,0.4375353664712467,0.3280057322913661,APAC,Myanmar
MMR,2015,Lower middle income,0.4290018275566071,0.3036803307356122,APAC,Myanmar
MMR,2014,Lower middle income,0.4186906819034921,0.3533586226303819,APAC,Myanmar
MMR,2013,Lower middle income,0.4075626460033916,0.4198095236394255,APAC,Myanmar
MMR,2012,Lower middle income,0.3962457863770812,0.4982622476400787,APAC,Myanmar
MMR,2011,Lower middle income,0.3842305460482541,0.7416209740303308,APAC,Myanmar
MMR,2010,Lower middle income,0.3722954812278438,0.7146472565244948,APAC,Myanmar
MMR,2009,Lower middle income,0.3620327869284419,0.6522721862860897,APAC,Myanmar
MMR,2008,Lower middle income,0.2773587066196531,0.5074848335424875,APAC,Myanmar
MMR,2007,Lower middle income,0.3417746643318906,0.6420920271932544,APAC,Myanmar
MMR,2006,Lower middle income,0.3320616001303022,0.5820920147746297,APAC,Myanmar
MMR,2005,Lower middle income,0.3225823946561982,0.5527239425886933,APAC,Myanmar
MMR,2004,Lower middle income,0.3141425640199575,0.5401366676881086,APAC,Myanmar
MMR,2003,Lower middle income,0.3059031789833527,0.516597482632117,APAC,Myanmar
MMR,2002,Lower middle income,0.2980281038526096,0.4767166326187743,APAC,Myanmar
MMR,2001,Lower middle income,0.289797153013601,0.5238128448852448,APAC,Myanmar
MMR,2000,Lower middle income,0.2821042221051411,0.5347095308278613,APAC,Myanmar
NLD,2022,High income,0.8877219389947156,0.3138025702374379,EMEA,Netherlands
NLD,2021,High income,0.8856849100454379,0.2855697945817398,EMEA,Netherlands
NLD,2020,High income,0.8842559445533799,0.2855446441548688,EMEA,Netherlands
NLD,2019,High income,0.8959368333495548,0.3130814572594936,EMEA,Netherlands
NLD,2018,High income,0.8913960619538794,0.3082946538765838,EMEA,Netherlands
NLD,2017,High income,0.8900342937651372,0.3111597376686279,EMEA,Netherlands
NLD,2016,High income,0.8932315385555971,0.3051539843277617,EMEA,Netherlands
NLD,2015,High income,0.8921089069507075,0.3037687035246446,EMEA,Netherlands
NLD,2014,High income,0.8924533882830751,0.2972643843482951,EMEA,Netherlands
NLD,2013,High income,0.8891119752134892,0.2942653381635889,EMEA,Netherlands
NLD,2012,High income,0.8868001707959992,0.2970013189452404,EMEA,Netherlands
NLD,2011,High income,0.8860353706934113,0.3002642736859195,EMEA,Netherlands
NLD,2010,High income,0.8828062228698728,0.2997720251970691,EMEA,Netherlands
NLD,2009,High income,0.8807368200521919,0.3031477720666465,EMEA,Netherlands
NLD,2008,High income,0.8779010422558041,0.3258957989973153,EMEA,Netherlands
NLD,2007,High income,0.8781728716623565,0.3347074708394665,EMEA,Netherlands
NLD,2006,High income,0.8730246038557081,0.3273814610771199,EMEA,Netherlands
NLD,2005,High income,0.8684645901667777,0.323414921595676,EMEA,Netherlands
NLD,2004,High income,0.8662614193409046,0.3237035634625455,EMEA,Netherlands
NLD,2003,High income,0.8617115911654639,0.3237038683763511,EMEA,Netherlands
NLD,2002,High income,0.8601129706889035,0.3385780411146542,EMEA,Netherlands
NLD,2001,High income,0.8591661994761116,0.3547917484623334,EMEA,Netherlands
NLD,2000,High income,0.8575512827679574,0.3667773080202222,EMEA,Netherlands
NZL,2022,High income,0.892706981375424,0.3119846759711884,APAC,New Zealand
NZL,2021,High income,0.8941068675122005,0.3043098225717917,APAC,New Zealand
NZL,2020,High income,0.895544916471133,0.301539904429775,APAC,New Zealand
NZL,2019,High income,0.8934705888674039,0.3228921327753699,APAC,New Zealand
NZL,2018,High income,0.8927801494457857,0.3310675189383597,APAC,New Zealand
NZL,2017,High income,0.8952820610407979,0.3306894149419153,APAC,New Zealand
NZL,2016,High income,0.9183080617845012,0.3272870576937623,APAC,New Zealand
NZL,2015,High income,0.9157867066680088,0.3200205912106094,APAC,New Zealand
NZL,2014,High income,0.9154601910332266,0.3151213598986943,APAC,New Zealand
NZL,2013,High income,0.9158262652411996,0.3138262532286447,APAC,New Zealand
NZL,2012,High income,0.9165557454137232,0.2935835672103088,APAC,New Zealand
NZL,2011,High income,0.914810006759037,0.294503977079901,APAC,New Zealand
NZL,2010,High income,0.9125960216595044,0.2916503545907032,APAC,New Zealand
NZL,2009,High income,0.9109702906776896,0.2919609954086487,APAC,New Zealand
NZL,2008,High income,0.908088160082794,0.2985061641596848,APAC,New Zealand
NZL,2007,High income,0.9064787253325738,0.3107309543034461,APAC,New Zealand
NZL,2006,High income,0.9052588103602888,0.3052275186693998,APAC,New Zealand
NZL,2005,High income,0.9027009629334242,0.3103668818562084,APAC,New Zealand
NZL,2004,High income,0.8997047070338429,0.3156875427277019,APAC,New Zealand
NZL,2003,High income,0.8955156759326321,0.317352798285609,APAC,New Zealand
NZL,2002,High income,0.8922733965339449,0.3130877543326537,APAC,New Zealand
NZL,2001,High income,0.8900088910309113,0.3179281322104831,APAC,New Zealand
NZL,2000,High income,0.8841624967643565,0.3177820460142753,APAC,New Zealand
NIC,2022,Lower middle income,0.6503219194902036,0.2779614568821105,LATAM,Nicaragua
NIC,2021,Lower middle income,0.6226470035566484,0.2478945562592976,LATAM,Nicaragua
NIC,2020,Lower middle income,0.6204707978594218,0.250602431399545,LATAM,Nicaragua
NIC,2019,Lower middle income,0.6361382586256047,0.2579263968729007,LATAM,Nicaragua
NIC,2018,Lower middle income,0.6322807357643677,0.2856158511379824,LATAM,Nicaragua
NIC,2017,Lower middle income,0.6243897305455272,0.2623874832660987,LATAM,Nicaragua
NIC,2016,Lower middle income,0.6183674162793139,0.2726655713782445,LATAM,Nicaragua
NIC,2015,Lower middle income,0.6116017272808733,0.2713735837350127,LATAM,Nicaragua
NIC,2014,Lower middle income,0.6054723999916994,0.2682475345424863,LATAM,Nicaragua
NIC,2013,Lower middle income,0.5984477772490077,0.2599072686892466,LATAM,Nicaragua
NIC,2012,Lower middle income,0.5919960068896856,0.2597695848814559,LATAM,Nicaragua
NIC,2011,Lower middle income,0.5836333209033565,0.2567823982291136,LATAM,Nicaragua
NIC,2010,Lower middle income,0.5758769140854338,0.2488905063014366,LATAM,Nicaragua
NIC,2009,Lower middle income,0.5689239710261339,0.3155545362450689,LATAM,Nicaragua
NIC,2008,Lower middle income,0.5628245073113366,0.3269529487943053,LATAM,Nicaragua
NIC,2007,Lower middle income,0.5559767284458401,0.3293034680829236,LATAM,Nicaragua
NIC,2006,Lower middle income,0.5486528057318859,0.3441429425770516,LATAM,Nicaragua
NIC,2005,Lower middle income,0.5390237888630364,0.3425889302573406,LATAM,Nicaragua
NIC,2004,Lower middle income,0.5278411990861483,0.341180475477298,LATAM,Nicaragua
NIC,2003,Lower middle income,0.5173468089246184,0.3335243541201883,LATAM,Nicaragua
NIC,2002,Lower middle income,0.5063361939890164,0.3401559239155508,LATAM,Nicaragua
NIC,2001,Lower middle income,0.4939790913673151,0.3088120373846613,LATAM,Nicaragua
NIC,2000,Lower middle income,0.4833190880589701,0.3096211894818381,LATAM,Nicaragua
NGA,2022,Lower middle income,0.2585478135401283,0.3416990496179459,EMEA,Nigeria
NGA,2021,Lower middle income,0.2501813138757154,0.3407135095099707,EMEA,Nigeria
NGA,2020,Lower middle income,0.239843851439512,0.3871417847001139,EMEA,Nigeria
NGA,2019,Lower middle income,0.2319067840743046,0.4162311260063318,EMEA,Nigeria
NGA,2018,Lower middle income,0.2208994782775213,0.3751596992307549,EMEA,Nigeria
NGA,2017,Lower middle income,0.23136072554245,0.3371589815231768,EMEA,Nigeria
NGA,2016,Lower middle income,0.2283522857060115,0.3409766945226382,EMEA,Nigeria
NGA,2015,Lower middle income,0.2206313585426073,0.3292215230346325,EMEA,Nigeria
NGA,2014,Lower middle income,0.2148498060583986,0.3347731657628998,EMEA,Nigeria
NGA,2013,Lower middle income,0.2083065677094759,0.3114923854027861,EMEA,Nigeria
NGA,2012,Lower middle income,0.2050607107212462,0.3093519762601714,EMEA,Nigeria
NGA,2011,Lower middle income,0.2003713143392005,0.3033504699747514,EMEA,Nigeria
NGA,2010,Lower middle income,0.1958356089803301,0.3059900255350117,EMEA,Nigeria
NGA,2009,Lower middle income,0.1898496983809049,0.2773266324787123,EMEA,Nigeria
NGA,2008,Lower middle income,0.1824286884383407,0.2595982730315066,EMEA,Nigeria
NGA,2007,Lower middle income,0.1706454327526604,0.2317358389038533,EMEA,Nigeria
NGA,2006,Lower middle income,0.1571531556299838,0.198672558860218,EMEA,Nigeria
NGA,2005,Lower middle income,0.1439896852229535,0.174804261633081,EMEA,Nigeria
NGA,2004,Lower middle income,0.1299541279907735,0.1528735933001874,EMEA,Nigeria
NGA,2003,Lower middle income,0.1149831729181657,0.1255210559204492,EMEA,Nigeria
NGA,2002,Lower middle income,0.1002045523442039,0.1951786869144335,EMEA,Nigeria
NGA,2001,Lower middle income,0.0865368138392948,0.1388618236070268,EMEA,Nigeria
NGA,2000,Lower middle income,0.0738280327800939,0.1182326942670603,EMEA,Nigeria
PAK,2022,Lower middle income,0.3368320390611138,0.3576800542537989,APAC,Pakistan
PAK,2021,Lower middle income,0.3216504553439976,0.3635959991602046,APAC,Pakistan
PAK,2020,Lower middle income,0.3188579089144258,0.3288360990365027,APAC,Pakistan
PAK,2019,Lower middle income,0.3234697672781634,0.3261164462907934,APAC,Pakistan
PAK,2018,Lower middle income,0.3218467702395267,0.316236954423871,APAC,Pakistan
PAK,2017,Lower middle income,0.3225390655518634,0.3349144419684995,APAC,Pakistan
PAK,2016,Lower middle income,0.3159441283443778,0.3165499656210413,APAC,Pakistan
PAK,2015,Lower middle income,0.3092022088830465,0.3159638582014133,APAC,Pakistan
PAK,2014,Lower middle income,0.3026941403450923,0.3244374097484839,APAC,Pakistan
PAK,2013,Lower middle income,0.2921708699435472,0.3142916389335618,APAC,Pakistan
PAK,2012,Lower middle income,0.2839821503112819,0.3398703289960101,APAC,Pakistan
PAK,2011,Lower middle income,0.2760076494884779,0.3276079277787699,APAC,Pakistan
PAK,2010,Lower middle income,0.2672014512782213,0.3014537359587921,APAC,Pakistan
PAK,2009,Lower middle income,0.2593186343432634,0.2792834871312999,APAC,Pakistan
PAK,2008,Lower middle income,0.2542157779305624,0.264203501468745,APAC,Pakistan
PAK,2007,Lower middle income,0.2496304867836311,0.2595990172469912,APAC,Pakistan
PAK,2006,Lower middle income,0.2453877025819775,0.2678804023834134,APAC,Pakistan
PAK,2005,Lower middle income,0.2338817691944022,0.2984833294195602,APAC,Pakistan
PAK,2004,Lower middle income,0.2298432287553656,0.3405935761042452,APAC,Pakistan
PAK,2003,Lower middle income,0.2189727397704868,0.2798783477288792,APAC,Pakistan
PAK,2002,Lower middle income,0.2080020211571961,0.2498893795496138,APAC,Pakistan
PAK,2001,Lower middle income,0.195734774669338,0.2388758811325634,APAC,Pakistan
PAK,2000,Lower middle income,0.1830515232806853,0.2175089239718379,APAC,Pakistan
PER,2022,Upper middle income,0.6835293253935344,0.3598181758853651,LATAM,Peru
PER,2021,Upper middle income,0.6480072053747483,0.3216145354391882,LATAM,Peru
PER,2020,Upper middle income,0.6600840269413595,0.322494879392557,LATAM,Peru
PER,2019,Upper middle income,0.6659714906687976,0.3812102196375111,LATAM,Peru
PER,2018,Upper middle income,0.6614592822397046,0.3858501257213106,LATAM,Peru
PER,2017,Upper middle income,0.6566683585447239,0.3806753747532502,LATAM,Peru
PER,2016,Upper middle income,0.627538338742598,0.3671757512733876,LATAM,Peru
PER,2015,Upper middle income,0.621193144578161,0.3551566967635181,LATAM,Peru
PER,2014,Upper middle income,0.6184231254946614,0.3673727894609542,LATAM,Peru
PER,2013,Upper middle income,0.612971140987827,0.3947692533593997,LATAM,Peru
PER,2012,Upper middle income,0.6066621565007515,0.4148485927167546,LATAM,Peru
PER,2011,Upper middle income,0.5972872494201105,0.4368964540974573,LATAM,Peru
PER,2010,Upper middle income,0.5923765454998485,0.4098262804955644,LATAM,Peru
PER,2009,Upper middle income,0.5761547935379026,0.3713238005257478,LATAM,Peru
PER,2008,Upper middle income,0.5742191725499771,0.4052426254205057,LATAM,Peru
PER,2007,Upper middle income,0.5716159220564959,0.4260029290756051,LATAM,Peru
PER,2006,Upper middle income,0.5611872423029468,0.4172485334291609,LATAM,Peru
PER,2005,Upper middle income,0.5557746874946006,0.3883722830400451,LATAM,Peru
PER,2004,Upper middle income,0.5620167196528306,0.3949141440291466,LATAM,Peru
PER,2003,Upper middle income,0.5560620791962386,0.3853736763395393,LATAM,Peru
PER,2002,Upper middle income,0.5473560635052394,0.3725049759207746,LATAM,Peru
PER,2001,Upper middle income,0.5378782140298245,0.3613614844864422,LATAM,Peru
PER,2000,Upper middle income,0.5276534453163603,0.3547924146429734,LATAM,Peru
PHL,2022,Lower middle income,0.5592522929998772,0.3308766406966857,APAC,Philippines
PHL,2021,Lower middle income,0.5291710931007874,0.2798702894720498,APAC,Philippines
PHL,2020,Lower middle income,0.5411665400402639,0.3075549189683179,APAC,Philippines
PHL,2019,Lower middle income,0.5836590377109582,0.3911086450913264,APAC,Philippines
PHL,2018,Lower middle income,0.5767560089766016,0.3676075455051785,APAC,Philippines
PHL,2017,Lower middle income,0.5710161881076016,0.3576146650481821,APAC,Philippines
PHL,2016,Lower middle income,0.572829404665581,0.3997518486909552,APAC,Philippines
PHL,2015,Lower middle income,0.5775556965628065,0.4414430941364491,APAC,Philippines
PHL,2014,Lower middle income,0.581095865447954,0.4698111446998353,APAC,Philippines
PHL,2013,Lower middle income,0.5853777148534915,0.4518893556454446,APAC,Philippines
PHL,2012,Lower middle income,0.5829848874711338,0.4553991478434935,APAC,Philippines
PHL,2011,Lower middle income,0.5799573218681813,0.4616400677295392,APAC,Philippines
PHL,2010,Lower middle income,0.576186362022733,0.4526444564340777,APAC,Philippines
PHL,2009,Lower middle income,0.5717646200633877,0.4473246192179105,APAC,Philippines
PHL,2008,Lower middle income,0.5688444527259666,0.4580358221399534,APAC,Philippines
PHL,2007,Lower middle income,0.5670879778034553,0.4723232311097446,APAC,Philippines
PHL,2006,Lower middle income,0.5631783216432323,0.4733088915661504,APAC,Philippines
PHL,2005,Lower middle income,0.5632022897080553,0.485378905782612,APAC,Philippines
PHL,2004,Lower middle income,0.5607340750751739,0.5163791737553041,APAC,Philippines
PHL,2003,Lower middle income,0.5527820336503354,0.4587459689416841,APAC,Philippines
PHL,2002,Lower middle income,0.5451623219856698,0.4843901072703597,APAC,Philippines
PHL,2001,Lower middle income,0.5385131545216549,0.4616736107609225,APAC,Philippines
PHL,2000,Lower middle income,0.5317152520611519,0.4226801218328055,APAC,Philippines
ROU,2022,High income,0.7465052501342418,0.4338768736393065,EMEA,Romania
ROU,2021,High income,0.7293509768898545,0.3977299514464553,EMEA,Romania
ROU,2020,High income,0.7373702977103298,0.3963085751637242,EMEA,Romania
ROU,2019,High income,0.7530088212345414,0.4243067213536223,EMEA,Romania
ROU,2018,High income,0.7490291202138013,0.4450718965144662,EMEA,Romania
ROU,2017,High income,0.745233679945166,0.4711283285033795,EMEA,Romania
ROU,2016,High income,0.7321223982665673,0.4747931244693883,EMEA,Romania
ROU,2015,High income,0.726609254243539,0.4716958785200277,EMEA,Romania
ROU,2014,High income,0.7226777488727064,0.4637838695993396,EMEA,Romania
ROU,2013,High income,0.7252520775137812,0.4604638107720476,EMEA,Romania
ROU,2012,High income,0.7181563906510023,0.5120595668737449,EMEA,Romania
ROU,2011,High income,0.7148774201367096,0.503630242737159,EMEA,Romania
ROU,2010,High income,0.7046739074762063,0.4082239532299295,EMEA,Romania
ROU,2009,High income,0.7015205523778951,0.3868947236299517,EMEA,Romania
ROU,2008,High income,0.6938662577989255,0.3862504998642979,EMEA,Romania
ROU,2007,High income,0.6896821414577612,0.3812076114770186,EMEA,Romania
ROU,2006,High income,0.680032111055449,0.3665019058200702,EMEA,Romania
ROU,2005,High income,0.6713924470119791,0.388306500889552,EMEA,Romania
ROU,2004,High income,0.6628716454409171,0.3957527594290182,EMEA,Romania
ROU,2003,High income,0.6565929272596867,0.382815377994179,EMEA,Romania
ROU,2002,High income,0.6507752924143426,0.4117350019406582,EMEA,Romania
ROU,2001,High income,0.6488048242448549,0.435287190130047,EMEA,Romania
ROU,2000,High income,0.6450532974906168,0.4720538016398783,EMEA,Romania
RUS,2022,High income,0.8007029967491449,0.3842435533212656,EMEA,Russian Federation
RUS,2021,High income,0.7825034449903837,0.376551692795941,EMEA,Russian Federation
RUS,2020,High income,0.7912038105781946,0.3515381615386307,EMEA,Russian Federation
RUS,2019,High income,0.8388066296927505,0.4670446053374388,EMEA,Russian Federation
RUS,2018,High income,0.8348155299578142,0.4191914134459272,EMEA,Russian Federation
RUS,2017,High income,0.8323029132495932,0.4172051410123457,EMEA,Russian Federation
RUS,2016,High income,0.7762436362907376,0.4421630180234485,EMEA,Russian Federation
RUS,2015,High income,0.7716822473133734,0.4348366023416066,EMEA,Russian Federation
RUS,2014,High income,0.7670458964929721,0.4259082599341012,EMEA,Russian Federation
RUS,2013,High income,0.7647707899449072,0.4437020509945211,EMEA,Russian Federation
RUS,2012,High income,0.7604749108363261,0.4452217305483932,EMEA,Russian Federation
RUS,2011,High income,0.7572317479561678,0.4545020659691745,EMEA,Russian Federation
RUS,2010,High income,0.7509525776197372,0.4348446354409253,EMEA,Russian Federation
RUS,2009,High income,0.7487291657231805,0.377038145718897,EMEA,Russian Federation
RUS,2008,High income,0.74237632858348,0.4173413599143597,EMEA,Russian Federation
RUS,2007,High income,0.738252875278971,0.4351719917468713,EMEA,Russian Federation
RUS,2006,High income,0.7302851816065135,0.4297343968442179,EMEA,Russian Federation
RUS,2005,High income,0.7197932805234806,0.4292104261615092,EMEA,Russian Federation
RUS,2004,High income,0.7166493510885777,0.4423381138117268,EMEA,Russian Federation
RUS,2003,High income,0.7106732154659695,0.4142352613814331,EMEA,Russian Federation
RUS,2002,High income,0.7085983188236477,0.3914177227876956,EMEA,Russian Federation
RUS,2001,High income,0.7064926235311694,0.4450896658644552,EMEA,Russian Federation
RUS,2000,High income,0.7038800357504463,0.4657111386434306,EMEA,Russian Federation
SRB,2022,Upper middle income,0.765265946525618,0.3307636594155261,EMEA,Serbia
SRB,2021,Upper middle income,0.7485933118244024,0.3140704349284174,EMEA,Serbia
SRB,2020,Upper middle income,0.7570068667198468,0.3355534905638415,EMEA,Serbia
SRB,2019,Upper middle income,0.8224999566617401,0.3654722826697335,EMEA,Serbia
SRB,2018,Upper middle income,0.8196170910935769,0.3690158845005785,EMEA,Serbia
SRB,2017,Upper middle income,0.8147263245152407,0.3697225357376896,EMEA,Serbia
SRB,2016,Upper middle income,0.7562819577390072,0.3402790585330413,EMEA,Serbia
SRB,2015,Upper middle income,0.750938587247006,0.3222140382927662,EMEA,Serbia
SRB,2014,Upper middle income,0.7446244428608044,0.3104476927589559,EMEA,Serbia
SRB,2013,Upper middle income,0.7399677745646493,0.3071716298336697,EMEA,Serbia
SRB,2012,Upper middle income,0.7372103253279527,0.3057103790961444,EMEA,Serbia
SRB,2011,Upper middle income,0.7345164322167688,0.2969141110069677,EMEA,Serbia
SRB,2010,Upper middle income,0.7287534285473185,0.2967434187893946,EMEA,Serbia
SRB,2009,Upper middle income,0.7247787229144467,0.2819341047010993,EMEA,Serbia
SRB,2008,Upper middle income,0.7224153023352984,0.2841669014087921,EMEA,Serbia
SRB,2007,Upper middle income,0.7119364947679865,0.2838559138995379,EMEA,Serbia
SRB,2006,Upper middle income,0.7012442268993537,0.2959541602858112,EMEA,Serbia
SRB,2005,Upper middle income,0.6882526005956098,0.2945746584771305,EMEA,Serbia
SRB,2004,Upper middle income,0.6774089168119182,0.2988103111087888,EMEA,Serbia
SRB,2003,Upper middle income,0.6656673505102177,0.2972365142961883,EMEA,Serbia
SRB,2002,Upper middle income,0.6542990077548569,0.2936847773896533,EMEA,Serbia
SRB,2001,Upper middle income,0.6501098873725251,0.316250276384846,EMEA,Serbia
SRB,2000,Upper middle income,0.6419118940180146,0.3199196860546276,EMEA,Serbia
SGP,2022,High income,0.9386132327932496,0.6795364416205155,APAC,Singapore
SGP,2021,High income,0.9414268222347228,0.625029772414661,APAC,Singapore
SGP,2020,High income,0.9381983391483646,0.6080672729392524,APAC,Singapore
SGP,2019,High income,0.9418588183430988,0.6951307877022253,APAC,Singapore
SGP,2018,High income,0.9372671163785368,0.7027636156269229,APAC,Singapore
SGP,2017,High income,0.9317459027470996,0.6869814105478096,APAC,Singapore
SGP,2016,High income,0.9128914115767356,0.6570562860080577,APAC,Singapore
SGP,2015,High income,0.9120118671644258,0.6702523183420579,APAC,Singapore
SGP,2014,High income,0.9074231112615236,0.6837257470564723,APAC,Singapore
SGP,2013,High income,0.904395176841444,0.7064173238303614,APAC,Singapore
SGP,2012,High income,0.9001803300776526,0.7048113041105194,APAC,Singapore
SGP,2011,High income,0.8981116128527423,0.7239168591674274,APAC,Singapore
SGP,2010,High income,0.8955884095183055,0.7108937421667668,APAC,Singapore
SGP,2009,High income,0.8849994548766941,0.695085141200329,APAC,Singapore
SGP,2008,High income,0.8815272198605757,0.746030376454931,APAC,Singapore
SGP,2007,High income,0.8737339835527247,0.7466155442098532,APAC,Singapore
SGP,2006,High income,0.8697785202131071,0.7472362122467847,APAC,Singapore
SGP,2005,High income,0.87188979681991,0.6906869232069308,APAC,Singapore
SGP,2004,High income,0.8651846071601512,0.6211099743647737,APAC,Singapore
SGP,2003,High income,0.8588053616425454,0.5556235826790709,APAC,Singapore
SGP,2002,High income,0.851919304144655,0.5751580048732554,APAC,Singapore
SGP,2001,High income,0.846550424985891,0.618882312079042,APAC,Singapore
SGP,2000,High income,0.8409191773207555,0.626700571942044,APAC,Singapore
SVK,2022,High income,0.8296648301366454,0.3465705449991355,EMEA,Slovakia
SVK,2021,High income,0.8139552628798162,0.3394378938469962,EMEA,Slovakia
SVK,2020,High income,0.8273672789796673,0.361149480866022,EMEA,Slovakia
SVK,2019,High income,0.844592991559673,0.3950989985520965,EMEA,Slovakia
SVK,2018,High income,0.8408776693509754,0.4164488419280953,EMEA,Slovakia
SVK,2017,High income,0.8379665308716633,0.4131363610603525,EMEA,Slovakia
SVK,2016,High income,0.8408563440827559,0.4055885563698953,EMEA,Slovakia
SVK,2015,High income,0.8354654560815135,0.3818407347981516,EMEA,Slovakia
SVK,2014,High income,0.8329632885112344,0.3932737280889066,EMEA,Slovakia
SVK,2013,High income,0.8300283770439478,0.3811149680036265,EMEA,Slovakia
SVK,2012,High income,0.8265746987283138,0.3875787151542159,EMEA,Slovakia
SVK,2011,High income,0.8276432351078714,0.3931666552470297,EMEA,Slovakia
SVK,2010,High income,0.8170934836211056,0.3715996366140658,EMEA,Slovakia
SVK,2009,High income,0.8108459372752148,0.3630178748694509,EMEA,Slovakia
SVK,2008,High income,0.8045820946977293,0.410776849957529,EMEA,Slovakia
SVK,2007,High income,0.796100374843103,0.3992902657036081,EMEA,Slovakia
SVK,2006,High income,0.7911891194879386,0.3980145518860578,EMEA,Slovakia
SVK,2005,High income,0.7840273943924444,0.4001125762798912,EMEA,Slovakia
SVK,2004,High income,0.7794909523639468,0.3879134108079397,EMEA,Slovakia
SVK,2003,High income,0.7722330396592139,0.4083880604074523,EMEA,Slovakia
SVK,2002,High income,0.7673380805356431,0.4018911203446569,EMEA,Slovakia
SVK,2001,High income,0.7608282047039182,0.4214609646121739,EMEA,Slovakia
SVK,2000,High income,0.751646375650911,0.4215132047700395,EMEA,Slovakia
KOR,2022,High income,0.9149034875976552,0.3415682764223818,APAC,"Korea, Republic of"
KOR,2021,High income,0.9205582799608498,0.3535673779297627,APAC,"Korea, Republic of"
KOR,2020,High income,0.9176298656854318,0.3680516113328945,APAC,"Korea, Republic of"
KOR,2019,High income,0.9378715299543958,0.3861947775582633,APAC,"Korea, Republic of"
KOR,2018,High income,0.9316344143079628,0.4106919865990837,APAC,"Korea, Republic of"
KOR,2017,High income,0.9295686423759572,0.4281070506531279,APAC,"Korea, Republic of"
KOR,2016,High income,0.9216843198562156,0.4290448122044713,APAC,"Korea, Republic of"
KOR,2015,High income,0.9178246631160002,0.4265892429473368,APAC,"Korea, Republic of"
KOR,2014,High income,0.9139309446189304,0.4838682647879568,APAC,"Korea, Republic of"
KOR,2013,High income,0.9087808265087788,0.4889175708657259,APAC,"Korea, Republic of"
KOR,2012,High income,0.903630708398627,0.4916956544317008,APAC,"Korea, Republic of"
KOR,2011,High income,0.8998168812792013,0.4918831317254484,APAC,"Korea, Republic of"
KOR,2010,High income,0.8946667631690491,0.4932036216752031,APAC,"Korea, Republic of"
KOR,2009,High income,0.8783874567838033,0.4650485393341633,APAC,"Korea, Republic of"
KOR,2008,High income,0.8766526948067173,0.4842039357005722,APAC,"Korea, Republic of"
KOR,2007,High income,0.8752764499247043,0.4936482308349087,APAC,"Korea, Republic of"
KOR,2006,High income,0.8732793584617835,0.492538183005603,APAC,"Korea, Republic of"
KOR,2005,High income,0.8709563423669787,0.5056435913132153,APAC,"Korea, Republic of"
KOR,2004,High income,0.8643930569026924,0.5128133144063002,APAC,"Korea, Republic of"
KOR,2003,High income,0.8581719923018845,0.5077493435063707,APAC,"Korea, Republic of"
KOR,2002,High income,0.8519672239326705,0.5328769375662743,APAC,"Korea, Republic of"
KOR,2001,High income,0.8466603283263311,0.5159126689261224,APAC,"Korea, Republic of"
KOR,2000,High income,0.8400970526171789,0.5358152150976566,APAC,"Korea, Republic of"
TJK,2022,Lower middle income,0.6232037260611086,0.2393563226457892,EMEA,Tajikistan
TJK,2021,Lower middle income,0.6097922932265292,0.2243918935561296,EMEA,Tajikistan
TJK,2020,Lower middle income,0.603526466346423,0.2149888112998338,EMEA,Tajikistan
TJK,2019,Lower middle income,0.6693912795096981,0.2743575975263478,EMEA,Tajikistan
TJK,2018,Lower middle income,0.6684809528318836,0.2755650655636348,EMEA,Tajikistan
TJK,2017,Lower middle income,0.6667194966177751,0.2732465068244888,EMEA,Tajikistan
TJK,2016,Lower middle income,0.6613372905960888,0.2642198390796985,EMEA,Tajikistan
TJK,2015,Lower middle income,0.6569337334570325,0.2848157039651628,EMEA,Tajikistan
TJK,2014,Lower middle income,0.654599674610959,0.2702172663692664,EMEA,Tajikistan
TJK,2013,Lower middle income,0.6507387385501726,0.2795507258194838,EMEA,Tajikistan
TJK,2012,Lower middle income,0.6446662604100031,0.3344346905810882,EMEA,Tajikistan
TJK,2011,Lower middle income,0.6379203785465424,0.3378717936291031,EMEA,Tajikistan
TJK,2010,Lower middle income,0.6310823600304885,0.3345888712160485,EMEA,Tajikistan
TJK,2009,Lower middle income,0.6253584112593165,0.3244295892683819,EMEA,Tajikistan
TJK,2008,Lower middle income,0.6174977811094716,0.3470205784542698,EMEA,Tajikistan
TJK,2007,Lower middle income,0.6072849883208689,0.3552192568797224,EMEA,Tajikistan
TJK,2006,Lower middle income,0.5970268485746166,0.3668585153306578,EMEA,Tajikistan
TJK,2005,Lower middle income,0.5850695175016141,0.3478357677884132,EMEA,Tajikistan
TJK,2004,Lower middle income,0.5759265217013845,0.4012089109168815,EMEA,Tajikistan
TJK,2003,Lower middle income,0.5601066506339498,0.419903009817147,EMEA,Tajikistan
TJK,2002,Lower middle income,0.5415938237045852,0.3926212078855324,EMEA,Tajikistan
TJK,2001,Lower middle income,0.5243937574260691,0.4022898013918981,EMEA,Tajikistan
TJK,2000,Lower middle income,0.5069763595934832,0.4080089606849363,EMEA,Tajikistan
THA,2022,Upper middle income,0.6765401609481392,0.4560782490488696,APAC,Thailand
THA,2021,Upper middle income,0.6892718934199488,0.4467708691428297,APAC,Thailand
THA,2020,Upper middle income,0.6844363573414233,0.4688692280732175,APAC,Thailand
THA,2019,Upper middle income,0.6896407070539994,0.5153048977759908,APAC,Thailand
THA,2018,Upper middle income,0.6823685597951796,0.4894235685950959,APAC,Thailand
THA,2017,Upper middle income,0.6795558491604945,0.4663252911219012,APAC,Thailand
THA,2016,Upper middle income,0.6764789961884061,0.4378144083215942,APAC,Thailand
THA,2015,Upper middle income,0.6716492181405448,0.4318748617305427,APAC,Thailand
THA,2014,Upper middle income,0.6662982866063001,0.4319870909750294,APAC,Thailand
THA,2013,Upper middle income,0.6604511941731127,0.4454214148814298,APAC,Thailand
THA,2012,Upper middle income,0.655241040529239,0.4557264337805345,APAC,Thailand
THA,2011,Upper middle income,0.6503164367057288,0.373301776682078,APAC,Thailand
THA,2010,Upper middle income,0.645116140486477,0.4623919288480761,APAC,Thailand
THA,2009,Upper middle income,0.6386534463814809,0.4206909531577056,APAC,Thailand
THA,2008,Upper middle income,0.6312268583143583,0.4489316724981269,APAC,Thailand
THA,2007,Upper middle income,0.6238403570259307,0.4496285615059418,APAC,Thailand
THA,2006,Upper middle income,0.616218267679698,0.4155798241479395,APAC,Thailand
THA,2005,Upper middle income,0.6139013612819769,0.4191210178662298,APAC,Thailand
THA,2004,Upper middle income,0.6092659900153458,0.4105118426997237,APAC,Thailand
THA,2003,Upper middle income,0.5999462559171556,0.4208744734401955,APAC,Thailand
THA,2002,Upper middle income,0.5881793565632939,0.3990048398177947,APAC,Thailand
THA,2001,Upper middle income,0.5768868522173011,0.3475340799063748,APAC,Thailand
THA,2000,Upper middle income,0.5651934508189561,0.3177347020620765,APAC,Thailand
TUN,2022,Lower middle income,0.6059373341180772,0.218979733655422,EMEA,Tunisia
TUN,2021,Lower middle income,0.5802376622771974,0.2118930788670643,EMEA,Tunisia
TUN,2020,Lower middle income,0.589735895132044,0.2037938704219973,EMEA,Tunisia
TUN,2019,Lower middle income,0.5893673717630208,0.2391578662078018,EMEA,Tunisia
TUN,2018,Lower middle income,0.5924903225953186,0.2406396230204133,EMEA,Tunisia
TUN,2017,Lower middle income,0.5859564885878121,0.2342778348195419,EMEA,Tunisia
TUN,2016,Lower middle income,0.5991214839982668,0.2386091366863417,EMEA,Tunisia
TUN,2015,Lower middle income,0.5954711920911622,0.2376666316969768,EMEA,Tunisia
TUN,2014,Lower middle income,0.5923571693229905,0.2392020608768185,EMEA,Tunisia
TUN,2013,Lower middle income,0.5891161989107001,0.2369329942714831,EMEA,Tunisia
TUN,2012,Lower middle income,0.5861090794217865,0.2391092879077983,EMEA,Tunisia
TUN,2011,Lower middle income,0.5862900156988757,0.2414696446974984,EMEA,Tunisia
TUN,2010,Lower middle income,0.5822281230627402,0.2480376686953356,EMEA,Tunisia
TUN,2009,Lower middle income,0.577598306755546,0.2353346849475706,EMEA,Tunisia
TUN,2008,Lower middle income,0.5726393464129814,0.243338888165456,EMEA,Tunisia
TUN,2007,Lower middle income,0.5670345905826637,0.2360255716930857,EMEA,Tunisia
TUN,2006,Lower middle income,0.5614431937601996,0.2349979404949016,EMEA,Tunisia
TUN,2005,Lower middle income,0.5551601191514679,0.2318429946025575,EMEA,Tunisia
TUN,2004,Lower middle income,0.548684626617481,0.2222183824213599,EMEA,Tunisia
TUN,2003,Lower middle income,0.5415375006620873,0.2171114406200807,EMEA,Tunisia
TUN,2002,Lower middle income,0.5340010819685257,0.2396820474374162,EMEA,Tunisia
TUN,2001,Lower middle income,0.5258464658849717,0.2297774803413807,EMEA,Tunisia
TUN,2000,Lower middle income,0.5178923032051608,0.2270567493626022,EMEA,Tunisia
TUR,2022,Upper middle income,0.7388583511470717,0.6033668106432893,EMEA,Trkiye
TUR,2021,Upper middle income,0.7253213938953991,0.4572390523174059,EMEA,Trkiye
TUR,2020,Upper middle income,0.7263892872302576,0.4230582673940237,EMEA,Trkiye
TUR,2019,Upper middle income,0.7127325893962037,0.4007687637046718,EMEA,Trkiye
TUR,2018,Upper middle income,0.7062805713646393,0.4144964440346,EMEA,Trkiye
TUR,2017,Upper middle income,0.6987679658501633,0.4063398478777353,EMEA,Trkiye
TUR,2016,Upper middle income,0.7009510524984428,0.3870724805427628,EMEA,Trkiye
TUR,2015,Upper middle income,0.6962714765110953,0.4082940822431081,EMEA,Trkiye
TUR,2014,Upper middle income,0.691256899535314,0.3917878281598216,EMEA,Trkiye
TUR,2013,Upper middle income,0.684226358641507,0.3898943154263413,EMEA,Trkiye
TUR,2012,Upper middle income,0.6755227940294313,0.3801761987673864,EMEA,Trkiye
TUR,2011,Upper middle income,0.6657547130861404,0.3763662808750802,EMEA,Trkiye
TUR,2010,Upper middle income,0.6590680603575694,0.3832222580590066,EMEA,Trkiye
TUR,2009,Upper middle income,0.644395211199098,0.3602288506125812,EMEA,Trkiye
TUR,2008,Upper middle income,0.6359327566869547,0.3886914548785253,EMEA,Trkiye
TUR,2007,Upper middle income,0.6260350878444108,0.3819087632176698,EMEA,Trkiye
TUR,2006,Upper middle income,0.6186301806999795,0.3807372071073092,EMEA,Trkiye
TUR,2005,Upper middle income,0.6107126370020898,0.3852519629974367,EMEA,Trkiye
TUR,2004,Upper middle income,0.6021893286323357,0.3792833342442629,EMEA,Trkiye
TUR,2003,Upper middle income,0.5933530196555764,0.369888304291947,EMEA,Trkiye
TUR,2002,Upper middle income,0.5843612727660799,0.3625784640739435,EMEA,Trkiye
TUR,2001,Upper middle income,0.5746243866955524,0.3627040294050461,EMEA,Trkiye
TUR,2000,Upper middle income,0.5645850843604958,0.3668542669355737,EMEA,Trkiye
UKR,2022,Upper middle income,0.7477760112141825,0.272159117216371,EMEA,Ukraine
UKR,2021,Upper middle income,0.7409141569768036,0.2902803311929688,EMEA,Ukraine
UKR,2020,Upper middle income,0.7517688222748892,0.2993517740643218,EMEA,Ukraine
UKR,2019,Upper middle income,0.7666113811810874,0.312657680157626,EMEA,Ukraine
UKR,2018,Upper middle income,0.763899984166604,0.3068686112004963,EMEA,Ukraine
UKR,2017,Upper middle income,0.7662851355639185,0.3063951519246672,EMEA,Ukraine
UKR,2016,Upper middle income,0.7619649096234321,0.3151036028874542,EMEA,Ukraine
UKR,2015,Upper middle income,0.7566393304897049,0.2871857896273434,EMEA,Ukraine
UKR,2014,Upper middle income,0.751299498941345,0.2917935646997689,EMEA,Ukraine
UKR,2013,Upper middle income,0.7493988639514624,0.2807537882312028,EMEA,Ukraine
UKR,2012,Upper middle income,0.7471307782045328,0.2764868463412234,EMEA,Ukraine
UKR,2011,Upper middle income,0.7446337312260001,0.294233865989903,EMEA,Ukraine
UKR,2010,Upper middle income,0.7409122447585789,0.2564498850002069,EMEA,Ukraine
UKR,2009,Upper middle income,0.7320123188876946,0.2640813848531983,EMEA,Ukraine
UKR,2008,Upper middle income,0.7237320155848551,0.3045624054380028,EMEA,Ukraine
UKR,2007,Upper middle income,0.7180525705118893,0.2996168147663769,EMEA,Ukraine
UKR,2006,Upper middle income,0.7145245149134555,0.2883175237662611,EMEA,Ukraine
UKR,2005,Upper middle income,0.7126802152287395,0.2927028409065393,EMEA,Ukraine
UKR,2004,Upper middle income,0.7089040923142383,0.3180631239388135,EMEA,Ukraine
UKR,2003,Upper middle income,0.7062754171539849,0.2997731725355578,EMEA,Ukraine
UKR,2002,Upper middle income,0.7029451697133315,0.3152639666195705,EMEA,Ukraine
UKR,2001,Upper middle income,0.6987847081363227,0.3472841788322565,EMEA,Ukraine
UKR,2000,Upper middle income,0.6955262234677853,0.3815724324769397,EMEA,Ukraine
GBR,2022,High income,0.8993038767918426,0.3042946755151863,EMEA,United Kingdom
GBR,2021,High income,0.8968724790379847,0.2685321694866493,EMEA,United Kingdom
GBR,2020,High income,0.8932032511115024,0.277641309805447,EMEA,United Kingdom
GBR,2019,High income,0.8954242047871329,0.3133837784618097,EMEA,United Kingdom
GBR,2018,High income,0.8930431686969379,0.3178702499278366,EMEA,United Kingdom
GBR,2017,High income,0.8916787037690568,0.3130050704702308,EMEA,United Kingdom
GBR,2016,High income,0.8892569321105122,0.3099875257261805,EMEA,United Kingdom
GBR,2015,High income,0.8859023972209111,0.3043373658571391,EMEA,United Kingdom
GBR,2014,High income,0.8864768244155755,0.3022494305439171,EMEA,United Kingdom
GBR,2013,High income,0.8830394423315354,0.3017862802811126,EMEA,United Kingdom
GBR,2012,High income,0.89205920430333,0.3049144178969615,EMEA,United Kingdom
GBR,2011,High income,0.8889176334516599,0.3055873505027496,EMEA,United Kingdom
GBR,2010,High income,0.8853788572278314,0.301251605970833,EMEA,United Kingdom
GBR,2009,High income,0.8801663086823618,0.315269837434834,EMEA,United Kingdom
GBR,2008,High income,0.8711642057991071,0.3315742801692754,EMEA,United Kingdom
GBR,2007,High income,0.8644288688877759,0.3342106353314836,EMEA,United Kingdom
GBR,2006,High income,0.8573675878342916,0.3341279927865331,EMEA,United Kingdom
GBR,2005,High income,0.8503063262910759,0.3359845769147031,EMEA,United Kingdom
GBR,2004,High income,0.8430687679649038,0.3407303612418553,EMEA,United Kingdom
GBR,2003,High income,0.8358475058703263,0.3412237783829117,EMEA,United Kingdom
GBR,2002,High income,0.8286099475441548,0.3493875207524317,EMEA,United Kingdom
GBR,2001,High income,0.8223827555768249,0.3774480442814089,EMEA,United Kingdom
GBR,2000,High income,0.8157497475999662,0.3861935154321272,EMEA,United Kingdom
USA,2022,High income,0.8715345452702818,0.2219807485235415,NA,United States
USA,2021,High income,0.857626167533049,0.2099511935286386,NA,United States
USA,2020,High income,0.8640160844306431,0.2017205709961984,NA,United States
USA,2019,High income,0.8842722046971649,0.2304980858116897,NA,United States
USA,2018,High income,0.8812598809159082,0.2310724317239983,NA,United States
USA,2017,High income,0.8792597389295378,0.22637512687185,NA,United States
USA,2016,High income,0.8683998407420855,0.2276913829601062,NA,United States
USA,2015,High income,0.8673919534469179,0.2281691045784772,NA,United States
USA,2014,High income,0.8678170117497012,0.2142202139732441,NA,United States
USA,2013,High income,0.8664963313977989,0.2143209804598799,NA,United States
USA,2012,High income,0.8650633857998481,0.2125453830037281,NA,United States
USA,2011,High income,0.8633525000772391,0.2088853679687411,NA,United States
USA,2010,High income,0.8614465116692784,0.205569716810398,NA,United States
USA,2009,High income,0.8591310755973567,0.2044612104294385,NA,United States
USA,2008,High income,0.8561318833912492,0.2155712866159875,NA,United States
USA,2007,High income,0.8547469223005255,0.2203709397084289,NA,United States
USA,2006,High income,0.8516997455871909,0.2225932766275222,NA,United States
USA,2005,High income,0.8485403036278083,0.2228512973369227,NA,United States
USA,2004,High income,0.8483452009424556,0.2218725090640448,NA,United States
USA,2003,High income,0.8457509280104252,0.2205462953385421,NA,United States
USA,2002,High income,0.8455032929176942,0.2247275792663403,NA,United States
USA,2001,High income,0.8455180263313343,0.2337369618225428,NA,United States
USA,2000,High income,0.8446022652535088,0.2442163511172796,NA,United States
URY,2022,High income,0.7309525860009854,0.2908112959288795,LATAM,Uruguay
URY,2021,High income,0.713373953213784,0.2856331869296622,LATAM,Uruguay
URY,2020,High income,0.722394212107255,0.2842153996449789,LATAM,Uruguay
URY,2019,High income,0.7119366707766942,0.2749162925964895,LATAM,Uruguay
URY,2018,High income,0.7099443184406092,0.2806025873973217,LATAM,Uruguay
URY,2017,High income,0.7079198256584424,0.2882840702127772,LATAM,Uruguay
URY,2016,High income,0.6997224648443823,0.2879393164108338,LATAM,Uruguay
URY,2015,High income,0.6979091923038816,0.2993558418666047,LATAM,Uruguay
URY,2014,High income,0.6950812458476477,0.3006284698991009,LATAM,Uruguay
URY,2013,High income,0.6909281025781451,0.2988101862041751,LATAM,Uruguay
URY,2012,High income,0.6876101621813802,0.3031149623284234,LATAM,Uruguay
URY,2011,High income,0.6847478802096257,0.30249659592781,LATAM,Uruguay
URY,2010,High income,0.682847315500249,0.3519990249007176,LATAM,Uruguay
URY,2009,High income,0.6821757682584628,0.3505586890126563,LATAM,Uruguay
URY,2008,High income,0.6782249461226078,0.3436810847071194,LATAM,Uruguay
URY,2007,High income,0.6719440581735381,0.358451667324626,LATAM,Uruguay
URY,2006,High income,0.6647478108958208,0.3473835239866017,LATAM,Uruguay
URY,2005,High income,0.6684332273731437,0.3553820910154863,LATAM,Uruguay
URY,2004,High income,0.6693676176419451,0.3498740005947436,LATAM,Uruguay
URY,2003,High income,0.6726774494148389,0.3341662642585706,LATAM,Uruguay
URY,2002,High income,0.6667881792253183,0.3197361076036669,LATAM,Uruguay
URY,2001,High income,0.661929625351568,0.2979667720163721,LATAM,Uruguay
URY,2000,High income,0.6547909230857185,0.3215248612371824,LATAM,Uruguay
UZB,2022,Lower middle income,0.7425755746550843,0.3038614838745497,EMEA,Uzbekistan
UZB,2021,Lower middle income,0.7373027316756288,0.291519494408695,EMEA,Uzbekistan
UZB,2020,Lower middle income,0.7347162668420117,0.3234694343006777,EMEA,Uzbekistan
UZB,2019,Lower middle income,0.737560072143054,0.3078656841158095,EMEA,Uzbekistan
UZB,2018,Lower middle income,0.732559374066987,0.3694230022887361,EMEA,Uzbekistan
UZB,2017,Lower middle income,0.727472354069864,0.3641861052314168,EMEA,Uzbekistan
UZB,2016,Lower middle income,0.722824557357038,0.3488322967101363,EMEA,Uzbekistan
UZB,2015,Lower middle income,0.7119580565426836,0.3398516122123138,EMEA,Uzbekistan
UZB,2014,Lower middle income,0.705509958951853,0.3358364875592213,EMEA,Uzbekistan
UZB,2013,Lower middle income,0.6978071500532318,0.3020601521083955,EMEA,Uzbekistan
UZB,2012,Lower middle income,0.6892976946869107,0.2928936383356073,EMEA,Uzbekistan
UZB,2011,Lower middle income,0.6801046935057391,0.3012865302325762,EMEA,Uzbekistan
UZB,2010,Lower middle income,0.6701429037660827,0.2961123200307614,EMEA,Uzbekistan
UZB,2009,Lower middle income,0.6595925686695414,0.3019929742409334,EMEA,Uzbekistan
UZB,2008,Lower middle income,0.6477070204526082,0.298527162714918,EMEA,Uzbekistan
UZB,2007,Lower middle income,0.6348451098374515,0.296067631930058,EMEA,Uzbekistan
UZB,2006,Lower middle income,0.6213007037804197,0.2853865729387828,EMEA,Uzbekistan
UZB,2005,Lower middle income,0.6090633355690576,0.2791495307034566,EMEA,Uzbekistan
UZB,2004,Lower middle income,0.5975547385099197,0.2727231887155288,EMEA,Uzbekistan
UZB,2003,Lower middle income,0.5858361963679495,0.2608727861715442,EMEA,Uzbekistan
UZB,2002,Lower middle income,0.573822446889244,0.2563588404053833,EMEA,Uzbekistan
UZB,2001,Lower middle income,0.5617722165230095,0.2493003756933385,EMEA,Uzbekistan
UZB,2000,Lower middle income,0.5516282488618472,0.246594286992533,EMEA,Uzbekistan
VNM,2022,Lower middle income,0.7393845866279722,0.5167568810404274,APAC,Viet Nam
VNM,2021,Lower middle income,0.7329627803912391,0.5100794506722971,APAC,Viet Nam
VNM,2020,Lower middle income,0.7371979338260839,0.5010150793343052,APAC,Viet Nam
VNM,2019,Lower middle income,0.7253307613124104,0.4710212545342779,APAC,Viet Nam
VNM,2018,Lower middle income,0.7225708466482795,0.4623122321388356,APAC,Viet Nam
VNM,2017,Lower middle income,0.7197036398815323,0.4430393792683806,APAC,Viet Nam
VNM,2016,Lower middle income,0.730432001861133,0.4514467019704015,APAC,Viet Nam
VNM,2015,Lower middle income,0.7279576565276344,0.4606820144896892,APAC,Viet Nam
VNM,2014,Lower middle income,0.7252160529959903,0.4512007777332412,APAC,Viet Nam
VNM,2013,Lower middle income,0.7225011674800534,0.3999413278783676,APAC,Viet Nam
VNM,2012,Lower middle income,0.7198263863020533,0.3850209726753396,APAC,Viet Nam
VNM,2011,Lower middle income,0.7174807413553161,0.4193499608282394,APAC,Viet Nam
VNM,2010,Lower middle income,0.7145186498102025,0.3988457275037957,APAC,Viet Nam
VNM,2009,Lower middle income,0.7114011320585125,0.3766447324744285,APAC,Viet Nam
VNM,2008,Lower middle income,0.7063089224306238,0.3744103249228016,APAC,Viet Nam
VNM,2007,Lower middle income,0.7009543833169007,0.3634335140384016,APAC,Viet Nam
VNM,2006,Lower middle income,0.6951905227083637,0.3621968468672534,APAC,Viet Nam
VNM,2005,Lower middle income,0.6894066177349656,0.3667354093264446,APAC,Viet Nam
VNM,2004,Lower middle income,0.6830458486068933,0.3704820292500096,APAC,Viet Nam
VNM,2003,Lower middle income,0.6784940088327196,0.3726370266494219,APAC,Viet Nam
VNM,2002,Lower middle income,0.6718624760212167,0.3712867393517415,APAC,Viet Nam
VNM,2001,Lower middle income,0.6645944600505838,0.3398232771366249,APAC,Viet Nam
VNM,2000,Lower middle income,0.6562405350880699,0.3553491925479083,APAC,Viet Nam
