ISO3,Year,income_level,HEP,HEE
ARG,2022,Upper middle income,0.7048840332311552,0.048055043218005696
ARG,2021,Upper middle income,0.691945230955641,0.047136863358191984
ARG,2020,Upper middle income,0.70344597325264,0.0447279691147066
ARG,2019,Upper middle income,0.7236282512066529,0.04847728673471374
ARG,2018,Upper middle income,0.7219365853470151,0.04759223819059603
ARG,2017,Upper middle income,0.7181625917539872,0.04578346917810401
ARG,2016,Upper middle income,0.69897812539545,0.0453850109527526
ARG,2015,Upper middle income,0.7013033544546418,0.0438165430992706
ARG,2014,Upper middle income,0.6978406907813468,0.046421389952502584
ARG,2013,Upper middle income,0.6932056792568263,0.0455529231248038
ARG,2012,Upper middle income,0.6897626056903795,0.04545958029753292
ARG,2011,Upper middle income,0.6886861076692153,0.04682127538812584
ARG,2010,Upper middle income,0.6826172223059918,0.047190390738068896
ARG,2009,Upper middle income,0.6797090983903141,0.04535310754619896
ARG,2008,Upper middle income,0.6751279087493002,0.05182485230029924
ARG,2007,Upper middle income,0.6676229033117225,0.054290859595201316
ARG,2006,Upper middle income,0.6677414769967744,0.056739543783985234
ARG,2005,Upper middle income,0.6646155055372197,0.05793977570853283
ARG,2004,Upper middle income,0.6591426296668351,0.06151471474668549
ARG,2003,Upper middle income,0.6523067174756415,0.06254399208716674
ARG,2002,Upper middle income,0.6410479158260518,0.056179781279855415
ARG,2001,Upper middle income,0.6287000370190203,0.04760881390096498
ARG,2000,Upper middle income,0.6244314163207646,0.04878248244514585
ARM,2022,Upper middle income,0.7304257137328741,0.058649753968845975
ARM,2021,Upper middle income,0.7127542395634315,0.04723187295237431
ARM,2020,Upper middle income,0.718483671549539,0.04807157682044523
ARM,2019,Upper middle income,0.735279240689088,0.05270171741751351
ARM,2018,Upper middle income,0.7290319578646773,0.05945795625778564
ARM,2017,Upper middle income,0.724149028141743,0.05540419060976616
ARM,2016,Upper middle income,0.7302570811924181,0.05745500444194371
ARM,2015,Upper middle income,0.7263632409545931,0.05620467731680605
ARM,2014,Upper middle income,0.722952065250062,0.05818284661058283
ARM,2013,Upper middle income,0.7175837909944349,0.055310948470722175
ARM,2012,Upper middle income,0.7105369853743347,0.05967373722482459
ARM,2011,Upper middle income,0.7045641412591259,0.05627626473921035
ARM,2010,Upper middle income,0.6967975814341083,0.05581353725805904
ARM,2009,Upper middle income,0.6926650617443335,0.056384979247020635
ARM,2008,Upper middle income,0.6889383970846247,0.07021030977369516
ARM,2007,Upper middle income,0.6836130924380871,0.08026378376179397
ARM,2006,Upper middle income,0.6792981541503916,0.07930314812351415
ARM,2005,Upper middle income,0.6764629836219821,0.07889783834510218
ARM,2004,Upper middle income,0.6716233961177519,0.07862756330469961
ARM,2003,Upper middle income,0.6657734324995458,0.07140119471844156
ARM,2002,Upper middle income,0.6609974108759631,0.06780414816648718
ARM,2001,Upper middle income,0.6569531689143309,0.09233252026997366
ARM,2000,Upper middle income,0.6526828627565702,0.09366132480434682
AUS,2022,High income,0.8993743796756167,0.05942875974453971
AUS,2021,High income,0.8982866010028048,0.05700344041295171
AUS,2020,High income,0.8948870179125028,0.055795547642469606
AUS,2019,High income,0.8992083108564987,0.057196309460903635
AUS,2018,High income,0.8962469176441293,0.05796708616138802
AUS,2017,High income,0.8916095472089998,0.057770384425936495
AUS,2016,High income,0.9031878106001012,0.05819466005521659
AUS,2015,High income,0.9006485296288548,0.05759898516393316
AUS,2014,High income,0.8981572331648352,0.058847494339472055
AUS,2013,High income,0.8939579970398677,0.06267140645622947
AUS,2012,High income,0.8984741010169538,0.0631462040447888
AUS,2011,High income,0.8934272273500936,0.06144776843680956
AUS,2010,High income,0.8898103532195241,0.06107467113240798
AUS,2009,High income,0.887494917147603,0.06367100798673153
AUS,2008,High income,0.885000674621923,0.06730453607986192
AUS,2007,High income,0.8795665416460179,0.0675478549366176
AUS,2006,High income,0.8759976520226753,0.0666933823170948
AUS,2005,High income,0.8726431073779395,0.0659258345658654
AUS,2004,High income,0.8695160392869605,0.06549706419367132
AUS,2003,High income,0.8664801646151107,0.0660333698986591
AUS,2002,High income,0.863364379055348,0.06551604975445953
AUS,2001,High income,0.8599862542546163,0.06668352290224283
AUS,2000,High income,0.8559562997003844,0.06931925661249377
BGD,2022,Lower middle income,0.529976424086517,0.1291925085980357
BGD,2021,Lower middle income,0.5085873340373024,0.12118764131252141
BGD,2020,Lower middle income,0.5157109020151565,0.12778025800861048
BGD,2019,Lower middle income,0.5117130786557538,0.1299090415191311
BGD,2018,Lower middle income,0.5028696984759252,0.126600025264423
BGD,2017,Lower middle income,0.4939054051457145,0.11710573660355426
BGD,2016,Lower middle income,0.4840879557696817,0.104994975534922
BGD,2015,Lower middle income,0.474519576708438,0.11449570851697609
BGD,2014,Lower middle income,0.45171762231797324,0.1031820921532464
BGD,2013,Lower middle income,0.44223651442207174,0.10376499325597499
BGD,2012,Lower middle income,0.4399190015019515,0.09997117208953353
BGD,2011,Lower middle income,0.4312837784052999,0.09590730881488714
BGD,2010,Lower middle income,0.4225141017076855,0.09994427889718904
BGD,2009,Lower middle income,0.4137978766497002,0.10037213394121126
BGD,2008,Lower middle income,0.4045703555299536,0.09694119529421583
BGD,2007,Lower middle income,0.39435222633442724,0.09013961166597034
BGD,2006,Lower middle income,0.38480541275085167,0.09080405592552704
BGD,2005,Lower middle income,0.37413437369858465,0.09355980890821394
BGD,2004,Lower middle income,0.36228881594842394,0.09198221899295884
BGD,2003,Lower middle income,0.3500005294286809,0.08682911611174936
BGD,2002,Lower middle income,0.3366998377256544,0.08521196766342987
BGD,2001,Lower middle income,0.3222246331778148,0.08170102195562892
BGD,2000,Lower middle income,0.3063067399570097,0.07793816261763824
BRA,2022,Upper middle income,0.6381927520111973,0.04359313130756204
BRA,2021,Upper middle income,0.6256766341404043,0.041343965196260136
BRA,2020,Upper middle income,0.6322736449065872,0.04107069054149288
BRA,2019,Upper middle income,0.6328291819707392,0.040623362968313516
BRA,2018,Upper middle income,0.6285467484865302,0.040412539576468766
BRA,2017,Upper middle income,0.6237240221883305,0.03949687630144382
BRA,2016,Upper middle income,0.6217292904640096,0.0401554608692221
BRA,2015,Upper middle income,0.619965033132597,0.04092081298849351
BRA,2014,Upper middle income,0.6147508580136308,0.04285494725008932
BRA,2013,Upper middle income,0.610515784542042,0.04419079457366598
BRA,2012,Upper middle income,0.6062700291439409,0.04460663190099361
BRA,2011,Upper middle income,0.5989369662957159,0.04428172538076023
BRA,2010,Upper middle income,0.5927736950577172,0.043605647887129326
BRA,2009,Upper middle income,0.586639830622928,0.042331130130253566
BRA,2008,Upper middle income,0.5800160549829363,0.04367549775060738
BRA,2007,Upper middle income,0.5715303801362636,0.04337632715021723
BRA,2006,Upper middle income,0.5622331560058615,0.042852727655172326
BRA,2005,Upper middle income,0.5524059319405349,0.04414135596866843
BRA,2004,Upper middle income,0.5422696082046987,0.04481789320147558
BRA,2003,Upper middle income,0.5316951723356437,0.04453295443002997
BRA,2002,Upper middle income,0.5207848914659958,0.04183938741997108
BRA,2001,Upper middle income,0.5098310358916097,0.041134271156626795
BRA,2000,Upper middle income,0.4990107899060275,0.04062447300340245
CAN,2022,High income,0.9192475801603711,0.059792749722026826
CAN,2021,High income,0.9210613507368083,0.05365048764563477
CAN,2020,High income,0.920637284954777,0.051397378831391304
CAN,2019,High income,0.9268252358253398,0.05854162804070487
CAN,2018,High income,0.9239078270991242,0.05835657008139906
CAN,2017,High income,0.9233516585763668,0.05809369300045556
CAN,2016,High income,0.9303729635526087,0.05859733704419882
CAN,2015,High income,0.9286846212979655,0.05988468405571939
CAN,2014,High income,0.9277442362306646,0.06132284866555843
CAN,2013,High income,0.9265545586628042,0.06165253658438529
CAN,2012,High income,0.9253485450205173,0.06072959169413857
CAN,2011,High income,0.9232136860201925,0.05891459380004899
CAN,2010,High income,0.9209425716057648,0.05734236805195657
CAN,2009,High income,0.9182949743986784,0.059091350832739954
CAN,2008,High income,0.9148146795999601,0.06435835258019869
CAN,2007,High income,0.9126690063259756,0.06429451397846164
CAN,2006,High income,0.911470183950448,0.06468403778806288
CAN,2005,High income,0.9060152843810924,0.06564716288597397
CAN,2004,High income,0.9023725656078466,0.06418304047655875
CAN,2003,High income,0.8979459582520865,0.06412076112318979
CAN,2002,High income,0.8941386076969069,0.06455974713218211
CAN,2001,High income,0.8906767372515243,0.06559775633776904
CAN,2000,High income,0.8857370677712539,0.06478728758937877
CHL,2022,High income,0.7762605356992889,0.05154121003390316
CHL,2021,High income,0.7745184286990339,0.05274152555329061
CHL,2020,High income,0.7739143537144532,0.05051978161293213
CHL,2019,High income,0.7891533522876621,0.0528727967679036
CHL,2018,High income,0.7865448991928956,0.053786496360825865
CHL,2017,High income,0.783258243901212,0.05393111917407818
CHL,2016,High income,0.7662783248110819,0.055032361068065055
CHL,2015,High income,0.7608792234452348,0.057401912945674774
CHL,2014,High income,0.7559514331502893,0.06002862951738734
CHL,2013,High income,0.7521612429401036,0.06255672680903494
CHL,2012,High income,0.745109120213781,0.06724057490074183
CHL,2011,High income,0.7400997699606265,0.06814158864356822
CHL,2010,High income,0.7449435385722666,0.06766601522051956
CHL,2009,High income,0.7458478457305242,0.06482798908615559
CHL,2008,High income,0.7474621398565093,0.07097432069349477
CHL,2007,High income,0.7409409138005629,0.07844167045717404
CHL,2006,High income,0.7394304571549664,0.08114457704778595
CHL,2005,High income,0.7379583169861804,0.07451196158761922
CHL,2004,High income,0.7354955687416145,0.07035975497044684
CHL,2003,High income,0.7299216040598803,0.06535147649247051
CHL,2002,High income,0.7264104757264439,0.06452882111774756
CHL,2001,High income,0.7206691549103864,0.06639418861577763
CHL,2000,High income,0.7136450044983661,0.06634067081784238
CHN,2022,Upper middle income,0.6988231572175617,0.0743978453777753
CHN,2021,Upper middle income,0.6974682450890005,0.07442097844408291
CHN,2020,Upper middle income,0.6940827301075692,0.07063032826396133
CHN,2019,Upper middle income,0.6909411382680973,0.07342881709301062
CHN,2018,Upper middle income,0.6870462830553468,0.07474126400177769
CHN,2017,Upper middle income,0.694248343761759,0.07564881619692507
CHN,2016,Upper middle income,0.6906890618956084,0.07518979772250674
CHN,2015,Upper middle income,0.6856732287026468,0.0746896960288412
CHN,2014,Upper middle income,0.6802480740148712,0.07657634885928091
CHN,2013,Upper middle income,0.6745539083863077,0.07626636096770743
CHN,2012,Upper middle income,0.6689265612093344,0.0754677840113605
CHN,2011,Upper middle income,0.6623803414143208,0.08125411222084902
CHN,2010,Upper middle income,0.6564354564671878,0.08426265573081346
CHN,2009,Upper middle income,0.649370676191971,0.0801582678406251
CHN,2008,Upper middle income,0.6411549270690066,0.08512649787968704
CHN,2007,Upper middle income,0.6356167003459664,0.09969443157292576
CHN,2006,Upper middle income,0.6270131031731552,0.09814398396079571
CHN,2005,Upper middle income,0.6185881466883688,0.09418275206698645
CHN,2004,Upper middle income,0.6093779661948835,0.09115083158909973
CHN,2003,Upper middle income,0.5994876946700731,0.08803653103854352
CHN,2002,Upper middle income,0.5897996195365143,0.08705840284811799
CHN,2001,Upper middle income,0.5797957574244115,0.08725022799322228
CHN,2000,Upper middle income,0.5696048262797683,0.08254918957344759
CYP,2022,High income,0.8634127937268887,0.061206884422200084
CYP,2021,High income,0.8646038454512776,0.05877108666743126
CYP,2020,High income,0.8669659316031245,0.060217346951734814
CYP,2019,High income,0.8669017560299155,0.07060400247743258
CYP,2018,High income,0.8662847724381979,0.07309586502650188
CYP,2017,High income,0.8644576810006032,0.07015822062721074
CYP,2016,High income,0.8226050408807553,0.06441368185069128
CYP,2015,High income,0.8178450799562399,0.06243696568463579
CYP,2014,High income,0.8171916378624816,0.061201474700926725
CYP,2013,High income,0.8167956792775748,0.06097667325506455
CYP,2012,High income,0.8141671654938691,0.06549145468528679
CYP,2011,High income,0.8075934370425798,0.062353708478639205
CYP,2010,High income,0.8028473760213127,0.06163347738059207
CYP,2009,High income,0.7973560642760454,0.05832563437842807
CYP,2008,High income,0.7940880083018299,0.062344797855934886
CYP,2007,High income,0.7910858280269942,0.06797275292450677
CYP,2006,High income,0.7837215228975888,0.06645174178548485
CYP,2005,High income,0.7763331519282299,0.06622601736005258
CYP,2004,High income,0.7708860331231052,0.06689801760605897
CYP,2003,High income,0.7662671619882104,0.06226818495504311
CYP,2002,High income,0.7610452266751149,0.06796667236506511
CYP,2001,High income,0.7529969968960964,0.07202318783854174
CYP,2000,High income,0.7468730456539923,0.07252926405506507
CZE,2022,High income,0.8720970837447568,0.06411419594055354
CZE,2021,High income,0.8604273921429679,0.0603568354980068
CZE,2020,High income,0.8659684682900688,0.062395008831866716
CZE,2019,High income,0.8810453693554494,0.07247882950183501
CZE,2018,High income,0.8786663381374779,0.0749308054381584
CZE,2017,High income,0.8769831879188106,0.07868655136531683
CZE,2016,High income,0.8627122204856563,0.06663529410079455
CZE,2015,High income,0.85834799507485,0.06558797877848967
CZE,2014,High income,0.859670935895642,0.07436386639878377
CZE,2013,High income,0.8545557275501685,0.07403765145680379
CZE,2012,High income,0.852064431086149,0.07211834834448659
CZE,2011,High income,0.8497363304370644,0.07216034668445068
CZE,2010,High income,0.8449146728550717,0.07291957638348283
CZE,2009,High income,0.8403872516293299,0.07375139093091554
CZE,2008,High income,0.8372271240771766,0.08324456124445967
CZE,2007,High income,0.8340484398245397,0.08482167177069612
CZE,2006,High income,0.8320596139772731,0.08031997179588708
CZE,2005,High income,0.8238451577099501,0.08071550404040115
CZE,2004,High income,0.8182869481719472,0.07911428139090804
CZE,2003,High income,0.8103984165365082,0.07615521117629048
CZE,2002,High income,0.8065350541048416,0.07957022412324603
CZE,2001,High income,0.8022658366431089,0.08360607335033689
CZE,2000,High income,0.7964290404082149,0.0852582663396942
ECU,2022,Upper middle income,0.6702290799820401,0.06019904430762353
ECU,2021,Upper middle income,0.6471015341637856,0.054588230010029444
ECU,2020,Upper middle income,0.6359612577412928,0.04922813080701189
ECU,2019,Upper middle income,0.670402866189024,0.055619110784562324
ECU,2018,Upper middle income,0.6692991537937087,0.053743446712375145
ECU,2017,Upper middle income,0.6611818953494686,0.0544671304416617
ECU,2016,Upper middle income,0.6152448251179704,0.051480946439482665
ECU,2015,Upper middle income,0.615245836094051,0.04779142799146967
ECU,2014,Upper middle income,0.6067594995116415,0.0506636553286945
ECU,2013,Upper middle income,0.6017552342184949,0.051394101552957185
ECU,2012,Upper middle income,0.5941625228678306,0.051524286478899464
ECU,2011,Upper middle income,0.5865680587745237,0.051682980293380885
ECU,2010,Upper middle income,0.5836212693561502,0.05330095202995429
ECU,2009,Upper middle income,0.5777212558447382,0.05475244797447976
ECU,2008,Upper middle income,0.5744070074074489,0.08542118849793749
ECU,2007,Upper middle income,0.569148455578653,0.08419499438395023
ECU,2006,Upper middle income,0.5647557184954749,0.08013303543044993
ECU,2005,Upper middle income,0.5611313487319644,0.08049974750439948
ECU,2004,Upper middle income,0.5576455445839448,0.07974258339575067
ECU,2003,Upper middle income,0.5528568508668867,0.0800792342666625
ECU,2002,Upper middle income,0.5465180615516132,0.09223004107009078
ECU,2001,Upper middle income,0.5385571038606599,0.10406490020030844
ECU,2000,Upper middle income,0.5313444632714329,0.11340844257445769
EGY,2022,Lower middle income,0.5823787191719384,0.06744216265230525
EGY,2021,Lower middle income,0.5674769923670825,0.06644618778496221
EGY,2020,Lower middle income,0.5658168409610497,0.06998617563649419
EGY,2019,Lower middle income,0.5683800803766975,0.06663060925624288
EGY,2018,Lower middle income,0.5597264266283449,0.06448625991053729
EGY,2017,Lower middle income,0.5510573035354633,0.05939738600940567
EGY,2016,Lower middle income,0.5826320026976823,0.06469755177139193
EGY,2015,Lower middle income,0.5741131672864783,0.0638444058462121
EGY,2014,Lower middle income,0.5658531558758232,0.06269466687449636
EGY,2013,Lower middle income,0.5572256741978527,0.06336768561540235
EGY,2012,Lower middle income,0.5490774967297937,0.07014972096674736
EGY,2011,Lower middle income,0.5405017061447022,0.07018252019787329
EGY,2010,Lower middle income,0.5321847395601597,0.06915223031862737
EGY,2009,Lower middle income,0.5235453123462273,0.06529705997595388
EGY,2008,Lower middle income,0.5152283438106577,0.06262515990630457
EGY,2007,Lower middle income,0.5067826748883267,0.06233840148324167
EGY,2006,Lower middle income,0.4980746764801616,0.056319838333121236
EGY,2005,Lower middle income,0.49382909530281327,0.05082260444719464
EGY,2004,Lower middle income,0.4890187547179134,0.051324150846519624
EGY,2003,Lower middle income,0.4840614279771143,0.047597542543577294
EGY,2002,Lower middle income,0.4780966247653428,0.04638732703908986
EGY,2001,Lower middle income,0.47163564114435996,0.04625607988801753
EGY,2000,Lower middle income,0.46408032213800743,0.04775311047718779
ETH,2022,Low income,0.3436025321448163,0.05214599727032107
ETH,2021,Low income,0.32972240891663224,0.04533645537073458
ETH,2020,Low income,0.3303565731442744,0.04363142751690977
ETH,2019,Low income,0.3352093543529482,0.043399872273740696
ETH,2018,Low income,0.3283479370301678,0.038521176272884455
ETH,2017,Low income,0.3205706714157134,0.035808270848476306
ETH,2016,Low income,0.31212049299202155,0.03603392371801834
ETH,2015,Low income,0.302063465580333,0.03365036144521325
ETH,2014,Low income,0.2911093704622154,0.032982017025305926
ETH,2013,Low income,0.27948044839378117,0.031403957884992666
ETH,2012,Low income,0.2676475771914527,0.026483042526065006
ETH,2011,Low income,0.2549461168451523,0.025610530935412972
ETH,2010,Low income,0.24173647554030736,0.024263513231847823
ETH,2009,Low income,0.22754290761463614,0.02508264683343805
ETH,2008,Low income,0.21290486012776683,0.02197423980491577
ETH,2007,Low income,0.1965060806007538,0.018800068370255045
ETH,2006,Low income,0.17879576127058272,0.017972072884665947
ETH,2005,Low income,0.16114031485603952,0.020836845598437518
ETH,2004,Low income,0.14621758546855823,0.01840310154489601
ETH,2003,Low income,0.12924014392502714,0.015147413335933387
ETH,2002,Low income,0.11332341482073009,0.01357966803525436
ETH,2001,Low income,0.0980463506983121,0.011639680930033145
ETH,2000,Low income,0.08375989855372787,0.01015124229147657
DEU,2022,High income,0.9116146958191311,0.05315840843217292
DEU,2021,High income,0.9128320243192193,0.04972772273735647
DEU,2020,High income,0.9138009281965279,0.049987453293603434
DEU,2019,High income,0.9237170891898729,0.05488035736723811
DEU,2018,High income,0.9190262535544114,0.055859447870617314
DEU,2017,High income,0.9200411231638157,0.056801938463646416
DEU,2016,High income,0.9198036960743172,0.05719853556425867
DEU,2015,High income,0.9164978215295796,0.05711893112802072
DEU,2014,High income,0.9187159174015052,0.05761093121015709
DEU,2013,High income,0.9141217363732685,0.05736764460379684
DEU,2012,High income,0.9136000234632604,0.05788911830688892
DEU,2011,High income,0.9119400683095396,0.05785430914247242
DEU,2010,High income,0.9071184107275463,0.056023289340586875
DEU,2009,High income,0.9057178389979992,0.05814095540373081
DEU,2008,High income,0.9034216452193324,0.06103982718223162
DEU,2007,High income,0.9002459070283553,0.06442386375175128
DEU,2006,High income,0.8957338778466526,0.06305664628448839
DEU,2005,High income,0.8960862842236201,0.06214686039463903
DEU,2004,High income,0.896096469737109,0.06289861172072946
DEU,2003,High income,0.8870975100146712,0.060872505088082465
DEU,2002,High income,0.8790926204194802,0.0612748410096718
DEU,2001,High income,0.8727662426784946,0.06204011473929362
DEU,2000,High income,0.8630828412290998,0.06184053397288032
GRC,2022,High income,0.8140691195122326,0.06470185415564739
GRC,2021,High income,0.8093595085815027,0.0610064796373038
GRC,2020,High income,0.8143408288025343,0.05808747259319597
GRC,2019,High income,0.8154723348230025,0.06919923187014777
GRC,2018,High income,0.8105460975891854,0.06917348785564059
GRC,2017,High income,0.8017726243025524,0.06904542472504004
GRC,2016,High income,0.8103119746006247,0.06501033402597715
GRC,2015,High income,0.8175253488333432,0.06880695287137911
GRC,2014,High income,0.8171242723563774,0.06690737656254102
GRC,2013,High income,0.8148162246749275,0.06300247133480408
GRC,2012,High income,0.8088252091429151,0.05988477427280846
GRC,2011,High income,0.8075747877142261,0.058905773520212396
GRC,2010,High income,0.8036370973630855,0.05850084293521302
GRC,2009,High income,0.8012277611131875,0.05918877081724282
GRC,2008,High income,0.7982301317250338,0.0633484564930083
GRC,2007,High income,0.7938466640209731,0.06621193832891091
GRC,2006,High income,0.7941024157907159,0.06669547125655365
GRC,2005,High income,0.7854128718409741,0.06268944813057972
GRC,2004,High income,0.7810295173007276,0.06640789361274199
GRC,2003,High income,0.7764001295062408,0.0653618226916169
GRC,2002,High income,0.7714921355045943,0.06617654723161116
GRC,2001,High income,0.7664879343834412,0.06751758306248079
GRC,2000,High income,0.7595755038957055,0.07252345078025607
GTM,2022,Upper middle income,0.54084271914025,0.0506862742599181
GTM,2021,Upper middle income,0.5158112116502166,0.051155739678258705
GTM,2020,Upper middle income,0.5270047884699651,0.05402656617024137
GTM,2019,Upper middle income,0.5352251314925359,0.05713698275139987
GTM,2018,Upper middle income,0.5290549440834645,0.057265910510783495
GTM,2017,Upper middle income,0.5239223951653267,0.05766426288029614
GTM,2016,Upper middle income,0.4830854306003229,0.0535879041610097
GTM,2015,Upper middle income,0.47534159969391687,0.05260327444440336
GTM,2014,Upper middle income,0.49110805579942324,0.055341179661215545
GTM,2013,Upper middle income,0.4697174954008875,0.05424002641255953
GTM,2012,Upper middle income,0.4641008667162512,0.05112132757809292
GTM,2011,Upper middle income,0.4550588454883132,0.05094862951892535
GTM,2010,Upper middle income,0.44552063994911034,0.0496488695966186
GTM,2009,Upper middle income,0.43749911688027404,0.04568586627591358
GTM,2008,Upper middle income,0.4296513174933127,0.04610903074621841
GTM,2007,Upper middle income,0.42146769456705424,0.04541715210894943
GTM,2006,Upper middle income,0.4111794113793752,0.043758913119732595
GTM,2005,Upper middle income,0.40484442454001657,0.04409534904287183
GTM,2004,Upper middle income,0.402930808137319,0.04335070124330596
GTM,2003,Upper middle income,0.4002220985951393,0.043569088455589426
GTM,2002,Upper middle income,0.3953218718281688,0.04370195253363274
GTM,2001,Upper middle income,0.3896372373458437,0.04280275793674361
GTM,2000,Upper middle income,0.38412457185172405,0.045567940226196466
IND,2022,Lower middle income,0.5335903722252002,0.07184841401621529
IND,2021,Lower middle income,0.5001566967254648,0.06266095990768704
IND,2020,Lower middle income,0.5149061805721901,0.06975533822140403
IND,2019,Lower middle income,0.5108430644854893,0.07457212955154836
IND,2018,Lower middle income,0.5036268962105005,0.06960569659704198
IND,2017,Lower middle income,0.4519935406407301,0.06240958746982151
IND,2016,Lower middle income,0.44072491110356027,0.05678844188110218
IND,2015,Lower middle income,0.4312778806423343,0.055932742715919956
IND,2014,Lower middle income,0.42175735417661864,0.056097094145602266
IND,2013,Lower middle income,0.41171392733495754,0.054214888036771776
IND,2012,Lower middle income,0.40173730723872536,0.05418520564483391
IND,2011,Lower middle income,0.3912979120570233,0.05556218376158309
IND,2010,Lower middle income,0.37809029331213606,0.05631414264016521
IND,2009,Lower middle income,0.3676675167494316,0.053873643367199985
IND,2008,Lower middle income,0.35704254964855614,0.053041266284831794
IND,2007,Lower middle income,0.346740052932205,0.051568372115903136
IND,2006,Lower middle income,0.33653108292801676,0.049403660600599086
IND,2005,Lower middle income,0.32655772244292863,0.04636079996597527
IND,2004,Lower middle income,0.3170305300759848,0.04296193806727559
IND,2003,Lower middle income,0.3078841884455054,0.040025570906735815
IND,2002,Lower middle income,0.29847727007183433,0.03454868460302247
IND,2001,Lower middle income,0.2887095472775867,0.0333293078102455
IND,2000,Lower middle income,0.2792273782057562,0.033121192592887
IDN,2022,Upper middle income,0.5874221591342879,0.1651039953334775
IDN,2021,Upper middle income,0.5629058186511574,0.11879241842228368
IDN,2020,Upper middle income,0.567774750658373,0.12797504822747646
IDN,2019,Upper middle income,0.5796172090734522,0.15082304854762374
IDN,2018,Upper middle income,0.5723438475585961,0.1481982566389375
IDN,2017,Upper middle income,0.5710363353702447,0.14429525781272654
IDN,2016,Upper middle income,0.5576728033860864,0.13178437659003941
IDN,2015,Upper middle income,0.5527852987968199,0.08494084953839862
IDN,2014,Upper middle income,0.5467548321560036,0.08744795480937001
IDN,2013,Upper middle income,0.5409845037296757,0.08685786715357348
IDN,2012,Upper middle income,0.5351255675483615,0.08464831619965021
IDN,2011,Upper middle income,0.5290594945573239,0.08562406175934965
IDN,2010,Upper middle income,0.5227145931358224,0.09328927914917044
IDN,2009,Upper middle income,0.5172298349545356,0.08412469519864343
IDN,2008,Upper middle income,0.5084457213603318,0.09328726237866597
IDN,2007,Upper middle income,0.5031797253064866,0.08574823890272978
IDN,2006,Upper middle income,0.5092199313173427,0.0927155124729305
IDN,2005,Upper middle income,0.4993299429131331,0.09238785898313721
IDN,2004,Upper middle income,0.4713899502115208,0.09682461613876152
IDN,2003,Upper middle income,0.478412366019954,0.08751917829570109
IDN,2002,Upper middle income,0.46768369026125534,0.10109201073019479
IDN,2001,Upper middle income,0.4551542015367986,0.09941050532726163
IDN,2000,Upper middle income,0.4431592214045248,0.10274948742457499
IRN,2022,Upper middle income,0.7198455203965368,0.08560153909530839
IRN,2021,Upper middle income,0.6984378092094872,0.07781960669568992
IRN,2020,Upper middle income,0.698112907995741,0.08111512512307596
IRN,2019,Upper middle income,0.7130816384203518,0.07495046568575574
IRN,2018,Upper middle income,0.7083747838754368,0.062362743130353136
IRN,2017,Upper middle income,0.7033874157853427,0.06227910307239596
IRN,2016,Upper middle income,0.7152388121743555,0.06405508223875095
IRN,2015,Upper middle income,0.7106790178916669,0.06993338405346569
IRN,2014,Upper middle income,0.7056965392042569,0.07868099184747811
IRN,2013,Upper middle income,0.700650844689691,0.08341071209726786
IRN,2012,Upper middle income,0.6938167469729343,0.0765687966706854
IRN,2011,Upper middle income,0.6880998137286654,0.07180534130927901
IRN,2010,Upper middle income,0.6820336920841649,0.06819852215767422
IRN,2009,Upper middle income,0.6742192559671955,0.06771047824503382
IRN,2008,Upper middle income,0.6658200277839749,0.0743628516620991
IRN,2007,Upper middle income,0.6645265302144027,0.06988622045037719
IRN,2006,Upper middle income,0.6630994035457578,0.07017000110948933
IRN,2005,Upper middle income,0.6501152902041646,0.06948295490585077
IRN,2004,Upper middle income,0.6391695455368871,0.067818959085188
IRN,2003,Upper middle income,0.620144188598296,0.06654541765933726
IRN,2002,Upper middle income,0.6157160579907455,0.06738931114424945
IRN,2001,Upper middle income,0.6036643677708338,0.06538433480465441
IRN,2000,Upper middle income,0.5918799552593358,0.06761909174986733
IRL,2022,High income,0.8773481711849369,0.09613968143587627
IRL,2021,High income,0.875899396353378,0.09121933157435713
IRL,2020,High income,0.8760616565074696,0.08493704144896941
IRL,2019,High income,0.8916022631858727,0.0890558788661654
IRL,2018,High income,0.8868435735698174,0.08996352925561896
IRL,2017,High income,0.885341126492522,0.08353531460338541
IRL,2016,High income,0.8579275614085577,0.07640531966611194
IRL,2015,High income,0.8549306985168796,0.07723032092207813
IRL,2014,High income,0.8525693886573761,0.05937179116642119
IRL,2013,High income,0.848498564260806,0.05427627636655399
IRL,2012,High income,0.8461535701431651,0.05164437341105568
IRL,2011,High income,0.8438248527468499,0.051380641308562326
IRL,2010,High income,0.8546670800945302,0.05156556867176416
IRL,2009,High income,0.84927475951431,0.050919210651905696
IRL,2008,High income,0.8469461109635352,0.058073938149800566
IRL,2007,High income,0.8422219358786781,0.06725321492279254
IRL,2006,High income,0.8394149002962636,0.06958078209838564
IRL,2005,High income,0.8339083339893268,0.06857004860582767
IRL,2004,High income,0.8276847334922444,0.07072602612390713
IRL,2003,High income,0.8212313959725165,0.0732421353131909
IRL,2002,High income,0.8140773204942369,0.07553482278811861
IRL,2001,High income,0.8072181669649799,0.07702475330423013
IRL,2000,High income,0.7999694936577887,0.07974743443074357
JPN,2022,High income,0.9249971754738622,0.06309900171914813
JPN,2021,High income,0.9279989413335183,0.06388709350938783
JPN,2020,High income,0.928489173853172,0.06396612287157692
JPN,2019,High income,0.9504187162371787,0.06728473738474178
JPN,2018,High income,0.9489119875888352,0.06867364421455092
JPN,2017,High income,0.9475665694333906,0.06872973199991073
JPN,2016,High income,0.9318975195036384,0.06750265809015621
JPN,2015,High income,0.9303483613000484,0.0661608830474765
JPN,2014,High income,0.928435866240143,0.06564021747857597
JPN,2013,High income,0.9261909280557152,0.06576595296970243
JPN,2012,High income,0.9243419387010601,0.06559738063150197
JPN,2011,High income,0.920433145515728,0.06531099300835926
JPN,2010,High income,0.9215778137477645,0.07277993245284228
JPN,2009,High income,0.9213027701177059,0.07361729418270661
JPN,2008,High income,0.9178744845375352,0.08078804937927261
JPN,2007,High income,0.9162061724592714,0.08284937849280659
JPN,2006,High income,0.913838752045616,0.08335230785662244
JPN,2005,High income,0.9105195918640251,0.08297722975169189
JPN,2004,High income,0.909890979361473,0.08300944627452737
JPN,2003,High income,0.9069548204651794,0.08280288946083615
JPN,2002,High income,0.9053614710522496,0.08413089245431062
JPN,2001,High income,0.9023976085622452,0.08480942143108118
JPN,2000,High income,0.8987314183333632,0.08563684475755559
JOR,2022,Lower middle income,0.7051276753658016,0.07059444346274472
JOR,2021,Lower middle income,0.686437109129766,0.06638530534901374
JOR,2020,Lower middle income,0.6959672363649554,0.0688786476344219
JOR,2019,Lower middle income,0.6839006789190117,0.06797598249088685
JOR,2018,Lower middle income,0.6793769638859847,0.06836449528669053
JOR,2017,Lower middle income,0.6819018476677512,0.06605913969610729
JOR,2016,Lower middle income,0.680656184245939,0.06526408298321612
JOR,2015,Lower middle income,0.6736028564040221,0.061720420720195984
JOR,2014,Lower middle income,0.6665277314546015,0.06251579584061032
JOR,2013,Lower middle income,0.6603211956491529,0.062184490689404334
JOR,2012,Lower middle income,0.6549765675327229,0.05811261492010699
JOR,2011,Lower middle income,0.649879153249577,0.05601973271381111
JOR,2010,Lower middle income,0.6449554567952256,0.055489219847749856
JOR,2009,Lower middle income,0.6421645163361402,0.050656715187185807
JOR,2008,Lower middle income,0.639012777309559,0.053511371589209454
JOR,2007,Lower middle income,0.6299473100417544,0.055440193335766566
JOR,2006,Lower middle income,0.6204457759490528,0.05573495196958846
JOR,2005,Lower middle income,0.610503246319143,0.05109995574326889
JOR,2004,Lower middle income,0.6009549420417658,0.049260519241575984
JOR,2003,Lower middle income,0.5913130973950379,0.04830267141059416
JOR,2002,Lower middle income,0.5851024796510137,0.0459572113995659
JOR,2001,Lower middle income,0.5792076430324529,0.04446828904047123
JOR,2000,Lower middle income,0.5730705212929187,0.044783381707055425
KAZ,2022,Upper middle income,0.724992216362876,0.08843018597278315
KAZ,2021,Upper middle income,0.7019376912875649,0.08446615305372601
KAZ,2020,Upper middle income,0.7065717117870022,0.08617554985290106
KAZ,2019,Upper middle income,0.8319479097230651,0.13546819952936195
KAZ,2018,Upper middle income,0.8275817421283205,0.13862858876899
KAZ,2017,Upper middle income,0.8228911378109856,0.12770934768667155
KAZ,2016,Upper middle income,0.7026466822178428,0.10058491573014791
KAZ,2015,Upper middle income,0.6959223775290874,0.10910471649391805
KAZ,2014,Upper middle income,0.6860181401155585,0.10712799597107286
KAZ,2013,Upper middle income,0.6750079376391267,0.11050277023129944
KAZ,2012,Upper middle income,0.6623871945135217,0.09546001723684021
KAZ,2011,Upper middle income,0.6494256971852815,0.10446457802840733
KAZ,2010,Upper middle income,0.6358058922760319,0.10054224858115295
KAZ,2009,Upper middle income,0.6225469054445466,0.09527405186432328
KAZ,2008,Upper middle income,0.6178540637676975,0.11003324490522376
KAZ,2007,Upper middle income,0.6139763595951913,0.11093541629974835
KAZ,2006,Upper middle income,0.601103201533097,0.09976768696195888
KAZ,2005,Upper middle income,0.5891070863228397,0.09555264814348954
KAZ,2004,Upper middle income,0.5771826753538927,0.09251220718593785
KAZ,2003,Upper middle income,0.5657143950849721,0.08135294511828936
KAZ,2002,Upper middle income,0.5535543804500054,0.08331002568106516
KAZ,2001,Upper middle income,0.5412540747712808,0.08018192860861181
KAZ,2000,Upper middle income,0.5282870468242191,0.07122705508594278
KEN,2022,Lower middle income,0.5439106051641518,0.0615488589087783
KEN,2021,Lower middle income,0.5176551966968697,0.05474556116974827
KEN,2020,Lower middle income,0.5096686388154565,0.05343425980845156
KEN,2019,Lower middle income,0.5238698601501062,0.05377249533604267
KEN,2018,Lower middle income,0.5168199565475569,0.05485852946783947
KEN,2017,Lower middle income,0.5096394909254534,0.061739179479634074
KEN,2016,Lower middle income,0.4727851180882267,0.050190279990506716
KEN,2015,Lower middle income,0.46537123214440557,0.04790802497148753
KEN,2014,Lower middle income,0.4561027559816341,0.04736282611052373
KEN,2013,Lower middle income,0.44754601172512526,0.04581656393499943
KEN,2012,Lower middle income,0.44049961555888806,0.0442745738137937
KEN,2011,Lower middle income,0.43461293829642356,0.04389028451129424
KEN,2010,Lower middle income,0.4266529277400742,0.0418123702651995
KEN,2009,Lower middle income,0.4320149233532209,0.04639470321360441
KEN,2008,Lower middle income,0.4256859094325625,0.03477747000239681
KEN,2007,Lower middle income,0.4139766766961474,0.03400677624167895
KEN,2006,Lower middle income,0.4049153862816832,0.033566124600644086
KEN,2005,Lower middle income,0.3931994798944219,0.03403437407167311
KEN,2004,Lower middle income,0.37905113663461043,0.03443267789634736
KEN,2003,Lower middle income,0.3650649146935166,0.03467603226156068
KEN,2002,Lower middle income,0.3513895373614677,0.03516165458791623
KEN,2001,Lower middle income,0.33980370463828935,0.03798308545290348
KEN,2000,Lower middle income,0.3279425031819059,0.03721883664251076
KGZ,2022,Lower middle income,0.6900877142868515,0.057072452741953404
KGZ,2021,Lower middle income,0.6885689851879354,0.05974513520623803
KGZ,2020,Lower middle income,0.6850845296739098,0.059223643747695245
KGZ,2019,Lower middle income,0.6804247508934603,0.06588284005687355
KGZ,2018,Lower middle income,0.6755199872559046,0.06395165351173034
KGZ,2017,Lower middle income,0.67006203513182,0.05486890852800325
KGZ,2016,Lower middle income,0.6640953387365597,0.051089631339672814
KGZ,2015,Lower middle income,0.6575240919919867,0.046576900771412764
KGZ,2014,Lower middle income,0.6512950856211608,0.04710892893345144
KGZ,2013,Lower middle income,0.6451296548861166,0.04310159963173715
KGZ,2012,Lower middle income,0.6387019141755068,0.04018538993356645
KGZ,2011,Lower middle income,0.6306755529883373,0.04537915696435696
KGZ,2010,Lower middle income,0.6222517036113302,0.04873103886128196
KGZ,2009,Lower middle income,0.614528611703144,0.04679835639430629
KGZ,2008,Lower middle income,0.6040811625749913,0.048566181807400896
KGZ,2007,Lower middle income,0.5947939254506822,0.04439056630797844
KGZ,2006,Lower middle income,0.5881482968903666,0.04242974058385596
KGZ,2005,Lower middle income,0.5848449660769243,0.04745598070018505
KGZ,2004,Lower middle income,0.5808556037561983,0.05365746215354017
KGZ,2003,Lower middle income,0.5757060294316287,0.055897907974104794
KGZ,2002,Lower middle income,0.5686791991579363,0.0629233110763826
KGZ,2001,Lower middle income,0.5654788232585011,0.06954421924377026
KGZ,2000,Lower middle income,0.5573390896505565,0.070348538482078
LBN,2022,Lower middle income,0.6690257495246251,0.09034820321050109
LBN,2021,Lower middle income,0.6420400119981443,0.09837711445936105
LBN,2020,Lower middle income,0.6618378220569857,0.07157730245572465
LBN,2019,Lower middle income,0.6902550097751734,0.06111727189956686
LBN,2018,Lower middle income,0.6919341372267942,0.06528823369747008
LBN,2017,Lower middle income,0.6887028160968081,0.0692758761429882
LBN,2016,Lower middle income,0.7072212117138855,0.07036891295073239
LBN,2015,Lower middle income,0.7034061390316544,0.07141225125027677
LBN,2014,Lower middle income,0.6989496076533377,0.07020540891141168
LBN,2013,Lower middle income,0.6943376695787133,0.07307746886117936
LBN,2012,Lower middle income,0.6895636238425593,0.0753355433300024
LBN,2011,Lower middle income,0.6840127765891414,0.06958446121092736
LBN,2010,Lower middle income,0.6780209337985155,0.07490326051974149
LBN,2009,Lower middle income,0.671317370807788,0.07652025513821079
LBN,2008,Lower middle income,0.6643532310738689,0.06756839551760971
LBN,2007,Lower middle income,0.657412311674479,0.0589956025118623
LBN,2006,Lower middle income,0.6452171167074179,0.05639842827069583
LBN,2005,Lower middle income,0.6422924685444841,0.06300155805935848
LBN,2004,Lower middle income,0.6379105278063113,0.05995297808624316
LBN,2003,Lower middle income,0.6330190437490201,0.05639966404714687
LBN,2002,Lower middle income,0.6279872491377025,0.05306165966796365
LBN,2001,Lower middle income,0.6224058224775446,0.046434238764695254
LBN,2000,Lower middle income,0.6167157397954861,0.04511125960130019
MYS,2022,Upper middle income,0.7392898364550284,0.09983310698486629
MYS,2021,Upper middle income,0.7262257616958393,0.0841033746648985
MYS,2020,Upper middle income,0.7376625432310769,0.08576045004285027
MYS,2019,Upper middle income,0.7543351178358606,0.09646907443110998
MYS,2018,Upper middle income,0.7514050249100862,0.09521832059102579
MYS,2017,Upper middle income,0.7482390680347047,0.09471850441761093
MYS,2016,Upper middle income,0.7078797108698835,0.08796992404704593
MYS,2015,Upper middle income,0.7054088264380375,0.08273789625870727
MYS,2014,Upper middle income,0.7036110357241342,0.08050718768477401
MYS,2013,Upper middle income,0.7024898051929215,0.0781067592034714
MYS,2012,Upper middle income,0.7008991200723121,0.07621042078525792
MYS,2011,Upper middle income,0.6982928635538852,0.07692602697122547
MYS,2010,Upper middle income,0.6953658971976839,0.08551831246215241
MYS,2009,Upper middle income,0.6919195439227066,0.07492168688420282
MYS,2008,Upper middle income,0.6815223249845537,0.09784332150146374
MYS,2007,Upper middle income,0.6706440412897394,0.09010458377395619
MYS,2006,Upper middle income,0.6592713299283566,0.08680633493328303
MYS,2005,Upper middle income,0.6474776869048949,0.074330304485841
MYS,2004,Upper middle income,0.6481623229468215,0.07378847117194506
MYS,2003,Upper middle income,0.6491342615517542,0.06225482855670115
MYS,2002,Upper middle income,0.6501244917789052,0.06295571470328556
MYS,2001,Upper middle income,0.6499771219212964,0.06397496181106757
MYS,2000,Upper middle income,0.649579032745118,0.07654494184562158
MEX,2022,Upper middle income,0.6696125840496497,0.06715613477275093
MEX,2021,Upper middle income,0.6403474818371304,0.06313835391448545
MEX,2020,Upper middle income,0.6417040360039433,0.06080001345856977
MEX,2019,Upper middle income,0.6645772399245988,0.07042767287097276
MEX,2018,Upper middle income,0.6591688798592653,0.0702913724894754
MEX,2017,Upper middle income,0.6546010011261716,0.06741990321943639
MEX,2016,Upper middle income,0.6549164106628172,0.06456863206616753
MEX,2015,Upper middle income,0.6542345727419301,0.06184705165818895
MEX,2014,Upper middle income,0.6491028018077896,0.062285221128221206
MEX,2013,Upper middle income,0.64624237631754,0.06407380197468429
MEX,2012,Upper middle income,0.6466536790362547,0.06275214954432737
MEX,2011,Upper middle income,0.6392765059832154,0.06264352163140773
MEX,2010,Upper middle income,0.6319260587499906,0.06060661897887751
MEX,2009,Upper middle income,0.6322870857987448,0.058560258444268036
MEX,2008,Upper middle income,0.6277161448297641,0.06244711548594706
MEX,2007,Upper middle income,0.6254512760676062,0.06263343822751072
MEX,2006,Upper middle income,0.6233481237195665,0.06296669153037661
MEX,2005,Upper middle income,0.6133028221358393,0.060039130778955556
MEX,2004,Upper middle income,0.6059992488261522,0.059437666847106364
MEX,2003,Upper middle income,0.5999992393778415,0.05784570413725656
MEX,2002,Upper middle income,0.5932157586634744,0.06537894675325037
MEX,2001,Upper middle income,0.5862233864457144,0.0680598295008632
MEX,2000,Upper middle income,0.5781887228634026,0.07179734684716144
MNG,2022,Upper middle income,0.6600160701369615,0.05064475494683078
MNG,2021,Upper middle income,0.6577835660942184,0.06232361272801267
MNG,2020,Upper middle income,0.6547558856353431,0.07017970763138391
MNG,2019,Upper middle income,0.6656822730827141,0.08170537732623559
MNG,2018,Upper middle income,0.6768124227781144,0.07932709253021288
MNG,2017,Upper middle income,0.6713241291748103,0.07754011136113492
MNG,2016,Upper middle income,0.6649834803961413,0.06799061609390879
MNG,2015,Upper middle income,0.6649575424968626,0.07715286447950087
MNG,2014,Upper middle income,0.6592345013853457,0.06839842275116484
MNG,2013,Upper middle income,0.6517872994608919,0.06985660476485792
MNG,2012,Upper middle income,0.6433249211714874,0.06551179702364252
MNG,2011,Upper middle income,0.6354574358432342,0.07754066594893065
MNG,2010,Upper middle income,0.6256442796585641,0.07461864881199626
MNG,2009,Upper middle income,0.6156484805951258,0.06409899878951486
MNG,2008,Upper middle income,0.6038829904662208,0.06530540200114937
MNG,2007,Upper middle income,0.5917998433497274,0.06751576434425462
MNG,2006,Upper middle income,0.57919688628821,0.07172321659178495
MNG,2005,Upper middle income,0.5662730129927855,0.06913953394087048
MNG,2004,Upper middle income,0.5523682260838865,0.06402209656661914
MNG,2003,Upper middle income,0.5354991944908317,0.04653087802808521
MNG,2002,Upper middle income,0.5249189583556526,0.041323448280827166
MNG,2001,Upper middle income,0.513056288479674,0.049434704515884
MNG,2000,Upper middle income,0.5009752491003326,0.04308937807417696
MAR,2022,Lower middle income,0.5575616841740786,0.04809577140123801
MAR,2021,Lower middle income,0.5441214432614252,0.04873259851198221
MAR,2020,Lower middle income,0.5377138904690497,0.04528087880378214
MAR,2019,Lower middle income,0.5286688127452577,0.05287443492798202
MAR,2018,Lower middle income,0.5222203753295553,0.05272081012416043
MAR,2017,Lower middle income,0.5146887888316488,0.05292509424429489
MAR,2016,Lower middle income,0.5131642354163095,0.05042225674030518
MAR,2015,Lower middle income,0.5054326291338933,0.04936962460374511
MAR,2014,Lower middle income,0.49561316232092306,0.04547315921757401
MAR,2013,Lower middle income,0.4850485485228146,0.0448771896989451
MAR,2012,Lower middle income,0.47423003943646813,0.04331208644052119
MAR,2011,Lower middle income,0.4633630074228036,0.045421582432072546
MAR,2010,Lower middle income,0.4520265208197423,0.04410100595758013
MAR,2009,Lower middle income,0.44388356039607163,0.043930112516784636
MAR,2008,Lower middle income,0.434975408622402,0.04488316589502111
MAR,2007,Lower middle income,0.4258801761100306,0.04408250157964428
MAR,2006,Lower middle income,0.4163088075533088,0.04419762847481447
MAR,2005,Lower middle income,0.4070982375640831,0.04412081849963747
MAR,2004,Lower middle income,0.3971278457963997,0.043710064771668805
MAR,2003,Lower middle income,0.38850217921703856,0.043486946603739585
MAR,2002,Lower middle income,0.3794622624305525,0.04256654568144026
MAR,2001,Lower middle income,0.3706445864001788,0.04275318885638288
MAR,2000,Lower middle income,0.3614042259650837,0.04228712683733259
MMR,2022,Lower middle income,0.49357001859909,0.06850835973760933
MMR,2021,Lower middle income,0.48405463819826944,0.06177512843721136
MMR,2020,Lower middle income,0.48798234516415384,0.07639243645723182
MMR,2019,Lower middle income,0.48353643633049637,0.07954480509162556
MMR,2018,Lower middle income,0.46866836277292834,0.06799772947942918
MMR,2017,Lower middle income,0.4532220849694699,0.06253765647014416
MMR,2016,Lower middle income,0.4375353664712467,0.060170537895825625
MMR,2015,Lower middle income,0.4290018275566071,0.05554565067144075
MMR,2014,Lower middle income,0.4186906819034921,0.0653646682452891
MMR,2013,Lower middle income,0.40756264600339165,0.07932451151542186
MMR,2012,Lower middle income,0.3962457863770812,0.09511968308710576
MMR,2011,Lower middle income,0.38423054604825413,0.13467809355441848
MMR,2010,Lower middle income,0.37229548122784384,0.12966888707789495
MMR,2009,Lower middle income,0.3620327869284419,0.1172357728955104
MMR,2008,Lower middle income,0.2773587066196531,0.09141725827258196
MMR,2007,Lower middle income,0.34177466433189063,0.11612104510536983
MMR,2006,Lower middle income,0.3320616001303022,0.10421591417409284
MMR,2005,Lower middle income,0.3225823946561982,0.09864736242889013
MMR,2004,Lower middle income,0.31414256401995755,0.09644652705902197
MMR,2003,Lower middle income,0.30590317898335273,0.09201942495212512
MMR,2002,Lower middle income,0.2980281038526096,0.08431964825673735
MMR,2001,Lower middle income,0.289797153013601,0.09419105229533926
MMR,2000,Lower middle income,0.2821042221051411,0.09683149401668031
NLD,2022,High income,0.8877219389947156,0.05858508895701478
NLD,2021,High income,0.8856849100454379,0.053255067943719446
NLD,2020,High income,0.8842559445533799,0.053116863424281104
NLD,2019,High income,0.8959368333495548,0.05855698221446593
NLD,2018,High income,0.8913960619538794,0.05796723204612714
NLD,2017,High income,0.8900342937651372,0.058235366575368167
NLD,2016,High income,0.8932315385555971,0.05749284402050776
NLD,2015,High income,0.8921089069507075,0.05692338689055813
NLD,2014,High income,0.8924533882830751,0.05568806100922886
NLD,2013,High income,0.8891119752134892,0.05518939491229996
NLD,2012,High income,0.8868001707959992,0.055601520111436896
NLD,2011,High income,0.8860353706934113,0.05644753152324331
NLD,2010,High income,0.8828062228698728,0.0564303381556208
NLD,2009,High income,0.8807368200521919,0.057099911370508016
NLD,2008,High income,0.8779010422558041,0.06136741529880713
NLD,2007,High income,0.8781728716623565,0.06299772228003941
NLD,2006,High income,0.8730246038557081,0.061808927415217575
NLD,2005,High income,0.8684645901667777,0.06113335428174589
NLD,2004,High income,0.8662614193409046,0.06111737238158644
NLD,2003,High income,0.8617115911654639,0.06112734179715258
NLD,2002,High income,0.8601129706889035,0.06392500435508063
NLD,2001,High income,0.8591661994761116,0.06733747869056425
NLD,2000,High income,0.8575512827679574,0.06976453576487021
NZL,2022,High income,0.892706981375424,0.0585047829452813
NZL,2021,High income,0.8941068675122005,0.05743374484185396
NZL,2020,High income,0.895544916471133,0.05699957488828341
NZL,2019,High income,0.8934705888674039,0.06083017778414847
NZL,2018,High income,0.8927801494457857,0.06273402558267142
NZL,2017,High income,0.8952820610407979,0.06282734738456192
NZL,2016,High income,0.9183080617845013,0.06226072989234794
NZL,2015,High income,0.9157867066680087,0.0610899431929351
NZL,2014,High income,0.9154601910332266,0.060187161638746246
NZL,2013,High income,0.9158262652411995,0.06005909211993244
NZL,2012,High income,0.9165557454137231,0.05663873605849771
NZL,2011,High income,0.914810006759037,0.05692258155798673
NZL,2010,High income,0.9125960216595043,0.05636722846076403
NZL,2009,High income,0.9109702906776896,0.056357618025229234
NZL,2008,High income,0.9080881600827939,0.057961222289891576
NZL,2007,High income,0.9064787253325738,0.06095047090624479
NZL,2006,High income,0.9052588103602887,0.059628075599922135
NZL,2005,High income,0.9027009629334242,0.06092461535463169
NZL,2004,High income,0.8997047070338429,0.06228811370914724
NZL,2003,High income,0.8955156759326321,0.06277698834281488
NZL,2002,High income,0.8922733965339449,0.061775540057829294
NZL,2001,High income,0.8900088910309113,0.0630216398504966
NZL,2000,High income,0.8841624967643565,0.06309425186344278
NIC,2022,Lower middle income,0.6503219194902036,0.051011995605786904
NIC,2021,Lower middle income,0.6226470035566484,0.045517937523107586
NIC,2020,Lower middle income,0.6204707978594218,0.0471069927478527
NIC,2019,Lower middle income,0.6361382586256047,0.0485590945654053
NIC,2018,Lower middle income,0.6322807357643677,0.052373809000965624
NIC,2017,Lower middle income,0.6243897305455272,0.04922181333907418
NIC,2016,Lower middle income,0.6183674162793139,0.05097874886141494
NIC,2015,Lower middle income,0.6116017272808733,0.05079131435891806
NIC,2014,Lower middle income,0.6054723999916994,0.0502031287539082
NIC,2013,Lower middle income,0.5984477772490077,0.0493649354604235
NIC,2012,Lower middle income,0.5919960068896856,0.04944586469502653
NIC,2011,Lower middle income,0.5836333209033565,0.04890484179342799
NIC,2010,Lower middle income,0.5758769140854338,0.04722457956506221
NIC,2009,Lower middle income,0.5689239710261339,0.05628533786733452
NIC,2008,Lower middle income,0.5628245073113366,0.05869470377467578
NIC,2007,Lower middle income,0.5559767284458401,0.059282429234190144
NIC,2006,Lower middle income,0.5486528057318859,0.062491959296980204
NIC,2005,Lower middle income,0.5390237888630364,0.062338675415248075
NIC,2004,Lower middle income,0.5278411990861483,0.06224972974606592
NIC,2003,Lower middle income,0.5173468089246184,0.06082721809486921
NIC,2002,Lower middle income,0.5063361939890164,0.062324677967047694
NIC,2001,Lower middle income,0.4939790913673151,0.05820970809517401
NIC,2000,Lower middle income,0.4833190880589701,0.05865212002232445
NGA,2022,Lower middle income,0.25854781354012835,0.055969747469312096
NGA,2021,Lower middle income,0.25018131387571546,0.05611741090332391
NGA,2020,Lower middle income,0.23984385143951203,0.06412470914983331
NGA,2019,Lower middle income,0.23190678407430465,0.06935116169276002
NGA,2018,Lower middle income,0.22089947827752132,0.0629219197720457
NGA,2017,Lower middle income,0.23136072554245002,0.05583057209133298
NGA,2016,Lower middle income,0.22835228570601157,0.05651189837590794
NGA,2015,Lower middle income,0.2206313585426073,0.05489837802215963
NGA,2014,Lower middle income,0.2148498060583986,0.05625597066955539
NGA,2013,Lower middle income,0.20830656770947598,0.05267049986441687
NGA,2012,Lower middle income,0.2050607107212462,0.05245759629893787
NGA,2011,Lower middle income,0.20037131433920058,0.05156981276262382
NGA,2010,Lower middle income,0.1958356089803301,0.05162782153074953
NGA,2009,Lower middle income,0.18984969838090493,0.04656736772675906
NGA,2008,Lower middle income,0.18242868843834076,0.0435130938723562
NGA,2007,Lower middle income,0.17064543275266042,0.03872445501845453
NGA,2006,Lower middle income,0.15715315562998383,0.03305399816304412
NGA,2005,Lower middle income,0.14398968522295358,0.029014938937711177
NGA,2004,Lower middle income,0.12995412799077352,0.02533036266470493
NGA,2003,Lower middle income,0.11498317291816572,0.02071658578121729
NGA,2002,Lower middle income,0.10020455234420392,0.03354323376527468
NGA,2001,Lower middle income,0.08653681383929486,0.023476177991636857
NGA,2000,Lower middle income,0.07382803278009395,0.019985558391674294
PAK,2022,Lower middle income,0.3368320390611138,0.06904008375690047
PAK,2021,Lower middle income,0.3216504553439976,0.06876370556658266
PAK,2020,Lower middle income,0.3188579089144258,0.063645404869415
PAK,2019,Lower middle income,0.32346976727816346,0.06389794998638246
PAK,2018,Lower middle income,0.3218467702395267,0.06236592331638664
PAK,2017,Lower middle income,0.32253906555186346,0.0655173348525702
PAK,2016,Lower middle income,0.3159441283443778,0.06334750621803295
PAK,2015,Lower middle income,0.30920220888304656,0.06334783272026528
PAK,2014,Lower middle income,0.3026941403450923,0.06449452547757283
PAK,2013,Lower middle income,0.29217086994354724,0.06278561417000708
PAK,2012,Lower middle income,0.2839821503112819,0.06760445059402241
PAK,2011,Lower middle income,0.2760076494884779,0.06521575819809497
PAK,2010,Lower middle income,0.26720145127822137,0.05961182439684809
PAK,2009,Lower middle income,0.25931863434326347,0.05542039893686101
PAK,2008,Lower middle income,0.25421577793056244,0.05251624652833007
PAK,2007,Lower middle income,0.2496304867836311,0.051381560202623314
PAK,2006,Lower middle income,0.24538770258197756,0.05207845907270812
PAK,2005,Lower middle income,0.23388176919440226,0.057836853028154216
PAK,2004,Lower middle income,0.22984322875536561,0.06604609217819346
PAK,2003,Lower middle income,0.2189727397704868,0.05555128894432142
PAK,2002,Lower middle income,0.20800202115719613,0.04882654703563816
PAK,2001,Lower middle income,0.19573477466933806,0.04685545192269097
PAK,2000,Lower middle income,0.18305152328068536,0.042386643780569146
PER,2022,Upper middle income,0.6835293253935344,0.0688608007523431
PER,2021,Upper middle income,0.6480072053747483,0.06109573113865915
PER,2020,Upper middle income,0.6600840269413595,0.062142408651652735
PER,2019,Upper middle income,0.6659714906687976,0.07432229212915506
PER,2018,Upper middle income,0.6614592822397046,0.07504869590257976
PER,2017,Upper middle income,0.6566683585447239,0.07496949106296767
PER,2016,Upper middle income,0.627538338742598,0.07192753056149295
PER,2015,Upper middle income,0.621193144578161,0.0698691750393789
PER,2014,Upper middle income,0.6184231254946614,0.07168440854073774
PER,2013,Upper middle income,0.612971140987827,0.07642315824228095
PER,2012,Upper middle income,0.6066621565007515,0.07922807164004911
PER,2011,Upper middle income,0.5972872494201105,0.08298766953396829
PER,2010,Upper middle income,0.5923765454998485,0.07814285724964187
PER,2009,Upper middle income,0.5761547935379026,0.0711074985104119
PER,2008,Upper middle income,0.5742191725499771,0.07760457291671066
PER,2007,Upper middle income,0.5716159220564959,0.08101691688740169
PER,2006,Upper middle income,0.5611872423029468,0.07946132078647561
PER,2005,Upper middle income,0.5557746874946006,0.07405377301982574
PER,2004,Upper middle income,0.5620167196528306,0.07607575771020214
PER,2003,Upper middle income,0.5560620791962386,0.07389688407522373
PER,2002,Upper middle income,0.5473560635052394,0.07053924876110144
PER,2001,Upper middle income,0.5378782140298245,0.06932554709063785
PER,2000,Upper middle income,0.5276534453163603,0.06903877565063254
PHL,2022,Lower middle income,0.5592522929998772,0.06401430846713116
PHL,2021,Lower middle income,0.5291710931007874,0.05373657494355728
PHL,2020,Lower middle income,0.5411665400402639,0.0599934251263553
PHL,2019,Lower middle income,0.5836590377109582,0.0770614156501395
PHL,2018,Lower middle income,0.5767560089766016,0.07385930953779818
PHL,2017,Lower middle income,0.5710161881076016,0.07205916510144066
PHL,2016,Lower middle income,0.572829404665581,0.07894426618230475
PHL,2015,Lower middle income,0.5775556965628065,0.08583341392305013
PHL,2014,Lower middle income,0.581095865447954,0.09125708987645294
PHL,2013,Lower middle income,0.5853777148534915,0.085935115244561
PHL,2012,Lower middle income,0.5829848874711338,0.08682008322295369
PHL,2011,Lower middle income,0.5799573218681813,0.08836831378930501
PHL,2010,Lower middle income,0.576186362022733,0.08639967457256689
PHL,2009,Lower middle income,0.5717646200633877,0.08530885355920322
PHL,2008,Lower middle income,0.5688444527259666,0.08824781442476501
PHL,2007,Lower middle income,0.5670879778034553,0.09090336555171749
PHL,2006,Lower middle income,0.5631783216432323,0.09078514294373498
PHL,2005,Lower middle income,0.5632022897080553,0.09277538697430694
PHL,2004,Lower middle income,0.5607340750751739,0.10164333185474188
PHL,2003,Lower middle income,0.5527820336503354,0.09194927811175664
PHL,2002,Lower middle income,0.5451623219856698,0.09858459036876005
PHL,2001,Lower middle income,0.5385131545216549,0.09329103773407603
PHL,2000,Lower middle income,0.5317152520611519,0.08549131416049795
ROU,2022,High income,0.7465052501342418,0.08227273353393008
ROU,2021,High income,0.7293509768898545,0.07446659985160387
ROU,2020,High income,0.7373702977103298,0.07512350427296302
ROU,2019,High income,0.7530088212345414,0.08113300762835693
ROU,2018,High income,0.7490291202138013,0.0847587557308084
ROU,2017,High income,0.745233679945166,0.08971162869592286
ROU,2016,High income,0.7321223982665673,0.0903206566100193
ROU,2015,High income,0.726609254243539,0.09026308365249762
ROU,2014,High income,0.7226777488727064,0.08863973335535635
ROU,2013,High income,0.7252520775137812,0.08746062025807617
ROU,2012,High income,0.7181563906510023,0.0979453016824264
ROU,2011,High income,0.7148774201367096,0.09674833338479027
ROU,2010,High income,0.7046739074762063,0.07780298687468164
ROU,2009,High income,0.7015205523778951,0.07559046138929369
ROU,2008,High income,0.6938662577989255,0.07608230881114567
ROU,2007,High income,0.6896821414577612,0.07519615984376266
ROU,2006,High income,0.680032111055449,0.0725168743344426
ROU,2005,High income,0.6713924470119791,0.07436637738630043
ROU,2004,High income,0.6628716454409171,0.07541145255844932
ROU,2003,High income,0.6565929272596867,0.07364756383422653
ROU,2002,High income,0.6507752924143426,0.08053077097732296
ROU,2001,High income,0.6488048242448549,0.08489685860697951
ROU,2000,High income,0.6450532974906168,0.09114280117673489
RUS,2022,High income,0.8007029967491449,0.07296437036655769
RUS,2021,High income,0.7825034449903837,0.07132699048873055
RUS,2020,High income,0.7912038105781946,0.06562097515376478
RUS,2019,High income,0.8388066296927505,0.08976853400483335
RUS,2018,High income,0.8348155299578142,0.08320358904091296
RUS,2017,High income,0.8323029132495932,0.08282603323511824
RUS,2016,High income,0.7762436362907376,0.08577142665080421
RUS,2015,High income,0.7716822473133734,0.084520921260743
RUS,2014,High income,0.7670458964929721,0.08341103490697076
RUS,2013,High income,0.7647707899449072,0.08646481169082898
RUS,2012,High income,0.7604749108363261,0.08711575501905834
RUS,2011,High income,0.7572317479561678,0.08900726578925461
RUS,2010,High income,0.7509525776197372,0.0851541585484002
RUS,2009,High income,0.7487291657231805,0.07402484118573836
RUS,2008,High income,0.74237632858348,0.08243687796988536
RUS,2007,High income,0.738252875278971,0.08570199581844135
RUS,2006,High income,0.7302851816065135,0.0845942046440451
RUS,2005,High income,0.7197932805234806,0.08424837955459588
RUS,2004,High income,0.7166493510885777,0.08625760492105912
RUS,2003,High income,0.7106732154659695,0.08037263057841088
RUS,2002,High income,0.7085983188236477,0.07573176511880865
RUS,2001,High income,0.7064926235311694,0.08462136813299441
RUS,2000,High income,0.7038800357504463,0.08843060684438662
SRB,2022,Upper middle income,0.765265946525618,0.0593375796366444
SRB,2021,Upper middle income,0.7485933118244024,0.05625063088122352
SRB,2020,Upper middle income,0.7570068667198468,0.06146086552050455
SRB,2019,Upper middle income,0.8224999566617401,0.06696793097218677
SRB,2018,Upper middle income,0.8196170910935769,0.06765866114195777
SRB,2017,Upper middle income,0.8147263245152407,0.06828906514738836
SRB,2016,Upper middle income,0.7562819577390072,0.0625356659110932
SRB,2015,Upper middle income,0.750938587247006,0.059311700866018106
SRB,2014,Upper middle income,0.7446244428608044,0.056869021821641656
SRB,2013,Upper middle income,0.7399677745646493,0.05622851625684718
SRB,2012,Upper middle income,0.7372103253279527,0.05595146949365903
SRB,2011,Upper middle income,0.7345164322167688,0.055011041196909916
SRB,2010,Upper middle income,0.7287534285473185,0.05427022789109751
SRB,2009,Upper middle income,0.7247787229144467,0.052405454207985515
SRB,2008,Upper middle income,0.7224153023352984,0.05248810778815036
SRB,2007,Upper middle income,0.7119364947679865,0.05240094807061502
SRB,2006,Upper middle income,0.7012442268993537,0.055199808081441815
SRB,2005,Upper middle income,0.6882526005956098,0.05508821193807185
SRB,2004,Upper middle income,0.6774089168119182,0.05620792342921081
SRB,2003,Upper middle income,0.6656673505102177,0.05604769973361149
SRB,2002,Upper middle income,0.6542990077548569,0.055435902141116655
SRB,2001,Upper middle income,0.6501098873725251,0.060720416348826765
SRB,2000,Upper middle income,0.6419118940180146,0.06176138913032041
SGP,2022,High income,0.9386132327932497,0.12708099264184528
SGP,2021,High income,0.9414268222347227,0.11780178427741868
SGP,2020,High income,0.9381983391483646,0.11299404230063388
SGP,2019,High income,0.9418588183430988,0.13298391797624992
SGP,2018,High income,0.9372671163785367,0.13632106844605574
SGP,2017,High income,0.9317459027470997,0.1316831701294662
SGP,2016,High income,0.9128914115767357,0.12641258710946027
SGP,2015,High income,0.9120118671644258,0.12947895472575086
SGP,2014,High income,0.9074231112615235,0.13352915643005922
SGP,2013,High income,0.9043951768414439,0.13835858083722788
SGP,2012,High income,0.9001803300776526,0.14076781900690866
SGP,2011,High income,0.8981116128527423,0.14521533358487673
SGP,2010,High income,0.8955884095183055,0.14263911147626457
SGP,2009,High income,0.8849994548766941,0.13819835251529886
SGP,2008,High income,0.8815272198605757,0.14792004379651386
SGP,2007,High income,0.8737339835527247,0.15105422842046096
SGP,2006,High income,0.8697785202131071,0.15012056912392785
SGP,2005,High income,0.87188979681991,0.13995831147706708
SGP,2004,High income,0.8651846071601512,0.1271777079964353
SGP,2003,High income,0.8588053616425454,0.11316549899899113
SGP,2002,High income,0.851919304144655,0.11771728719755217
SGP,2001,High income,0.846550424985891,0.1262468618867937
SGP,2000,High income,0.8409191773207555,0.12617577923904952
SVK,2022,High income,0.8296648301366454,0.06622579118656069
SVK,2021,High income,0.8139552628798162,0.06483928885420524
SVK,2020,High income,0.8273672789796673,0.0695805614100033
SVK,2019,High income,0.844592991559673,0.07545881595166654
SVK,2018,High income,0.8408776693509754,0.07918384433566612
SVK,2017,High income,0.8379665308716633,0.07839374901746726
SVK,2016,High income,0.8408563440827559,0.07649317228920212
SVK,2015,High income,0.8354654560815135,0.07367042218462445
SVK,2014,High income,0.8329632885112344,0.07504162876283867
SVK,2013,High income,0.8300283770439478,0.07177610874518602
SVK,2012,High income,0.8265746987283138,0.07253948932232691
SVK,2011,High income,0.8276432351078714,0.07391681379193728
SVK,2010,High income,0.8170934836211056,0.06977033087209039
SVK,2009,High income,0.8108459372752148,0.06782935100996274
SVK,2008,High income,0.8045820946977293,0.07678779380823288
SVK,2007,High income,0.796100374843103,0.07439798662467628
SVK,2006,High income,0.7911891194879386,0.07493408919491039
SVK,2005,High income,0.7840273943924444,0.07576124611878707
SVK,2004,High income,0.7794909523639468,0.07442524946320431
SVK,2003,High income,0.7722330396592139,0.07995729444077448
SVK,2002,High income,0.7673380805356431,0.078662001460335
SVK,2001,High income,0.7608282047039182,0.082098991553819
SVK,2000,High income,0.751646375650911,0.0819925737182766
KOR,2022,High income,0.9149034875976552,0.06397742081710134
KOR,2021,High income,0.9205582799608498,0.0665932523160984
KOR,2020,High income,0.9176298656854318,0.06974347463564091
KOR,2019,High income,0.9378715299543958,0.0732059464138695
KOR,2018,High income,0.9316344143079629,0.078152659529514
KOR,2017,High income,0.9295686423759572,0.08171343517666659
KOR,2016,High income,0.9216843198562157,0.08210241146110318
KOR,2015,High income,0.9178246631160002,0.08210467845532207
KOR,2014,High income,0.9139309446189303,0.09112131021220345
KOR,2013,High income,0.9087808265087787,0.09236881247975215
KOR,2012,High income,0.903630708398627,0.09310893259278955
KOR,2011,High income,0.8998168812792013,0.09323291134200623
KOR,2010,High income,0.8946667631690491,0.0936467284951447
KOR,2009,High income,0.8783874567838033,0.08952369468319789
KOR,2008,High income,0.8766526948067173,0.09412858202364477
KOR,2007,High income,0.8752764499247043,0.09644784701750168
KOR,2006,High income,0.8732793584617835,0.09623174409789984
KOR,2005,High income,0.8709563423669787,0.0995037247332653
KOR,2004,High income,0.8643930569026924,0.1014754754698362
KOR,2003,High income,0.8581719923018845,0.10040312389857588
KOR,2002,High income,0.8519672239326705,0.10695253161504212
KOR,2001,High income,0.8466603283263311,0.10281236785050062
KOR,2000,High income,0.8400970526171789,0.10813418640648252
TJK,2022,Lower middle income,0.6232037260611086,0.046701964692675374
TJK,2021,Lower middle income,0.6097922932265292,0.043319331548562864
TJK,2020,Lower middle income,0.603526466346423,0.0412594152431332
TJK,2019,Lower middle income,0.6693912795096981,0.053844457888410316
TJK,2018,Lower middle income,0.6684809528318836,0.05391452234759
TJK,2017,Lower middle income,0.6667194966177751,0.05377330474097861
TJK,2016,Lower middle income,0.6613372905960888,0.05209661639685282
TJK,2015,Lower middle income,0.6569337334570325,0.05532027341921906
TJK,2014,Lower middle income,0.654599674610959,0.05339535965672929
TJK,2013,Lower middle income,0.6507387385501726,0.05502498757055633
TJK,2012,Lower middle income,0.6446662604100031,0.06446734229492462
TJK,2011,Lower middle income,0.6379203785465424,0.06512828834905128
TJK,2010,Lower middle income,0.6310823600304885,0.0647783206290199
TJK,2009,Lower middle income,0.6253584112593165,0.0628241552233416
TJK,2008,Lower middle income,0.6174977811094716,0.06588823821385027
TJK,2007,Lower middle income,0.6072849883208689,0.06782449321181118
TJK,2006,Lower middle income,0.5970268485746166,0.07077091624464447
TJK,2005,Lower middle income,0.5850695175016141,0.06707684308297686
TJK,2004,Lower middle income,0.5759265217013845,0.07606864659449925
TJK,2003,Lower middle income,0.5601066506339498,0.0786337913259776
TJK,2002,Lower middle income,0.5415938237045852,0.07509347191748707
TJK,2001,Lower middle income,0.5243937574260691,0.07540226608821109
TJK,2000,Lower middle income,0.5069763595934832,0.07688876113839262
THA,2022,Upper middle income,0.6765401609481392,0.08492232454114071
THA,2021,Upper middle income,0.6892718934199488,0.08472402946684938
THA,2020,Upper middle income,0.6844363573414233,0.09113194965618897
THA,2019,Upper middle income,0.6896407070539994,0.10124900848285392
THA,2018,Upper middle income,0.6823685597951796,0.0965420431691612
THA,2017,Upper middle income,0.6795558491604945,0.09285972880868862
THA,2016,Upper middle income,0.6764789961884061,0.0877789075128156
THA,2015,Upper middle income,0.6716492181405448,0.08704333633721233
THA,2014,Upper middle income,0.6662982866063001,0.0876286450360156
THA,2013,Upper middle income,0.6604511941731127,0.0907520856102626
THA,2012,Upper middle income,0.655241040529239,0.09203006183733882
THA,2011,Upper middle income,0.6503164367057288,0.07766080449036676
THA,2010,Upper middle income,0.645116140486477,0.09351490568217541
THA,2009,Upper middle income,0.6386534463814809,0.08536622548424826
THA,2008,Upper middle income,0.6312268583143583,0.090591475334683
THA,2007,Upper middle income,0.6238403570259307,0.09179623731749129
THA,2006,Upper middle income,0.616218267679698,0.08618330575556458
THA,2005,Upper middle income,0.6139013612819769,0.08648553746857608
THA,2004,Upper middle income,0.6092659900153458,0.08497645167176404
THA,2003,Upper middle income,0.5999462559171556,0.08609109280376945
THA,2002,Upper middle income,0.5881793565632939,0.08169562916658604
THA,2001,Upper middle income,0.5768868522173011,0.07354397233853124
THA,2000,Upper middle income,0.5651934508189561,0.06764965128361707
TUN,2022,Lower middle income,0.6059373341180772,0.04400802542672749
TUN,2021,Lower middle income,0.5802376622771974,0.04248789262800126
TUN,2020,Lower middle income,0.589735895132044,0.04119619950112708
TUN,2019,Lower middle income,0.5893673717630208,0.04831535636507624
TUN,2018,Lower middle income,0.5924903225953186,0.048732674492690066
TUN,2017,Lower middle income,0.5859564885878121,0.04723160838013136
TUN,2016,Lower middle income,0.5991214839982668,0.04805184084163907
TUN,2015,Lower middle income,0.5954711920911622,0.04789113781847131
TUN,2014,Lower middle income,0.5923571693229905,0.047767192117688845
TUN,2013,Lower middle income,0.5891161989107001,0.047262349281233275
TUN,2012,Lower middle income,0.5861090794217865,0.04788196144065082
TUN,2011,Lower middle income,0.5862900156988757,0.048509594916877646
TUN,2010,Lower middle income,0.5822281230627402,0.05031101535346828
TUN,2009,Lower middle income,0.577598306755546,0.04839763293160408
TUN,2008,Lower middle income,0.5726393464129814,0.050073497976157906
TUN,2007,Lower middle income,0.5670345905826637,0.04871452799245195
TUN,2006,Lower middle income,0.5614431937601996,0.04852619629355716
TUN,2005,Lower middle income,0.5551601191514679,0.04787048338752769
TUN,2004,Lower middle income,0.548684626617481,0.0460317566514214
TUN,2003,Lower middle income,0.5415375006620873,0.04503192470691491
TUN,2002,Lower middle income,0.5340010819685257,0.04894411716246335
TUN,2001,Lower middle income,0.5258464658849717,0.04753123248080311
TUN,2000,Lower middle income,0.5178923032051608,0.04701837272484084
TUR,2022,Upper middle income,0.7388583511470717,0.11695066655120381
TUR,2021,Upper middle income,0.7253213938953991,0.08956204376259554
TUR,2020,Upper middle income,0.7263892872302576,0.08397348205011686
TUR,2019,Upper middle income,0.7127325893962037,0.08092517709362736
TUR,2018,Upper middle income,0.7062805713646393,0.08389808370621327
TUR,2017,Upper middle income,0.6987679658501633,0.08217474027497151
TUR,2016,Upper middle income,0.7009510524984428,0.07864868276794013
TUR,2015,Upper middle income,0.6962714765110953,0.08266896868094983
TUR,2014,Upper middle income,0.691256899535314,0.07911146651532215
TUR,2013,Upper middle income,0.684226358641507,0.0785040529506075
TUR,2012,Upper middle income,0.6755227940294313,0.07648871214071214
TUR,2011,Upper middle income,0.6657547130861404,0.07501824308578191
TUR,2010,Upper middle income,0.6590680603575694,0.07482991367873988
TUR,2009,Upper middle income,0.644395211199098,0.0695933480533057
TUR,2008,Upper middle income,0.6359327566869547,0.07448110763259666
TUR,2007,Upper middle income,0.6260350878444108,0.0731506146301934
TUR,2006,Upper middle income,0.6186301806999795,0.0730682128402997
TUR,2005,Upper middle income,0.6107126370020898,0.07434609416913172
TUR,2004,Upper middle income,0.6021893286323357,0.07316822806671497
TUR,2003,Upper middle income,0.5933530196555764,0.07118953560425637
TUR,2002,Upper middle income,0.5843612727660799,0.06970925259008415
TUR,2001,Upper middle income,0.5746243866955524,0.0700043717745219
TUR,2000,Upper middle income,0.5645850843604958,0.07128482530639049
UKR,2022,Upper middle income,0.7477760112141825,0.05289627369385243
UKR,2021,Upper middle income,0.7409141569768036,0.05552889339277536
UKR,2020,Upper middle income,0.7517688222748892,0.058076355026965294
UKR,2019,Upper middle income,0.7666113811810874,0.06116718184619512
UKR,2018,Upper middle income,0.763899984166604,0.05949463585339292
UKR,2017,Upper middle income,0.7662851355639185,0.05959154525148544
UKR,2016,Upper middle income,0.7619649096234321,0.06065713956325735
UKR,2015,Upper middle income,0.7566393304897049,0.05593922181669509
UKR,2014,Upper middle income,0.751299498941345,0.05748273963688959
UKR,2013,Upper middle income,0.7493988639514624,0.05607812178241841
UKR,2012,Upper middle income,0.7471307782045328,0.0550957338979607
UKR,2011,Upper middle income,0.7446337312260001,0.058382459640985956
UKR,2010,Upper middle income,0.7409122447585789,0.052136674775353505
UKR,2009,Upper middle income,0.7320123188876946,0.05358540122308311
UKR,2008,Upper middle income,0.7237320155848551,0.06212310998035135
UKR,2007,Upper middle income,0.7180525705118893,0.06023825856478623
UKR,2006,Upper middle income,0.7145245149134555,0.057638519410791636
UKR,2005,Upper middle income,0.7126802152287395,0.058443437129132754
UKR,2004,Upper middle income,0.7089040923142383,0.06277748754354091
UKR,2003,Upper middle income,0.7062754171539849,0.05912267697867055
UKR,2002,Upper middle income,0.7029451697133315,0.06258264401875457
UKR,2001,Upper middle income,0.6987847081363227,0.06816730615641566
UKR,2000,Upper middle income,0.6955262234677853,0.07454903266500586
GBR,2022,High income,0.8993038767918426,0.056171198683089375
GBR,2021,High income,0.8968724790379847,0.050038594543759245
GBR,2020,High income,0.8932032511115024,0.05131928315328306
GBR,2019,High income,0.8954242047871329,0.058851250913900234
GBR,2018,High income,0.8930431686969379,0.05976432897358677
GBR,2017,High income,0.8916787037690568,0.05923697684915138
GBR,2016,High income,0.8892569321105122,0.058529045988354844
GBR,2015,High income,0.8859023972209111,0.057560619937793656
GBR,2014,High income,0.8864768244155755,0.05717578652696983
GBR,2013,High income,0.8830394423315354,0.056957334225177764
GBR,2012,High income,0.89205920430333,0.05766204466126079
GBR,2011,High income,0.8889176334516599,0.05784284958035144
GBR,2010,High income,0.8853788572278314,0.05716525580848563
GBR,2009,High income,0.8801663086823618,0.05903058880641021
GBR,2008,High income,0.8711642057991071,0.0624486999339717
GBR,2007,High income,0.8644288688877759,0.06318201983313965
GBR,2006,High income,0.8573675878342916,0.06340671857390412
GBR,2005,High income,0.8503063262910759,0.06381726828518948
GBR,2004,High income,0.8430687679649038,0.06448326691992573
GBR,2003,High income,0.8358475058703263,0.06489699348803368
GBR,2002,High income,0.8286099475441548,0.06633972787224186
GBR,2001,High income,0.8223827555768249,0.07118807941470469
GBR,2000,High income,0.8157497475999662,0.07299676719741022
USA,2022,High income,0.8715345452702818,0.039751736772977886
USA,2021,High income,0.857626167533049,0.037394284735645926
USA,2020,High income,0.8640160844306431,0.035683630836217735
USA,2019,High income,0.8842722046971649,0.0409030731353476
USA,2018,High income,0.8812598809159082,0.040969149770660414
USA,2017,High income,0.8792597389295378,0.04024812579838467
USA,2016,High income,0.8683998407420855,0.04025135819536922
USA,2015,High income,0.8673919534469179,0.040509183431887266
USA,2014,High income,0.8678170117497012,0.03887486083989791
USA,2013,High income,0.8664963313977989,0.03900417992573566
USA,2012,High income,0.8650633857998481,0.03866441230164048
USA,2011,High income,0.8633525000772391,0.038137831485703884
USA,2010,High income,0.8614465116692784,0.03763125096284896
USA,2009,High income,0.8591310755973567,0.037452242048560444
USA,2008,High income,0.8561318833912492,0.039556391305174535
USA,2007,High income,0.8547469223005255,0.040391327083282955
USA,2006,High income,0.8516997455871909,0.040804262298194824
USA,2005,High income,0.8485403036278083,0.040892636551881356
USA,2004,High income,0.8483452009424556,0.040776029104762926
USA,2003,High income,0.8457509280104252,0.040594370862873416
USA,2002,High income,0.8455032929176942,0.04153725054908433
USA,2001,High income,0.8455180263313343,0.043433193981385926
USA,2000,High income,0.8446022652535088,0.045468187012456876
URY,2022,High income,0.7309525860009854,0.05433520372373002
URY,2021,High income,0.713373953213784,0.0533271115479683
URY,2020,High income,0.722394212107255,0.05306973474768197
URY,2019,High income,0.7119366707766942,0.051332834534288954
URY,2018,High income,0.7099443184406092,0.052573814649914855
URY,2017,High income,0.7079198256584424,0.05389614802826204
URY,2016,High income,0.6997224648443823,0.05381358748278213
URY,2015,High income,0.6979091923038816,0.055996662087642396
URY,2014,High income,0.6950812458476477,0.05648193258501778
URY,2013,High income,0.6909281025781451,0.05606633403377113
URY,2012,High income,0.6876101621813802,0.056701504639692854
URY,2011,High income,0.6847478802096257,0.05675685900699993
URY,2010,High income,0.682847315500249,0.06361410086349306
URY,2009,High income,0.6821757682584628,0.06332417610151787
URY,2008,High income,0.6782249461226078,0.06195273587454325
URY,2007,High income,0.6719440581735381,0.06512150741734872
URY,2006,High income,0.6647478108958208,0.06291011070521732
URY,2005,High income,0.6684332273731437,0.06403441998153737
URY,2004,High income,0.6693676176419451,0.06217582203219043
URY,2003,High income,0.6726774494148389,0.05776592401209268
URY,2002,High income,0.6667881792253183,0.05574019374439486
URY,2001,High income,0.661929625351568,0.052709880249976276
URY,2000,High income,0.6547909230857185,0.05647488162767461
UZB,2022,Lower middle income,0.7425755746550843,0.05894380264323273
UZB,2021,Lower middle income,0.7373027316756288,0.05642897676223841
UZB,2020,Lower middle income,0.7347162668420117,0.0629985688313554
UZB,2019,Lower middle income,0.737560072143054,0.06307800827235838
UZB,2018,Lower middle income,0.732559374066987,0.07406948422233568
UZB,2017,Lower middle income,0.727472354069864,0.07369630263239853
UZB,2016,Lower middle income,0.722824557357038,0.071352853586278
UZB,2015,Lower middle income,0.7119580565426836,0.06959172156071285
UZB,2014,Lower middle income,0.705509958951853,0.06954842699261847
UZB,2013,Lower middle income,0.6978071500532318,0.060886022204146566
UZB,2012,Lower middle income,0.6892976946869107,0.059549856154241125
UZB,2011,Lower middle income,0.6801046935057391,0.0613745551013851
UZB,2010,Lower middle income,0.6701429037660827,0.060274681223953824
UZB,2009,Lower middle income,0.6595925686695414,0.06213627728436958
UZB,2008,Lower middle income,0.6477070204526082,0.0615501792595521
UZB,2007,Lower middle income,0.6348451098374515,0.06126996530247196
UZB,2006,Lower middle income,0.6213007037804197,0.05877866255921484
UZB,2005,Lower middle income,0.6090633355690576,0.05745472990309965
UZB,2004,Lower middle income,0.5975547385099197,0.05605895450865984
UZB,2003,Lower middle income,0.5858361963679495,0.053223906412990137
UZB,2002,Lower middle income,0.573822446889244,0.052354103588090985
UZB,2001,Lower middle income,0.5617722165230095,0.050810903383610634
UZB,2000,Lower middle income,0.5516282488618472,0.05036921448735464
VNM,2022,Lower middle income,0.7393845866279722,0.09889709182757096
VNM,2021,Lower middle income,0.7329627803912391,0.09795374920285954
VNM,2020,Lower middle income,0.7371979338260839,0.09765857616131982
VNM,2019,Lower middle income,0.7253307613124104,0.09000175857477898
VNM,2018,Lower middle income,0.7225708466482795,0.08842236033153435
VNM,2017,Lower middle income,0.7197036398815323,0.08558929477660969
VNM,2016,Lower middle income,0.730432001861133,0.08759205226204185
VNM,2015,Lower middle income,0.7279576565276344,0.08956156959818547
VNM,2014,Lower middle income,0.7252160529959903,0.08810884381324223
VNM,2013,Lower middle income,0.7225011674800534,0.08081061608185945
VNM,2012,Lower middle income,0.7198263863020533,0.076496281500361
VNM,2011,Lower middle income,0.7174807413553161,0.08195176333185897
VNM,2010,Lower middle income,0.7145186498102025,0.07836867960947552
VNM,2009,Lower middle income,0.7114011320585125,0.0764821677098868
VNM,2008,Lower middle income,0.7063089224306238,0.07638229928774905
VNM,2007,Lower middle income,0.7009543833169007,0.0736612594843139
VNM,2006,Lower middle income,0.6951905227083637,0.07351426842358096
VNM,2005,Lower middle income,0.6894066177349656,0.07489518293900727
VNM,2004,Lower middle income,0.6830458486068933,0.07610827093981565
VNM,2003,Lower middle income,0.6784940088327196,0.07684800138801204
VNM,2002,Lower middle income,0.6718624760212167,0.07671853529719244
VNM,2001,Lower middle income,0.6645944600505838,0.06860106713186369
VNM,2000,Lower middle income,0.6562405350880699,0.0729620880685147
