Country,ISO3,Year,Population
Argentina,ARG,2000,37213984
Argentina,ARG,2001,37624825
Argentina,ARG,2002,38029349
Argentina,ARG,2003,38424282
Argentina,ARG,2004,38815916
Argentina,ARG,2005,39216789
Argentina,ARG,2006,39622115
Argentina,ARG,2007,40016763
Argentina,ARG,2008,40424148
Argentina,ARG,2009,40854831
Argentina,ARG,2010,41288694
Argentina,ARG,2011,41730660
Argentina,ARG,2012,42161721
Argentina,ARG,2013,42582455
Argentina,ARG,2014,43024071
Argentina,ARG,2015,43477012
Argentina,ARG,2016,43900313
Argentina,ARG,2017,44288894
Argentina,ARG,2018,44654882
Argentina,ARG,2019,44973465
Argentina,ARG,2020,45191965
Argentina,ARG,2021,45312281
Argentina,ARG,2022,45407904
Argentina,ARG,2023,45538401
Argentina,ARG,2024,45696159
Argentina,ARG,2025,45851378
Argentina,ARG,2026,46003734
Argentina,ARG,2027,46153342
Argentina,ARG,2028,46299946
Argentina,ARG,2029,46443764
Argentina,ARG,2030,46585022
Argentina,ARG,2031,46723736
Argentina,ARG,2032,46859877
Argentina,ARG,2033,46993516
Argentina,ARG,2034,47124535
Argentina,ARG,2035,47251994
Argentina,ARG,2036,47375365
Argentina,ARG,2037,47494512
Argentina,ARG,2038,47608787
Argentina,ARG,2039,47716823
Argentina,ARG,2040,47817645
Argentina,ARG,2041,47910498
Argentina,ARG,2042,47994507
Argentina,ARG,2043,48069561
Argentina,ARG,2044,48135529
Argentina,ARG,2045,48191841
Argentina,ARG,2046,48237678
Argentina,ARG,2047,48272492
Argentina,ARG,2048,48296026
Argentina,ARG,2049,48308274
Argentina,ARG,2050,48308944
Armenia,ARM,2000,3221100
Armenia,ARM,2001,3211800
Armenia,ARM,2002,3199800
Armenia,ARM,2003,3182500
Armenia,ARM,2004,3164900
Armenia,ARM,2005,3146400
Armenia,ARM,2006,3127100
Armenia,ARM,2007,3107400
Armenia,ARM,2008,3087100
Armenia,ARM,2009,3066000
Armenia,ARM,2010,3044800
Armenia,ARM,2011,3027900
Armenia,ARM,2012,3024100
Armenia,ARM,2013,3022000
Armenia,ARM,2014,3013800
Armenia,ARM,2015,3004600
Armenia,ARM,2016,2992300
Armenia,ARM,2017,2979400
Armenia,ARM,2018,2969000
Armenia,ARM,2019,2962500
Armenia,ARM,2020,2961500
Armenia,ARM,2021,2962300
Armenia,ARM,2022,2969200
Armenia,ARM,2023,2990900
Armenia,ARM,2024,2969294
Armenia,ARM,2025,2947373
Armenia,ARM,2026,2926208
Armenia,ARM,2027,2906521
Armenia,ARM,2028,2886841
Armenia,ARM,2029,2866759
Armenia,ARM,2030,2846958
Armenia,ARM,2031,2827054
Armenia,ARM,2032,2807697
Armenia,ARM,2033,2787982
Armenia,ARM,2034,2768472
Armenia,ARM,2035,2748534
Armenia,ARM,2036,2728995
Armenia,ARM,2037,2709613
Armenia,ARM,2038,2690597
Armenia,ARM,2039,2670793
Armenia,ARM,2040,2651467
Armenia,ARM,2041,2632642
Armenia,ARM,2042,2613833
Armenia,ARM,2043,2595594
Armenia,ARM,2044,2578226
Armenia,ARM,2045,2561109
Armenia,ARM,2046,2544227
Armenia,ARM,2047,2527581
Armenia,ARM,2048,2511200
Armenia,ARM,2049,2495049
Armenia,ARM,2050,2479243
Australia,AUS,2000,19028802
Australia,AUS,2001,19274701
Australia,AUS,2002,19495210
Australia,AUS,2003,19720737
Australia,AUS,2004,19932722
Australia,AUS,2005,20176844
Australia,AUS,2006,20450966
Australia,AUS,2007,20827622
Australia,AUS,2008,21249199
Australia,AUS,2009,21691653
Australia,AUS,2010,22031750
Australia,AUS,2011,22340024
Australia,AUS,2012,22733465
Australia,AUS,2013,23128129
Australia,AUS,2014,23475686
Australia,AUS,2015,23815995
Australia,AUS,2016,24190907
Australia,AUS,2017,24592588
Australia,AUS,2018,24963258
Australia,AUS,2019,25334826
Australia,AUS,2020,25649248
Australia,AUS,2021,25685412
Australia,AUS,2022,26014399
Australia,AUS,2023,26658948
Australia,AUS,2024,26912972
Australia,AUS,2025,27160742
Australia,AUS,2026,27397934
Australia,AUS,2027,27633180
Australia,AUS,2028,27864864
Australia,AUS,2029,28086540
Australia,AUS,2030,28307092
Australia,AUS,2031,28523852
Australia,AUS,2032,28734674
Australia,AUS,2033,28943238
Australia,AUS,2034,29150418
Australia,AUS,2035,29359642
Australia,AUS,2036,29568628
Australia,AUS,2037,29770354
Australia,AUS,2038,29977266
Australia,AUS,2039,30177900
Australia,AUS,2040,30382826
Australia,AUS,2041,30591692
Australia,AUS,2042,30803796
Australia,AUS,2043,31013200
Australia,AUS,2044,31222552
Australia,AUS,2045,31436170
Australia,AUS,2046,31656828
Australia,AUS,2047,31865958
Australia,AUS,2048,32088258
Australia,AUS,2049,32299192
Australia,AUS,2050,32510680
Bangladesh,BGD,2000,134544304
Bangladesh,BGD,2001,136805810
Bangladesh,BGD,2002,138933658
Bangladesh,BGD,2003,140970351
Bangladesh,BGD,2004,142902856
Bangladesh,BGD,2005,144715786
Bangladesh,BGD,2006,146405973
Bangladesh,BGD,2007,147989278
Bangladesh,BGD,2008,149474264
Bangladesh,BGD,2009,150873714
Bangladesh,BGD,2010,152201981
Bangladesh,BGD,2011,153591076
Bangladesh,BGD,2012,155070101
Bangladesh,BGD,2013,156532141
Bangladesh,BGD,2014,157964929
Bangladesh,BGD,2015,159383179
Bangladesh,BGD,2016,160811932
Bangladesh,BGD,2017,162186147
Bangladesh,BGD,2018,163523103
Bangladesh,BGD,2019,164913055
Bangladesh,BGD,2020,166298024
Bangladesh,BGD,2021,167658854
Bangladesh,BGD,2022,169384897
Bangladesh,BGD,2023,171466990
Bangladesh,BGD,2024,173562364
Bangladesh,BGD,2025,175686899
Bangladesh,BGD,2026,177818044
Bangladesh,BGD,2027,179930175
Bangladesh,BGD,2028,182014774
Bangladesh,BGD,2029,184064620
Bangladesh,BGD,2030,186072407
Bangladesh,BGD,2031,188025198
Bangladesh,BGD,2032,189904568
Bangladesh,BGD,2033,191717185
Bangladesh,BGD,2034,193461166
Bangladesh,BGD,2035,195130372
Bangladesh,BGD,2036,196740575
Bangladesh,BGD,2037,198288196
Bangladesh,BGD,2038,199776948
Bangladesh,BGD,2039,201208774
Bangladesh,BGD,2040,202589429
Bangladesh,BGD,2041,203939079
Bangladesh,BGD,2042,205259486
Bangladesh,BGD,2043,206545483
Bangladesh,BGD,2044,207801055
Bangladesh,BGD,2045,209029594
Bangladesh,BGD,2046,210231190
Bangladesh,BGD,2047,211402170
Bangladesh,BGD,2048,212537928
Bangladesh,BGD,2049,213638540
Bangladesh,BGD,2050,214709097
Brazil,BRA,2000,174018282
Brazil,BRA,2001,176301203
Brazil,BRA,2002,178503484
Brazil,BRA,2003,180622688
Brazil,BRA,2004,182675143
Brazil,BRA,2005,184688101
Brazil,BRA,2006,186653106
Brazil,BRA,2007,188552320
Brazil,BRA,2008,190367302
Brazil,BRA,2009,192079951
Brazil,BRA,2010,193701929
Brazil,BRA,2011,195284734
Brazil,BRA,2012,196876111
Brazil,BRA,2013,198478299
Brazil,BRA,2014,200085127
Brazil,BRA,2015,201675532
Brazil,BRA,2016,203218114
Brazil,BRA,2017,204703445
Brazil,BRA,2018,206107261
Brazil,BRA,2019,207455459
Brazil,BRA,2020,208660842
Brazil,BRA,2021,209550294
Brazil,BRA,2022,210306415
Brazil,BRA,2023,211140729
Brazil,BRA,2024,211998573
Brazil,BRA,2025,212812405
Brazil,BRA,2026,213562666
Brazil,BRA,2027,214261025
Brazil,BRA,2028,214911373
Brazil,BRA,2029,215515171
Brazil,BRA,2030,216074411
Brazil,BRA,2031,216587350
Brazil,BRA,2032,217055384
Brazil,BRA,2033,217479384
Brazil,BRA,2034,217860883
Brazil,BRA,2035,218199707
Brazil,BRA,2036,218495204
Brazil,BRA,2037,218747241
Brazil,BRA,2038,218955562
Brazil,BRA,2039,219118373
Brazil,BRA,2040,219237084
Brazil,BRA,2041,219307149
Brazil,BRA,2042,219319761
Brazil,BRA,2043,219276520
Brazil,BRA,2044,219178995
Brazil,BRA,2045,219026196
Brazil,BRA,2046,218821033
Brazil,BRA,2047,218565368
Brazil,BRA,2048,218258220
Brazil,BRA,2049,217897826
Brazil,BRA,2050,217489299
Canada,CAN,2000,30685730
Canada,CAN,2001,31020855
Canada,CAN,2002,31359199
Canada,CAN,2003,31642461
Canada,CAN,2004,31938807
Canada,CAN,2005,32242732
Canada,CAN,2006,32571193
Canada,CAN,2007,32888886
Canada,CAN,2008,33247298
Canada,CAN,2009,33630069
Canada,CAN,2010,34005902
Canada,CAN,2011,34339221
Canada,CAN,2012,34713395
Canada,CAN,2013,35080992
Canada,CAN,2014,35434066
Canada,CAN,2015,35704498
Canada,CAN,2016,36110803
Canada,CAN,2017,36545075
Canada,CAN,2018,37072620
Canada,CAN,2019,37618495
Canada,CAN,2020,38028638
Canada,CAN,2021,38239864
Canada,CAN,2022,38939056
Canada,CAN,2023,40097761
Canada,CAN,2024,40491600
Canada,CAN,2025,40836408
Canada,CAN,2026,41140456
Canada,CAN,2027,41429860
Canada,CAN,2028,41709648
Canada,CAN,2029,41972692
Canada,CAN,2030,42228392
Canada,CAN,2031,42478104
Canada,CAN,2032,42713568
Canada,CAN,2033,42929384
Canada,CAN,2034,43149260
Canada,CAN,2035,43346024
Canada,CAN,2036,43547080
Canada,CAN,2037,43743024
Canada,CAN,2038,43933388
Canada,CAN,2039,44110976
Canada,CAN,2040,44279704
Canada,CAN,2041,44447824
Canada,CAN,2042,44613916
Canada,CAN,2043,44775292
Canada,CAN,2044,44936440
Canada,CAN,2045,45102272
Canada,CAN,2046,45254332
Canada,CAN,2047,45407064
Canada,CAN,2048,45563996
Canada,CAN,2049,45707512
Canada,CAN,2050,45865428
Chile,CHL,2000,15503635
Chile,CHL,2001,15683849
Chile,CHL,2002,15857925
Chile,CHL,2003,16024752
Chile,CHL,2004,16187322
Chile,CHL,2005,16348778
Chile,CHL,2006,16509195
Chile,CHL,2007,16671581
Chile,CHL,2008,16838988
Chile,CHL,2009,17009731
Chile,CHL,2010,17181464
Chile,CHL,2011,17351816
Chile,CHL,2012,17519119
Chile,CHL,2013,17687006
Chile,CHL,2014,17864195
Chile,CHL,2015,18047625
Chile,CHL,2016,18267221
Chile,CHL,2017,18558868
Chile,CHL,2018,18893191
Chile,CHL,2019,19197744
Chile,CHL,2020,19370624
Chile,CHL,2021,19456334
Chile,CHL,2022,19553036
Chile,CHL,2023,19658835
Chile,CHL,2024,19764771
Chile,CHL,2025,19859921
Chile,CHL,2026,19945850
Chile,CHL,2027,20026154
Chile,CHL,2028,20100933
Chile,CHL,2029,20169624
Chile,CHL,2030,20233183
Chile,CHL,2031,20290985
Chile,CHL,2032,20341807
Chile,CHL,2033,20385072
Chile,CHL,2034,20422549
Chile,CHL,2035,20455940
Chile,CHL,2036,20485086
Chile,CHL,2037,20507949
Chile,CHL,2038,20524482
Chile,CHL,2039,20535706
Chile,CHL,2040,20542103
Chile,CHL,2041,20543285
Chile,CHL,2042,20539916
Chile,CHL,2043,20532924
Chile,CHL,2044,20519684
Chile,CHL,2045,20499138
Chile,CHL,2046,20473282
Chile,CHL,2047,20443723
Chile,CHL,2048,20408336
Chile,CHL,2049,20366442
Chile,CHL,2050,20320306
China,CHN,2000,1262645000
China,CHN,2001,1271850000
China,CHN,2002,1280400000
China,CHN,2003,1288400000
China,CHN,2004,1296075000
China,CHN,2005,1303720000
China,CHN,2006,1311020000
China,CHN,2007,1317885000
China,CHN,2008,1324655000
China,CHN,2009,1331260000
China,CHN,2010,1337705000
China,CHN,2011,1345035000
China,CHN,2012,1354190000
China,CHN,2013,1363240000
China,CHN,2014,1371860000
China,CHN,2015,1379860000
China,CHN,2016,1387790000
China,CHN,2017,1396215000
China,CHN,2018,1402760000
China,CHN,2019,1407745000
China,CHN,2020,1411100000
China,CHN,2021,1412360000
China,CHN,2022,1412175000
China,CHN,2023,1410710000
China,CHN,2024,1407607424
China,CHN,2025,1404579072
China,CHN,2026,1401701632
China,CHN,2027,1398458368
China,CHN,2028,1394788480
China,CHN,2029,1390719744
China,CHN,2030,1386313728
China,CHN,2031,1381538816
China,CHN,2032,1376446720
China,CHN,2033,1371030656
China,CHN,2034,1365342464
China,CHN,2035,1359378048
China,CHN,2036,1353139328
China,CHN,2037,1346677632
China,CHN,2038,1340082048
China,CHN,2039,1333312256
China,CHN,2040,1326455680
China,CHN,2041,1319499136
China,CHN,2042,1312439424
China,CHN,2043,1305215232
China,CHN,2044,1297703680
China,CHN,2045,1289754624
China,CHN,2046,1281281536
China,CHN,2047,1272284800
China,CHN,2048,1262670848
China,CHN,2049,1252468096
China,CHN,2050,1241757952
Cyprus,CYP,2000,947667
Cyprus,CYP,2001,964127
Cyprus,CYP,2002,981440
Cyprus,CYP,2003,999590
Cyprus,CYP,2004,1017875
Cyprus,CYP,2005,1036151
Cyprus,CYP,2006,1054418
Cyprus,CYP,2007,1072714
Cyprus,CYP,2008,1091026
Cyprus,CYP,2009,1109371
Cyprus,CYP,2010,1127816
Cyprus,CYP,2011,1146493
Cyprus,CYP,2012,1165397
Cyprus,CYP,2013,1183895
Cyprus,CYP,2014,1201801
Cyprus,CYP,2015,1219502
Cyprus,CYP,2016,1237112
Cyprus,CYP,2017,1254275
Cyprus,CYP,2018,1270737
Cyprus,CYP,2019,1286671
Cyprus,CYP,2020,1302247
Cyprus,CYP,2021,1317309
Cyprus,CYP,2022,1331370
Cyprus,CYP,2023,1344976
Cyprus,CYP,2024,1358282
Cyprus,CYP,2025,1370754
Cyprus,CYP,2026,1382334
Cyprus,CYP,2027,1393337
Cyprus,CYP,2028,1403776
Cyprus,CYP,2029,1413341
Cyprus,CYP,2030,1422318
Cyprus,CYP,2031,1430680
Cyprus,CYP,2032,1438504
Cyprus,CYP,2033,1445950
Cyprus,CYP,2034,1452844
Cyprus,CYP,2035,1459190
Cyprus,CYP,2036,1465175
Cyprus,CYP,2037,1470712
Cyprus,CYP,2038,1475793
Cyprus,CYP,2039,1480545
Cyprus,CYP,2040,1484849
Cyprus,CYP,2041,1488690
Cyprus,CYP,2042,1492046
Cyprus,CYP,2043,1494990
Cyprus,CYP,2044,1497658
Cyprus,CYP,2045,1500070
Cyprus,CYP,2046,1502263
Cyprus,CYP,2047,1504225
Cyprus,CYP,2048,1505915
Cyprus,CYP,2049,1507310
Cyprus,CYP,2050,1508482
Czechia,CZE,2000,10255063
Czechia,CZE,2001,10216605
Czechia,CZE,2002,10196916
Czechia,CZE,2003,10193998
Czechia,CZE,2004,10197101
Czechia,CZE,2005,10211216
Czechia,CZE,2006,10238905
Czechia,CZE,2007,10298828
Czechia,CZE,2008,10384603
Czechia,CZE,2009,10443936
Czechia,CZE,2010,10474410
Czechia,CZE,2011,10496088
Czechia,CZE,2012,10510785
Czechia,CZE,2013,10514272
Czechia,CZE,2014,10525347
Czechia,CZE,2015,10546059
Czechia,CZE,2016,10566332
Czechia,CZE,2017,10594438
Czechia,CZE,2018,10629928
Czechia,CZE,2019,10671870
Czechia,CZE,2020,10697858
Czechia,CZE,2021,10505772
Czechia,CZE,2022,10672118
Czechia,CZE,2023,10864042
Czechia,CZE,2024,10750974
Czechia,CZE,2025,10607317
Czechia,CZE,2026,10583950
Czechia,CZE,2027,10558040
Czechia,CZE,2028,10528577
Czechia,CZE,2029,10496986
Czechia,CZE,2030,10464104
Czechia,CZE,2031,10430094
Czechia,CZE,2032,10395395
Czechia,CZE,2033,10360556
Czechia,CZE,2034,10325964
Czechia,CZE,2035,10291840
Czechia,CZE,2036,10258919
Czechia,CZE,2037,10226324
Czechia,CZE,2038,10195582
Czechia,CZE,2039,10165794
Czechia,CZE,2040,10137943
Czechia,CZE,2041,10111029
Czechia,CZE,2042,10085708
Czechia,CZE,2043,10061397
Czechia,CZE,2044,10037542
Czechia,CZE,2045,10013246
Czechia,CZE,2046,9987919
Czechia,CZE,2047,9962067
Czechia,CZE,2048,9935144
Czechia,CZE,2049,9907238
Czechia,CZE,2050,9877008
Ecuador,ECU,2000,12689206
Ecuador,ECU,2001,12910740
Ecuador,ECU,2002,13138472
Ecuador,ECU,2003,13372306
Ecuador,ECU,2004,13608701
Ecuador,ECU,2005,13846163
Ecuador,ECU,2006,14086131
Ecuador,ECU,2007,14328773
Ecuador,ECU,2008,14575202
Ecuador,ECU,2009,14825954
Ecuador,ECU,2010,15076695
Ecuador,ECU,2011,15326227
Ecuador,ECU,2012,15572194
Ecuador,ECU,2013,15807128
Ecuador,ECU,2014,16035124
Ecuador,ECU,2015,16266225
Ecuador,ECU,2016,16505139
Ecuador,ECU,2017,16759519
Ecuador,ECU,2018,17049547
Ecuador,ECU,2019,17340021
Ecuador,ECU,2020,17546065
Ecuador,ECU,2021,17682454
Ecuador,ECU,2022,17823897
Ecuador,ECU,2023,17980083
Ecuador,ECU,2024,18135478
Ecuador,ECU,2025,18289896
Ecuador,ECU,2026,18444506
Ecuador,ECU,2027,18600320
Ecuador,ECU,2028,18757226
Ecuador,ECU,2029,18914095
Ecuador,ECU,2030,19069719
Ecuador,ECU,2031,19222811
Ecuador,ECU,2032,19372500
Ecuador,ECU,2033,19518745
Ecuador,ECU,2034,19661352
Ecuador,ECU,2035,19800128
Ecuador,ECU,2036,19935165
Ecuador,ECU,2037,20066378
Ecuador,ECU,2038,20193575
Ecuador,ECU,2039,20316265
Ecuador,ECU,2040,20434220
Ecuador,ECU,2041,20547450
Ecuador,ECU,2042,20655768
Ecuador,ECU,2043,20759130
Ecuador,ECU,2044,20857470
Ecuador,ECU,2045,20950628
Ecuador,ECU,2046,21038531
Ecuador,ECU,2047,21121175
Ecuador,ECU,2048,21198613
Ecuador,ECU,2049,21270656
Ecuador,ECU,2050,21337237
Egypt,EGY,2000,73083284
Egypt,EGY,2001,74652029
Egypt,EGY,2002,76239137
Egypt,EGY,2003,77853548
Egypt,EGY,2004,79477443
Egypt,EGY,2005,81101004
Egypt,EGY,2006,82700403
Egypt,EGY,2007,84276225
Egypt,EGY,2008,85864789
Egypt,EGY,2009,87501636
Egypt,EGY,2010,89196072
Egypt,EGY,2011,91093059
Egypt,EGY,2012,93161001
Egypt,EGY,2013,95333553
Egypt,EGY,2014,97528654
Egypt,EGY,2015,99597342
Egypt,EGY,2016,101644589
Egypt,EGY,2017,103696057
Egypt,EGY,2018,105682094
Egypt,EGY,2019,107553158
Egypt,EGY,2020,109315124
Egypt,EGY,2021,110957008
Egypt,EGY,2022,112618250
Egypt,EGY,2023,114535772
Egypt,EGY,2024,116538258
Egypt,EGY,2025,118365995
Egypt,EGY,2026,120101175
Egypt,EGY,2027,121847617
Egypt,EGY,2028,123608457
Egypt,EGY,2029,125373049
Egypt,EGY,2030,127139322
Egypt,EGY,2031,128912251
Egypt,EGY,2032,130695078
Egypt,EGY,2033,132485605
Egypt,EGY,2034,134287840
Egypt,EGY,2035,136097217
Egypt,EGY,2036,137913263
Egypt,EGY,2037,139738696
Egypt,EGY,2038,141565831
Egypt,EGY,2039,143393264
Egypt,EGY,2040,145213654
Egypt,EGY,2041,147018557
Egypt,EGY,2042,148800781
Egypt,EGY,2043,150547656
Egypt,EGY,2044,152255334
Egypt,EGY,2045,153919189
Egypt,EGY,2046,155535948
Egypt,EGY,2047,157114405
Egypt,EGY,2048,158657389
Egypt,EGY,2049,160161614
Egypt,EGY,2050,161630192
Ethiopia,ETH,2000,67411494
Ethiopia,ETH,2001,69487762
Ethiopia,ETH,2002,71635517
Ethiopia,ETH,2003,73832663
Ethiopia,ETH,2004,76077206
Ethiopia,ETH,2005,78367470
Ethiopia,ETH,2006,80703490
Ethiopia,ETH,2007,83103217
Ethiopia,ETH,2008,85543668
Ethiopia,ETH,2009,88007636
Ethiopia,ETH,2010,90538514
Ethiopia,ETH,2011,93149970
Ethiopia,ETH,2012,95798767
Ethiopia,ETH,2013,98438751
Ethiopia,ETH,2014,101115610
Ethiopia,ETH,2015,103867135
Ethiopia,ETH,2016,106718162
Ethiopia,ETH,2017,109666481
Ethiopia,ETH,2018,112664152
Ethiopia,ETH,2019,115737383
Ethiopia,ETH,2020,118917671
Ethiopia,ETH,2021,122138588
Ethiopia,ETH,2022,125384287
Ethiopia,ETH,2023,128691692
Ethiopia,ETH,2024,132059767
Ethiopia,ETH,2025,135472051
Ethiopia,ETH,2026,138902185
Ethiopia,ETH,2027,142364797
Ethiopia,ETH,2028,145841261
Ethiopia,ETH,2029,149336062
Ethiopia,ETH,2030,152855357
Ethiopia,ETH,2031,156382428
Ethiopia,ETH,2032,159923899
Ethiopia,ETH,2033,163453315
Ethiopia,ETH,2034,166978793
Ethiopia,ETH,2035,170532954
Ethiopia,ETH,2036,174097775
Ethiopia,ETH,2037,177661138
Ethiopia,ETH,2038,181235897
Ethiopia,ETH,2039,184835111
Ethiopia,ETH,2040,188450902
Ethiopia,ETH,2041,192068630
Ethiopia,ETH,2042,195695304
Ethiopia,ETH,2043,199347986
Ethiopia,ETH,2044,203014371
Ethiopia,ETH,2045,206673639
Ethiopia,ETH,2046,210337848
Ethiopia,ETH,2047,214023508
Ethiopia,ETH,2048,217710205
Ethiopia,ETH,2049,221377337
Ethiopia,ETH,2050,225021875
Germany,DEU,2000,82211508
Germany,DEU,2001,82349925
Germany,DEU,2002,82488495
Germany,DEU,2003,82534176
Germany,DEU,2004,82516260
Germany,DEU,2005,82469422
Germany,DEU,2006,82376451
Germany,DEU,2007,82266372
Germany,DEU,2008,82110097
Germany,DEU,2009,81902307
Germany,DEU,2010,81776930
Germany,DEU,2011,80274983
Germany,DEU,2012,80425823
Germany,DEU,2013,80645605
Germany,DEU,2014,80982500
Germany,DEU,2015,81686611
Germany,DEU,2016,82348669
Germany,DEU,2017,82657002
Germany,DEU,2018,82905782
Germany,DEU,2019,83092962
Germany,DEU,2020,83160871
Germany,DEU,2021,83196078
Germany,DEU,2022,83797985
Germany,DEU,2023,83280000
Germany,DEU,2024,82959640
Germany,DEU,2025,82279976
Germany,DEU,2026,82091288
Germany,DEU,2027,81899584
Germany,DEU,2028,81706112
Germany,DEU,2029,81504648
Germany,DEU,2030,81312336
Germany,DEU,2031,81098848
Germany,DEU,2032,80896448
Germany,DEU,2033,80680104
Germany,DEU,2034,80477768
Germany,DEU,2035,80256160
Germany,DEU,2036,80012952
Germany,DEU,2037,79779192
Germany,DEU,2038,79532000
Germany,DEU,2039,79285664
Germany,DEU,2040,79040152
Germany,DEU,2041,78809912
Germany,DEU,2042,78576776
Germany,DEU,2043,78320456
Germany,DEU,2044,78053336
Germany,DEU,2045,77785624
Germany,DEU,2046,77520736
Germany,DEU,2047,77251896
Germany,DEU,2048,76969792
Germany,DEU,2049,76701424
Germany,DEU,2050,76447512
Greece,GRC,2000,10805808
Greece,GRC,2001,10862132
Greece,GRC,2002,10902022
Greece,GRC,2003,10928070
Greece,GRC,2004,10955141
Greece,GRC,2005,10987314
Greece,GRC,2006,11020362
Greece,GRC,2007,11048473
Greece,GRC,2008,11077841
Greece,GRC,2009,11107017
Greece,GRC,2010,11121341
Greece,GRC,2011,11104899
Greece,GRC,2012,11045011
Greece,GRC,2013,10965211
Greece,GRC,2014,10892413
Greece,GRC,2015,10820883
Greece,GRC,2016,10775971
Greece,GRC,2017,10754679
Greece,GRC,2018,10732882
Greece,GRC,2019,10721582
Greece,GRC,2020,10698599
Greece,GRC,2021,10569207
Greece,GRC,2022,10436882
Greece,GRC,2023,10405588
Greece,GRC,2024,10226445
Greece,GRC,2025,10184387
Greece,GRC,2026,10140053
Greece,GRC,2027,10095301
Greece,GRC,2028,10049807
Greece,GRC,2029,10004021
Greece,GRC,2030,9958039
Greece,GRC,2031,9911555
Greece,GRC,2032,9862973
Greece,GRC,2033,9815499
Greece,GRC,2034,9768023
Greece,GRC,2035,9719693
Greece,GRC,2036,9672039
Greece,GRC,2037,9624004
Greece,GRC,2038,9575977
Greece,GRC,2039,9528654
Greece,GRC,2040,9481190
Greece,GRC,2041,9434145
Greece,GRC,2042,9388110
Greece,GRC,2043,9340947
Greece,GRC,2044,9292507
Greece,GRC,2045,9243931
Greece,GRC,2046,9194591
Greece,GRC,2047,9141560
Greece,GRC,2048,9088117
Greece,GRC,2049,9031909
Greece,GRC,2050,8975732
Guatemala,GTM,2000,11697592
Guatemala,GTM,2001,11969422
Guatemala,GTM,2002,12246915
Guatemala,GTM,2003,12525842
Guatemala,GTM,2004,12807402
Guatemala,GTM,2005,13087629
Guatemala,GTM,2006,13367459
Guatemala,GTM,2007,13652040
Guatemala,GTM,2008,13935174
Guatemala,GTM,2009,14215611
Guatemala,GTM,2010,14500112
Guatemala,GTM,2011,14792126
Guatemala,GTM,2012,15089647
Guatemala,GTM,2013,15387337
Guatemala,GTM,2014,15681725
Guatemala,GTM,2015,15971743
Guatemala,GTM,2016,16268760
Guatemala,GTM,2017,16567357
Guatemala,GTM,2018,16845685
Guatemala,GTM,2019,17103803
Guatemala,GTM,2020,17357325
Guatemala,GTM,2021,17598650
Guatemala,GTM,2022,17847877
Guatemala,GTM,2023,18124838
Guatemala,GTM,2024,18406359
Guatemala,GTM,2025,18687881
Guatemala,GTM,2026,18967978
Guatemala,GTM,2027,19246007
Guatemala,GTM,2028,19521505
Guatemala,GTM,2029,19795179
Guatemala,GTM,2030,20067253
Guatemala,GTM,2031,20337379
Guatemala,GTM,2032,20605384
Guatemala,GTM,2033,20871089
Guatemala,GTM,2034,21134173
Guatemala,GTM,2035,21394237
Guatemala,GTM,2036,21650343
Guatemala,GTM,2037,21901961
Guatemala,GTM,2038,22149207
Guatemala,GTM,2039,22391085
Guatemala,GTM,2040,22626870
Guatemala,GTM,2041,22856764
Guatemala,GTM,2042,23080844
Guatemala,GTM,2043,23299240
Guatemala,GTM,2044,23512018
Guatemala,GTM,2045,23719089
Guatemala,GTM,2046,23920455
Guatemala,GTM,2047,24115740
Guatemala,GTM,2048,24305650
Guatemala,GTM,2049,24491014
Guatemala,GTM,2050,24670857
India,IND,2000,1057922733
India,IND,2001,1077898575
India,IND,2002,1097600380
India,IND,2003,1116803006
India,IND,2004,1135991513
India,IND,2005,1154676322
India,IND,2006,1172878890
India,IND,2007,1190676021
India,IND,2008,1207930964
India,IND,2009,1225524753
India,IND,2010,1243481564
India,IND,2011,1261224954
India,IND,2012,1278674502
India,IND,2013,1295829511
India,IND,2014,1312277191
India,IND,2015,1328024498
India,IND,2016,1343944296
India,IND,2017,1359657400
India,IND,2018,1374659064
India,IND,2019,1389030312
India,IND,2020,1402617695
India,IND,2021,1414203896
India,IND,2022,1425423212
India,IND,2023,1438069596
India,IND,2024,1450935791
India,IND,2025,1463865525
India,IND,2026,1476625576
India,IND,2027,1489164674
India,IND,2028,1501432739
India,IND,2029,1513423731
India,IND,2030,1525138844
India,IND,2031,1536540602
India,IND,2032,1547607124
India,IND,2033,1558324080
India,IND,2034,1568688353
India,IND,2035,1578694796
India,IND,2036,1588325359
India,IND,2037,1597537007
India,IND,2038,1606300648
India,IND,2039,1614639241
India,IND,2040,1622580039
India,IND,2041,1630119369
India,IND,2042,1637235357
India,IND,2043,1643915269
India,IND,2044,1650186612
India,IND,2045,1656067583
India,IND,2046,1661548391
India,IND,2047,1666628147
India,IND,2048,1671309726
India,IND,2049,1675619894
India,IND,2050,1679589259
Indonesia,IDN,2000,216077790
Indonesia,IDN,2001,219097902
Indonesia,IDN,2002,222088495
Indonesia,IDN,2003,225048008
Indonesia,IDN,2004,227926649
Indonesia,IDN,2005,230871650
Indonesia,IDN,2006,233951652
Indonesia,IDN,2007,237062337
Indonesia,IDN,2008,240157903
Indonesia,IDN,2009,243220028
Indonesia,IDN,2010,246305322
Indonesia,IDN,2011,249470032
Indonesia,IDN,2012,252698525
Indonesia,IDN,2013,255852467
Indonesia,IDN,2014,258877399
Indonesia,IDN,2015,261799249
Indonesia,IDN,2016,264627418
Indonesia,IDN,2017,267346658
Indonesia,IDN,2018,269951846
Indonesia,IDN,2019,272489381
Indonesia,IDN,2020,274814866
Indonesia,IDN,2021,276758053
Indonesia,IDN,2022,278830529
Indonesia,IDN,2023,281190067
Indonesia,IDN,2024,283487931
Indonesia,IDN,2025,285721236
Indonesia,IDN,2026,287886782
Indonesia,IDN,2027,289986522
Indonesia,IDN,2028,292016779
Indonesia,IDN,2029,293978109
Indonesia,IDN,2030,295876648
Indonesia,IDN,2031,297719748
Indonesia,IDN,2032,299510661
Indonesia,IDN,2033,301250985
Indonesia,IDN,2034,302938573
Indonesia,IDN,2035,304566622
Indonesia,IDN,2036,306135098
Indonesia,IDN,2037,307646417
Indonesia,IDN,2038,309096448
Indonesia,IDN,2039,310481120
Indonesia,IDN,2040,311797395
Indonesia,IDN,2041,313041661
Indonesia,IDN,2042,314211282
Indonesia,IDN,2043,315304312
Indonesia,IDN,2044,316318416
Indonesia,IDN,2045,317249613
Indonesia,IDN,2046,318096573
Indonesia,IDN,2047,318862019
Indonesia,IDN,2048,319554653
Indonesia,IDN,2049,320173250
Indonesia,IDN,2050,320712949
Iran,IRN,2000,66418659
Iran,IRN,2001,67452005
Iran,IRN,2002,68011317
Iran,IRN,2003,68769340
Iran,IRN,2004,70256316
Iran,IRN,2005,71828455
Iran,IRN,2006,73392747
Iran,IRN,2007,74602648
Iran,IRN,2008,75514204
Iran,IRN,2009,76457825
Iran,IRN,2010,77420842
Iran,IRN,2011,78383598
Iran,IRN,2012,79370580
Iran,IRN,2013,80414686
Iran,IRN,2014,81502045
Iran,IRN,2015,82619362
Iran,IRN,2016,83812228
Iran,IRN,2017,85026754
Iran,IRN,2018,86117998
Iran,IRN,2019,87051648
Iran,IRN,2020,87723443
Iran,IRN,2021,88455488
Iran,IRN,2022,89524246
Iran,IRN,2023,90608707
Iran,IRN,2024,91567738
Iran,IRN,2025,92417681
Iran,IRN,2026,93168497
Iran,IRN,2027,93838645
Iran,IRN,2028,94440023
Iran,IRN,2029,94985098
Iran,IRN,2030,95486667
Iran,IRN,2031,95960728
Iran,IRN,2032,96415461
Iran,IRN,2033,96850652
Iran,IRN,2034,97271049
Iran,IRN,2035,97679252
Iran,IRN,2036,98075326
Iran,IRN,2037,98458806
Iran,IRN,2038,98828319
Iran,IRN,2039,99182803
Iran,IRN,2040,99524277
Iran,IRN,2041,99853718
Iran,IRN,2042,100167076
Iran,IRN,2043,100462092
Iran,IRN,2044,100737592
Iran,IRN,2045,100990613
Iran,IRN,2046,101219689
Iran,IRN,2047,101424012
Iran,IRN,2048,101601929
Iran,IRN,2049,101748542
Iran,IRN,2050,101861993
Ireland,IRL,2000,3805174
Ireland,IRL,2001,3866243
Ireland,IRL,2002,3931947
Ireland,IRL,2003,3996521
Ireland,IRL,2004,4070262
Ireland,IRL,2005,4159914
Ireland,IRL,2006,4273591
Ireland,IRL,2007,4398942
Ireland,IRL,2008,4489544
Ireland,IRL,2009,4535375
Ireland,IRL,2010,4560155
Ireland,IRL,2011,4580084
Ireland,IRL,2012,4599533
Ireland,IRL,2013,4623816
Ireland,IRL,2014,4657740
Ireland,IRL,2015,4701957
Ireland,IRL,2016,4755335
Ireland,IRL,2017,4807388
Ireland,IRL,2018,4867316
Ireland,IRL,2019,4934340
Ireland,IRL,2020,4985382
Ireland,IRL,2021,5033164
Ireland,IRL,2022,5165700
Ireland,IRL,2023,5307600
Ireland,IRL,2024,5362783
Ireland,IRL,2025,5413423
Ireland,IRL,2026,5459950
Ireland,IRL,2027,5504227
Ireland,IRL,2028,5545928
Ireland,IRL,2029,5584022
Ireland,IRL,2030,5618914
Ireland,IRL,2031,5652688
Ireland,IRL,2032,5685191
Ireland,IRL,2033,5715294
Ireland,IRL,2034,5743762
Ireland,IRL,2035,5769845
Ireland,IRL,2036,5795855
Ireland,IRL,2037,5821857
Ireland,IRL,2038,5846892
Ireland,IRL,2039,5869590
Ireland,IRL,2040,5892879
Ireland,IRL,2041,5915111
Ireland,IRL,2042,5934219
Ireland,IRL,2043,5951622
Ireland,IRL,2044,5968418
Ireland,IRL,2045,5983111
Ireland,IRL,2046,5994938
Ireland,IRL,2047,6006161
Ireland,IRL,2048,6016865
Ireland,IRL,2049,6024501
Ireland,IRL,2050,6029279
Japan,JPN,2000,126843000
Japan,JPN,2001,127149000
Japan,JPN,2002,127445000
Japan,JPN,2003,127718000
Japan,JPN,2004,127761000
Japan,JPN,2005,127773000
Japan,JPN,2006,127854000
Japan,JPN,2007,128001000
Japan,JPN,2008,128063000
Japan,JPN,2009,128047000
Japan,JPN,2010,128070000
Japan,JPN,2011,127833000
Japan,JPN,2012,127629000
Japan,JPN,2013,127445000
Japan,JPN,2014,127276000
Japan,JPN,2015,127141000
Japan,JPN,2016,127076000
Japan,JPN,2017,126972000
Japan,JPN,2018,126811000
Japan,JPN,2019,126633000
Japan,JPN,2020,126261000
Japan,JPN,2021,125681593
Japan,JPN,2022,125124989
Japan,JPN,2023,124516650
Japan,JPN,2024,123772912
Japan,JPN,2025,123011848
Japan,JPN,2026,122231784
Japan,JPN,2027,121443208
Japan,JPN,2028,120645568
Japan,JPN,2029,119845176
Japan,JPN,2030,119036656
Japan,JPN,2031,118226688
Japan,JPN,2032,117417776
Japan,JPN,2033,116618272
Japan,JPN,2034,115827544
Japan,JPN,2035,115052616
Japan,JPN,2036,114301920
Japan,JPN,2037,113574544
Japan,JPN,2038,112873264
Japan,JPN,2039,112189880
Japan,JPN,2040,111519984
Japan,JPN,2041,110854680
Japan,JPN,2042,110206096
Japan,JPN,2043,109563304
Japan,JPN,2044,108924944
Japan,JPN,2045,108283384
Japan,JPN,2046,107643168
Japan,JPN,2047,106998624
Japan,JPN,2048,106348736
Japan,JPN,2049,105683040
Japan,JPN,2050,105002576
Jordan,JOR,2000,5386945
Jordan,JOR,2001,5498894
Jordan,JOR,2002,5616066
Jordan,JOR,2003,5741828
Jordan,JOR,2004,5882061
Jordan,JOR,2005,6029587
Jordan,JOR,2006,6427371
Jordan,JOR,2007,6827227
Jordan,JOR,2008,6989866
Jordan,JOR,2009,7141753
Jordan,JOR,2010,7297043
Jordan,JOR,2011,7480424
Jordan,JOR,2012,7587127
Jordan,JOR,2013,7991809
Jordan,JOR,2014,8791710
Jordan,JOR,2015,9544729
Jordan,JOR,2016,10006367
Jordan,JOR,2017,10234226
Jordan,JOR,2018,10462306
Jordan,JOR,2019,10671891
Jordan,JOR,2020,10865228
Jordan,JOR,2021,11066356
Jordan,JOR,2022,11256263
Jordan,JOR,2023,11439213
Jordan,JOR,2024,11552876
Jordan,JOR,2025,11520684
Jordan,JOR,2026,11589532
Jordan,JOR,2027,11819463
Jordan,JOR,2028,12034460
Jordan,JOR,2029,12245731
Jordan,JOR,2030,12448776
Jordan,JOR,2031,12652554
Jordan,JOR,2032,12854936
Jordan,JOR,2033,13050719
Jordan,JOR,2034,13245168
Jordan,JOR,2035,13440834
Jordan,JOR,2036,13638260
Jordan,JOR,2037,13840244
Jordan,JOR,2038,14048317
Jordan,JOR,2039,14256697
Jordan,JOR,2040,14471297
Jordan,JOR,2041,14684512
Jordan,JOR,2042,14883653
Jordan,JOR,2043,15077800
Jordan,JOR,2044,15273540
Jordan,JOR,2045,15471984
Jordan,JOR,2046,15662323
Jordan,JOR,2047,15841638
Jordan,JOR,2048,16021390
Jordan,JOR,2049,16197530
Jordan,JOR,2050,16367354
Kazakhstan,KAZ,2000,15501103
Kazakhstan,KAZ,2001,15575550
Kazakhstan,KAZ,2002,15656677
Kazakhstan,KAZ,2003,15747380
Kazakhstan,KAZ,2004,15850159
Kazakhstan,KAZ,2005,15968117
Kazakhstan,KAZ,2006,16103716
Kazakhstan,KAZ,2007,16257214
Kazakhstan,KAZ,2008,16426525
Kazakhstan,KAZ,2009,16619846
Kazakhstan,KAZ,2010,16836810
Kazakhstan,KAZ,2011,17066002
Kazakhstan,KAZ,2012,17306106
Kazakhstan,KAZ,2013,17556502
Kazakhstan,KAZ,2014,17816285
Kazakhstan,KAZ,2015,18084169
Kazakhstan,KAZ,2016,18363600
Kazakhstan,KAZ,2017,18651931
Kazakhstan,KAZ,2018,18932727
Kazakhstan,KAZ,2019,19209555
Kazakhstan,KAZ,2020,19482117
Kazakhstan,KAZ,2021,19743603
Kazakhstan,KAZ,2022,20034609
Kazakhstan,KAZ,2023,20330104
Kazakhstan,KAZ,2024,20592571
Kazakhstan,KAZ,2025,20843754
Kazakhstan,KAZ,2026,21083626
Kazakhstan,KAZ,2027,21316178
Kazakhstan,KAZ,2028,21547643
Kazakhstan,KAZ,2029,21777015
Kazakhstan,KAZ,2030,22003193
Kazakhstan,KAZ,2031,22227041
Kazakhstan,KAZ,2032,22452645
Kazakhstan,KAZ,2033,22679378
Kazakhstan,KAZ,2034,22903213
Kazakhstan,KAZ,2035,23125951
Kazakhstan,KAZ,2036,23349081
Kazakhstan,KAZ,2037,23571238
Kazakhstan,KAZ,2038,23793393
Kazakhstan,KAZ,2039,24017887
Kazakhstan,KAZ,2040,24246823
Kazakhstan,KAZ,2041,24477622
Kazakhstan,KAZ,2042,24707975
Kazakhstan,KAZ,2043,24941020
Kazakhstan,KAZ,2044,25175230
Kazakhstan,KAZ,2045,25409756
Kazakhstan,KAZ,2046,25642876
Kazakhstan,KAZ,2047,25875753
Kazakhstan,KAZ,2048,26106840
Kazakhstan,KAZ,2049,26328899
Kazakhstan,KAZ,2050,26544265
Kenya,KEN,2000,30642890
Kenya,KEN,2001,31619170
Kenya,KEN,2002,32629808
Kenya,KEN,2003,33652223
Kenya,KEN,2004,34713455
Kenya,KEN,2005,35796484
Kenya,KEN,2006,36904008
Kenya,KEN,2007,38036349
Kenya,KEN,2008,39206351
Kenya,KEN,2009,40408891
Kenya,KEN,2010,41598567
Kenya,KEN,2011,42758461
Kenya,KEN,2012,43888303
Kenya,KEN,2013,44986791
Kenya,KEN,2014,46051440
Kenya,KEN,2015,47088526
Kenya,KEN,2016,48139687
Kenya,KEN,2017,49197766
Kenya,KEN,2018,50207107
Kenya,KEN,2019,51202827
Kenya,KEN,2020,52217334
Kenya,KEN,2021,53219166
Kenya,KEN,2022,54252461
Kenya,KEN,2023,55339003
Kenya,KEN,2024,56432944
Kenya,KEN,2025,57532493
Kenya,KEN,2026,58636412
Kenya,KEN,2027,59745753
Kenya,KEN,2028,60860444
Kenya,KEN,2029,61979187
Kenya,KEN,2030,63102245
Kenya,KEN,2031,64230118
Kenya,KEN,2032,65359035
Kenya,KEN,2033,66484811
Kenya,KEN,2034,67604630
Kenya,KEN,2035,68715909
Kenya,KEN,2036,69818886
Kenya,KEN,2037,70910401
Kenya,KEN,2038,71990934
Kenya,KEN,2039,73057766
Kenya,KEN,2040,74108863
Kenya,KEN,2041,75144352
Kenya,KEN,2042,76161724
Kenya,KEN,2043,77159124
Kenya,KEN,2044,78134980
Kenya,KEN,2045,79088836
Kenya,KEN,2046,80022375
Kenya,KEN,2047,80938647
Kenya,KEN,2048,81837664
Kenya,KEN,2049,82721771
Kenya,KEN,2050,83593239
Kyrgyzstan,KGZ,2000,4898361.5
Kyrgyzstan,KGZ,2001,4945072.5
Kyrgyzstan,KGZ,2002,4990704
Kyrgyzstan,KGZ,2003,5043308
Kyrgyzstan,KGZ,2004,5104712.5
Kyrgyzstan,KGZ,2005,5162639.5
Kyrgyzstan,KGZ,2006,5218373
Kyrgyzstan,KGZ,2007,5268384.5
Kyrgyzstan,KGZ,2008,5318729
Kyrgyzstan,KGZ,2009,5389643
Kyrgyzstan,KGZ,2010,5467059
Kyrgyzstan,KGZ,2011,5546586.5
Kyrgyzstan,KGZ,2012,5652076
Kyrgyzstan,KGZ,2013,5777150
Kyrgyzstan,KGZ,2014,5905847.5
Kyrgyzstan,KGZ,2015,6040035.5
Kyrgyzstan,KGZ,2016,6175337.5
Kyrgyzstan,KGZ,2017,6306695.5
Kyrgyzstan,KGZ,2018,6444078.5
Kyrgyzstan,KGZ,2019,6590211
Kyrgyzstan,KGZ,2020,6726595.5
Kyrgyzstan,KGZ,2021,6851224
Kyrgyzstan,KGZ,2022,6975219.5
Kyrgyzstan,KGZ,2023,7099750
Kyrgyzstan,KGZ,2024,7211428
Kyrgyzstan,KGZ,2025,7319878
Kyrgyzstan,KGZ,2026,7424886
Kyrgyzstan,KGZ,2027,7528962
Kyrgyzstan,KGZ,2028,7629816
Kyrgyzstan,KGZ,2029,7729868
Kyrgyzstan,KGZ,2030,7828721
Kyrgyzstan,KGZ,2031,7925994
Kyrgyzstan,KGZ,2032,8020849
Kyrgyzstan,KGZ,2033,8115169
Kyrgyzstan,KGZ,2034,8208685
Kyrgyzstan,KGZ,2035,8301833
Kyrgyzstan,KGZ,2036,8394811
Kyrgyzstan,KGZ,2037,8487233
Kyrgyzstan,KGZ,2038,8581320
Kyrgyzstan,KGZ,2039,8675708
Kyrgyzstan,KGZ,2040,8770296
Kyrgyzstan,KGZ,2041,8864032
Kyrgyzstan,KGZ,2042,8956220
Kyrgyzstan,KGZ,2043,9047910
Kyrgyzstan,KGZ,2044,9137659
Kyrgyzstan,KGZ,2045,9226145
Kyrgyzstan,KGZ,2046,9311656
Kyrgyzstan,KGZ,2047,9396724
Kyrgyzstan,KGZ,2048,9481515
Kyrgyzstan,KGZ,2049,9564109
Kyrgyzstan,KGZ,2050,9645480
Lebanon,LBN,2000,4329340
Lebanon,LBN,2001,4401918
Lebanon,LBN,2002,4463504
Lebanon,LBN,2003,4525508
Lebanon,LBN,2004,4599279
Lebanon,LBN,2005,4671102
Lebanon,LBN,2006,4751136
Lebanon,LBN,2007,4844118
Lebanon,LBN,2008,4925354
Lebanon,LBN,2009,4992287
Lebanon,LBN,2010,5041288
Lebanon,LBN,2011,5096020
Lebanon,LBN,2012,5235742
Lebanon,LBN,2013,5743436
Lebanon,LBN,2014,6346990
Lebanon,LBN,2015,6472469
Lebanon,LBN,2016,6323060
Lebanon,LBN,2017,6160128
Lebanon,LBN,2018,5984119
Lebanon,LBN,2019,5794594
Lebanon,LBN,2020,5702398
Lebanon,LBN,2021,5718122
Lebanon,LBN,2022,5744489
Lebanon,LBN,2023,5773493
Lebanon,LBN,2024,5805962
Lebanon,LBN,2025,5849421
Lebanon,LBN,2026,5897467
Lebanon,LBN,2027,5947063
Lebanon,LBN,2028,5997849
Lebanon,LBN,2029,6050381
Lebanon,LBN,2030,6103808
Lebanon,LBN,2031,6158001
Lebanon,LBN,2032,6210756
Lebanon,LBN,2033,6259747
Lebanon,LBN,2034,6308829
Lebanon,LBN,2035,6357724
Lebanon,LBN,2036,6407673
Lebanon,LBN,2037,6461871
Lebanon,LBN,2038,6516248
Lebanon,LBN,2039,6569275
Lebanon,LBN,2040,6620329
Lebanon,LBN,2041,6669098
Lebanon,LBN,2042,6714440
Lebanon,LBN,2043,6754072
Lebanon,LBN,2044,6794018
Lebanon,LBN,2045,6834988
Lebanon,LBN,2046,6871779
Lebanon,LBN,2047,6909024
Lebanon,LBN,2048,6944194
Lebanon,LBN,2049,6972886
Lebanon,LBN,2050,6999260
Malaysia,MYS,2000,22967816
Malaysia,MYS,2001,23526538
Malaysia,MYS,2002,24102477
Malaysia,MYS,2003,24679602
Malaysia,MYS,2004,25256772
Malaysia,MYS,2005,25836071
Malaysia,MYS,2006,26417909
Malaysia,MYS,2007,26998389
Malaysia,MYS,2008,27570059
Malaysia,MYS,2009,28124778
Malaysia,MYS,2010,28655776
Malaysia,MYS,2011,29162039
Malaysia,MYS,2012,29662831
Malaysia,MYS,2013,30174265
Malaysia,MYS,2014,30696137
Malaysia,MYS,2015,31232798
Malaysia,MYS,2016,31789685
Malaysia,MYS,2017,32355644
Malaysia,MYS,2018,32910967
Malaysia,MYS,2019,33440596
Malaysia,MYS,2020,33889558
Malaysia,MYS,2021,34282399
Malaysia,MYS,2022,34695493
Malaysia,MYS,2023,35126298
Malaysia,MYS,2024,35557673
Malaysia,MYS,2025,35977838
Malaysia,MYS,2026,36385115
Malaysia,MYS,2027,36785087
Malaysia,MYS,2028,37182770
Malaysia,MYS,2029,37574288
Malaysia,MYS,2030,37961719
Malaysia,MYS,2031,38347785
Malaysia,MYS,2032,38728384
Malaysia,MYS,2033,39097874
Malaysia,MYS,2034,39457845
Malaysia,MYS,2035,39814825
Malaysia,MYS,2036,40166898
Malaysia,MYS,2037,40512281
Malaysia,MYS,2038,40853312
Malaysia,MYS,2039,41185886
Malaysia,MYS,2040,41509644
Malaysia,MYS,2041,41828592
Malaysia,MYS,2042,42144466
Malaysia,MYS,2043,42455953
Malaysia,MYS,2044,42754137
Malaysia,MYS,2045,43038204
Malaysia,MYS,2046,43313749
Malaysia,MYS,2047,43580459
Malaysia,MYS,2048,43831577
Malaysia,MYS,2049,44065539
Malaysia,MYS,2050,44289772
Mexico,MEX,2000,98625552
Mexico,MEX,2001,100099099
Mexico,MEX,2002,101548624
Mexico,MEX,2003,102978515
Mexico,MEX,2004,104394131
Mexico,MEX,2005,105811504
Mexico,MEX,2006,107253666
Mexico,MEX,2007,108774360
Mexico,MEX,2008,110374288
Mexico,MEX,2009,111999721
Mexico,MEX,2010,113623895
Mexico,MEX,2011,115243504
Mexico,MEX,2012,116818208
Mexico,MEX,2013,118343573
Mexico,MEX,2014,119784261
Mexico,MEX,2015,121072306
Mexico,MEX,2016,122251351
Mexico,MEX,2017,123400057
Mexico,MEX,2018,124573711
Mexico,MEX,2019,125762982
Mexico,MEX,2020,126799054
Mexico,MEX,2021,127648148
Mexico,MEX,2022,128613117
Mexico,MEX,2023,129739759
Mexico,MEX,2024,130861007
Mexico,MEX,2025,131946900
Mexico,MEX,2026,132997658
Mexico,MEX,2027,134017708
Mexico,MEX,2028,135008697
Mexico,MEX,2029,135970891
Mexico,MEX,2030,136904738
Mexico,MEX,2031,137811065
Mexico,MEX,2032,138690193
Mexico,MEX,2033,139542085
Mexico,MEX,2034,140362027
Mexico,MEX,2035,141150819
Mexico,MEX,2036,141909163
Mexico,MEX,2037,142637546
Mexico,MEX,2038,143336220
Mexico,MEX,2039,143998292
Mexico,MEX,2040,144624323
Mexico,MEX,2041,145217774
Mexico,MEX,2042,145777456
Mexico,MEX,2043,146300007
Mexico,MEX,2044,146787717
Mexico,MEX,2045,147240092
Mexico,MEX,2046,147654160
Mexico,MEX,2047,148030146
Mexico,MEX,2048,148372231
Mexico,MEX,2049,148677897
Mexico,MEX,2050,148946274
Mongolia,MNG,2000,2388299
Mongolia,MNG,2001,2417751
Mongolia,MNG,2002,2449027
Mongolia,MNG,2003,2480374
Mongolia,MNG,2004,2508412
Mongolia,MNG,2005,2536407
Mongolia,MNG,2006,2567168
Mongolia,MNG,2007,2601850
Mongolia,MNG,2008,2643201
Mongolia,MNG,2009,2691115
Mongolia,MNG,2010,2738622
Mongolia,MNG,2011,2786317
Mongolia,MNG,2012,2839705
Mongolia,MNG,2013,2899011
Mongolia,MNG,2014,2963113
Mongolia,MNG,2015,3026864
Mongolia,MNG,2016,3088856
Mongolia,MNG,2017,3148917
Mongolia,MNG,2018,3208189
Mongolia,MNG,2019,3267673
Mongolia,MNG,2020,3327204
Mongolia,MNG,2021,3383741
Mongolia,MNG,2022,3433748
Mongolia,MNG,2023,3481145
Mongolia,MNG,2024,3524980
Mongolia,MNG,2025,3566831
Mongolia,MNG,2026,3606908
Mongolia,MNG,2027,3646123
Mongolia,MNG,2028,3684256
Mongolia,MNG,2029,3721475
Mongolia,MNG,2030,3758320
Mongolia,MNG,2031,3794573
Mongolia,MNG,2032,3831310
Mongolia,MNG,2033,3868620
Mongolia,MNG,2034,3906558
Mongolia,MNG,2035,3944896
Mongolia,MNG,2036,3984176
Mongolia,MNG,2037,4024529
Mongolia,MNG,2038,4065193
Mongolia,MNG,2039,4106781
Mongolia,MNG,2040,4148722
Mongolia,MNG,2041,4191197
Mongolia,MNG,2042,4233843
Mongolia,MNG,2043,4275630
Mongolia,MNG,2044,4317394
Mongolia,MNG,2045,4359102
Mongolia,MNG,2046,4399427
Mongolia,MNG,2047,4438752
Mongolia,MNG,2048,4476684
Mongolia,MNG,2049,4513653
Mongolia,MNG,2050,4548701
Morocco,MAR,2000,28423435
Morocco,MAR,2001,28814643
Morocco,MAR,2002,29198142
Morocco,MAR,2003,29571415
Morocco,MAR,2004,29953018
Morocco,MAR,2005,30358144
Morocco,MAR,2006,30771178
Morocco,MAR,2007,31186468
Morocco,MAR,2008,31606767
Morocco,MAR,2009,32030778
Morocco,MAR,2010,32467016
Morocco,MAR,2011,32912588
Morocco,MAR,2012,33355241
Morocco,MAR,2013,33787571
Morocco,MAR,2014,34204780
Morocco,MAR,2015,34607588
Morocco,MAR,2016,35023457
Morocco,MAR,2017,35446392
Morocco,MAR,2018,35839760
Morocco,MAR,2019,36210898
Morocco,MAR,2020,36584208
Morocco,MAR,2021,36954442
Morocco,MAR,2022,37329064
Morocco,MAR,2023,37712505
Morocco,MAR,2024,38081173
Morocco,MAR,2025,38430770
Morocco,MAR,2026,38762441
Morocco,MAR,2027,39080099
Morocco,MAR,2028,39384126
Morocco,MAR,2029,39674560
Morocco,MAR,2030,39953460
Morocco,MAR,2031,40221743
Morocco,MAR,2032,40477986
Morocco,MAR,2033,40722975
Morocco,MAR,2034,40957244
Morocco,MAR,2035,41182094
Morocco,MAR,2036,41398230
Morocco,MAR,2037,41604033
Morocco,MAR,2038,41802274
Morocco,MAR,2039,41990445
Morocco,MAR,2040,42168205
Morocco,MAR,2041,42339041
Morocco,MAR,2042,42500327
Morocco,MAR,2043,42650495
Morocco,MAR,2044,42792498
Morocco,MAR,2045,42925306
Morocco,MAR,2046,43046179
Morocco,MAR,2047,43158169
Morocco,MAR,2048,43262402
Morocco,MAR,2049,43355720
Morocco,MAR,2050,43440431
Myanmar,MMR,2000,45290841
Myanmar,MMR,2001,45771139
Myanmar,MMR,2002,46232653
Myanmar,MMR,2003,46667192
Myanmar,MMR,2004,47068772
Myanmar,MMR,2005,47438365
Myanmar,MMR,2006,47785135
Myanmar,MMR,2007,48125043
Myanmar,MMR,2008,48390793
Myanmar,MMR,2009,48660459
Myanmar,MMR,2010,49024382
Myanmar,MMR,2011,49419820
Myanmar,MMR,2012,49837446
Myanmar,MMR,2013,50262658
Myanmar,MMR,2014,50681634
Myanmar,MMR,2015,51089056
Myanmar,MMR,2016,51495696
Myanmar,MMR,2017,51894938
Myanmar,MMR,2018,52272247
Myanmar,MMR,2019,52640713
Myanmar,MMR,2020,53016522
Myanmar,MMR,2021,53387102
Myanmar,MMR,2022,53756787
Myanmar,MMR,2023,54133798
Myanmar,MMR,2024,54500091
Myanmar,MMR,2025,54850648
Myanmar,MMR,2026,55184819
Myanmar,MMR,2027,55502482
Myanmar,MMR,2028,55802774
Myanmar,MMR,2029,56085140
Myanmar,MMR,2030,56351031
Myanmar,MMR,2031,56601628
Myanmar,MMR,2032,56836046
Myanmar,MMR,2033,57054544
Myanmar,MMR,2034,57257179
Myanmar,MMR,2035,57444464
Myanmar,MMR,2036,57616149
Myanmar,MMR,2037,57773908
Myanmar,MMR,2038,57919863
Myanmar,MMR,2039,58052177
Myanmar,MMR,2040,58169858
Myanmar,MMR,2041,58274270
Myanmar,MMR,2042,58365923
Myanmar,MMR,2043,58443282
Myanmar,MMR,2044,58506404
Myanmar,MMR,2045,58558172
Myanmar,MMR,2046,58596768
Myanmar,MMR,2047,58620769
Myanmar,MMR,2048,58632726
Myanmar,MMR,2049,58633122
Myanmar,MMR,2050,58623232
Netherlands,NLD,2000,15925513
Netherlands,NLD,2001,16046180
Netherlands,NLD,2002,16148929
Netherlands,NLD,2003,16225302
Netherlands,NLD,2004,16281779
Netherlands,NLD,2005,16319868
Netherlands,NLD,2006,16346101
Netherlands,NLD,2007,16381696
Netherlands,NLD,2008,16445593
Netherlands,NLD,2009,16530388
Netherlands,NLD,2010,16615394
Netherlands,NLD,2011,16693074
Netherlands,NLD,2012,16754962
Netherlands,NLD,2013,16804432
Netherlands,NLD,2014,16865008
Netherlands,NLD,2015,16939923
Netherlands,NLD,2016,17030314
Netherlands,NLD,2017,17131296
Netherlands,NLD,2018,17231624
Netherlands,NLD,2019,17344874
Netherlands,NLD,2020,17441500
Netherlands,NLD,2021,17533044
Netherlands,NLD,2022,17700982
Netherlands,NLD,2023,17877117
Netherlands,NLD,2024,17995568
Netherlands,NLD,2025,18096062
Netherlands,NLD,2026,18180274
Netherlands,NLD,2027,18254592
Netherlands,NLD,2028,18322574
Netherlands,NLD,2029,18382154
Netherlands,NLD,2030,18433790
Netherlands,NLD,2031,18478994
Netherlands,NLD,2032,18518628
Netherlands,NLD,2033,18555420
Netherlands,NLD,2034,18584602
Netherlands,NLD,2035,18610384
Netherlands,NLD,2036,18634066
Netherlands,NLD,2037,18651762
Netherlands,NLD,2038,18666502
Netherlands,NLD,2039,18676274
Netherlands,NLD,2040,18682450
Netherlands,NLD,2041,18683434
Netherlands,NLD,2042,18680520
Netherlands,NLD,2043,18674788
Netherlands,NLD,2044,18664514
Netherlands,NLD,2045,18652492
Netherlands,NLD,2046,18640502
Netherlands,NLD,2047,18622780
Netherlands,NLD,2048,18604474
Netherlands,NLD,2049,18583762
Netherlands,NLD,2050,18562472
New Zealand,NZL,2000,3857700
New Zealand,NZL,2001,3880500
New Zealand,NZL,2002,3948500
New Zealand,NZL,2003,4027200
New Zealand,NZL,2004,4087500
New Zealand,NZL,2005,4133900
New Zealand,NZL,2006,4184600
New Zealand,NZL,2007,4223800
New Zealand,NZL,2008,4259800
New Zealand,NZL,2009,4302600
New Zealand,NZL,2010,4350700
New Zealand,NZL,2011,4384000
New Zealand,NZL,2012,4408100
New Zealand,NZL,2013,4442100
New Zealand,NZL,2014,4516500
New Zealand,NZL,2015,4609400
New Zealand,NZL,2016,4714100
New Zealand,NZL,2017,4813600
New Zealand,NZL,2018,4900600
New Zealand,NZL,2019,4979200
New Zealand,NZL,2020,5090200
New Zealand,NZL,2021,5111300
New Zealand,NZL,2022,5117200
New Zealand,NZL,2023,5223100
New Zealand,NZL,2024,5260919
New Zealand,NZL,2025,5296034
New Zealand,NZL,2026,5328998
New Zealand,NZL,2027,5359737
New Zealand,NZL,2028,5387877
New Zealand,NZL,2029,5414332
New Zealand,NZL,2030,5438551
New Zealand,NZL,2031,5461841
New Zealand,NZL,2032,5483110
New Zealand,NZL,2033,5504211
New Zealand,NZL,2034,5523437
New Zealand,NZL,2035,5542854
New Zealand,NZL,2036,5561512
New Zealand,NZL,2037,5579821
New Zealand,NZL,2038,5598487
New Zealand,NZL,2039,5615961
New Zealand,NZL,2040,5632969
New Zealand,NZL,2041,5650811
New Zealand,NZL,2042,5667476
New Zealand,NZL,2043,5682451
New Zealand,NZL,2044,5696182
New Zealand,NZL,2045,5709295
New Zealand,NZL,2046,5720783
New Zealand,NZL,2047,5731536
New Zealand,NZL,2048,5742359
New Zealand,NZL,2049,5751150
New Zealand,NZL,2050,5762563
Nicaragua,NIC,2000,5022633
Nicaragua,NIC,2001,5087825
Nicaragua,NIC,2002,5149909
Nicaragua,NIC,2003,5210963
Nicaragua,NIC,2004,5272912
Nicaragua,NIC,2005,5342105
Nicaragua,NIC,2006,5418855
Nicaragua,NIC,2007,5497243
Nicaragua,NIC,2008,5576593
Nicaragua,NIC,2009,5656601
Nicaragua,NIC,2010,5737450
Nicaragua,NIC,2011,5819051
Nicaragua,NIC,2012,5901287
Nicaragua,NIC,2013,5983845
Nicaragua,NIC,2014,6066492
Nicaragua,NIC,2015,6149417
Nicaragua,NIC,2016,6232666
Nicaragua,NIC,2017,6316231
Nicaragua,NIC,2018,6400080
Nicaragua,NIC,2019,6483657
Nicaragua,NIC,2020,6565267
Nicaragua,NIC,2021,6644741
Nicaragua,NIC,2022,6730654
Nicaragua,NIC,2023,6823613
Nicaragua,NIC,2024,6916140
Nicaragua,NIC,2025,7007502
Nicaragua,NIC,2026,7097329
Nicaragua,NIC,2027,7185722
Nicaragua,NIC,2028,7272686
Nicaragua,NIC,2029,7358005
Nicaragua,NIC,2030,7441603
Nicaragua,NIC,2031,7523767
Nicaragua,NIC,2032,7604395
Nicaragua,NIC,2033,7683393
Nicaragua,NIC,2034,7760891
Nicaragua,NIC,2035,7836703
Nicaragua,NIC,2036,7910787
Nicaragua,NIC,2037,7983288
Nicaragua,NIC,2038,8054135
Nicaragua,NIC,2039,8122957
Nicaragua,NIC,2040,8189914
Nicaragua,NIC,2041,8255157
Nicaragua,NIC,2042,8318520
Nicaragua,NIC,2043,8380006
Nicaragua,NIC,2044,8439716
Nicaragua,NIC,2045,8497615
Nicaragua,NIC,2046,8553411
Nicaragua,NIC,2047,8607278
Nicaragua,NIC,2048,8659284
Nicaragua,NIC,2049,8708924
Nicaragua,NIC,2050,8756430
Nigeria,NGA,2000,126382494
Nigeria,NGA,2001,129862595
Nigeria,NGA,2002,133471989
Nigeria,NGA,2003,137202644
Nigeria,NGA,2004,141057045
Nigeria,NGA,2005,145017253
Nigeria,NGA,2006,149077334
Nigeria,NGA,2007,153267261
Nigeria,NGA,2008,157595014
Nigeria,NGA,2009,162049464
Nigeria,NGA,2010,166642886
Nigeria,NGA,2011,171379598
Nigeria,NGA,2012,176200625
Nigeria,NGA,2013,181049443
Nigeria,NGA,2014,185896915
Nigeria,NGA,2015,190671878
Nigeria,NGA,2016,195443700
Nigeria,NGA,2017,200254579
Nigeria,NGA,2018,204938755
Nigeria,NGA,2019,209485641
Nigeria,NGA,2020,213996181
Nigeria,NGA,2021,218529286
Nigeria,NGA,2022,223150896
Nigeria,NGA,2023,227882945
Nigeria,NGA,2024,232679478
Nigeria,NGA,2025,237527782
Nigeria,NGA,2026,242431832
Nigeria,NGA,2027,247374263
Nigeria,NGA,2028,252346128
Nigeria,NGA,2029,257352638
Nigeria,NGA,2030,262380970
Nigeria,NGA,2031,267421074
Nigeria,NGA,2032,272483642
Nigeria,NGA,2033,277555115
Nigeria,NGA,2034,282622397
Nigeria,NGA,2035,287685763
Nigeria,NGA,2036,292739396
Nigeria,NGA,2037,297773244
Nigeria,NGA,2038,302782358
Nigeria,NGA,2039,307764756
Nigeria,NGA,2040,312710416
Nigeria,NGA,2041,317607244
Nigeria,NGA,2042,322450309
Nigeria,NGA,2043,327243939
Nigeria,NGA,2044,331983358
Nigeria,NGA,2045,336662502
Nigeria,NGA,2046,341281763
Nigeria,NGA,2047,345844009
Nigeria,NGA,2048,350347769
Nigeria,NGA,2049,354792425
Nigeria,NGA,2050,359185556
Pakistan,PAK,2000,154879127
Pakistan,PAK,2001,159270907
Pakistan,PAK,2002,163222549
Pakistan,PAK,2003,167110248
Pakistan,PAK,2004,171286000
Pakistan,PAK,2005,175453212
Pakistan,PAK,2006,179682690
Pakistan,PAK,2007,184493231
Pakistan,PAK,2008,189499113
Pakistan,PAK,2009,194376534
Pakistan,PAK,2010,199239047
Pakistan,PAK,2011,203746065
Pakistan,PAK,2012,207667125
Pakistan,PAK,2013,211073978
Pakistan,PAK,2014,214264647
Pakistan,PAK,2015,217290883
Pakistan,PAK,2016,220138869
Pakistan,PAK,2017,223273967
Pakistan,PAK,2018,226928892
Pakistan,PAK,2019,230800899
Pakistan,PAK,2020,235001746
Pakistan,PAK,2021,239477801
Pakistan,PAK,2022,243700667
Pakistan,PAK,2023,247504495
Pakistan,PAK,2024,251269164
Pakistan,PAK,2025,255219554
Pakistan,PAK,2026,259299791
Pakistan,PAK,2027,263515826
Pakistan,PAK,2028,267881916
Pakistan,PAK,2029,272337519
Pakistan,PAK,2030,276883255
Pakistan,PAK,2031,281528067
Pakistan,PAK,2032,286241139
Pakistan,PAK,2033,291012262
Pakistan,PAK,2034,295820151
Pakistan,PAK,2035,300643508
Pakistan,PAK,2036,305491493
Pakistan,PAK,2037,310353289
Pakistan,PAK,2038,315227700
Pakistan,PAK,2039,320105878
Pakistan,PAK,2040,324937697
Pakistan,PAK,2041,329746464
Pakistan,PAK,2042,334551869
Pakistan,PAK,2043,339334851
Pakistan,PAK,2044,344095461
Pakistan,PAK,2045,348837726
Pakistan,PAK,2046,353552856
Pakistan,PAK,2047,358207155
Pakistan,PAK,2048,362796531
Pakistan,PAK,2049,367344425
Pakistan,PAK,2050,371863793
Peru,PER,2000,26598331
Peru,PER,2001,26964601
Peru,PER,2002,27288217
Peru,PER,2003,27580490
Peru,PER,2004,27852190
Peru,PER,2005,28101180
Peru,PER,2006,28324491
Peru,PER,2007,28530699
Peru,PER,2008,28719041
Peru,PER,2009,28896811
Peru,PER,2010,29086019
Peru,PER,2011,29304086
Peru,PER,2012,29550366
Peru,PER,2013,29817919
Peru,PER,2014,30115826
Peru,PER,2015,30457600
Peru,PER,2016,30866494
Peru,PER,2017,31324637
Peru,PER,2018,31897584
Peru,PER,2019,32449303
Peru,PER,2020,32838579
Peru,PER,2021,33155882
Peru,PER,2022,33475438
Peru,PER,2023,33845617
Peru,PER,2024,34217848
Peru,PER,2025,34576665
Peru,PER,2026,34922148
Peru,PER,2027,35255685
Peru,PER,2028,35578288
Peru,PER,2029,35890709
Peru,PER,2030,36193880
Peru,PER,2031,36488441
Peru,PER,2032,36774945
Peru,PER,2033,37054376
Peru,PER,2034,37326806
Peru,PER,2035,37591425
Peru,PER,2036,37848158
Peru,PER,2037,38096897
Peru,PER,2038,38337332
Peru,PER,2039,38569891
Peru,PER,2040,38794649
Peru,PER,2041,39011543
Peru,PER,2042,39220380
Peru,PER,2043,39420651
Peru,PER,2044,39612850
Peru,PER,2045,39796724
Peru,PER,2046,39971719
Peru,PER,2047,40137878
Peru,PER,2048,40294855
Peru,PER,2049,40443281
Peru,PER,2050,40583876
Philippines,PHL,2000,79625397
Philippines,PHL,2001,81401488
Philippines,PHL,2002,83068889
Philippines,PHL,2003,84731835
Philippines,PHL,2004,86394504
Philippines,PHL,2005,88015962
Philippines,PHL,2006,89508986
Philippines,PHL,2007,91075184
Philippines,PHL,2008,92699095
Philippines,PHL,2009,94384250
Philippines,PHL,2010,96337125
Philippines,PHL,2011,98248614
Philippines,PHL,2012,100175512
Philippines,PHL,2013,102076336
Philippines,PHL,2014,103767130
Philippines,PHL,2015,105312992
Philippines,PHL,2016,106735719
Philippines,PHL,2017,108119693
Philippines,PHL,2018,109465287
Philippines,PHL,2019,110804683
Philippines,PHL,2020,112081264
Philippines,PHL,2021,113100950
Philippines,PHL,2022,113964338
Philippines,PHL,2023,114891199
Philippines,PHL,2024,115843670
Philippines,PHL,2025,116786962
Philippines,PHL,2026,117724471
Philippines,PHL,2027,118656413
Philippines,PHL,2028,119583981
Philippines,PHL,2029,120502129
Philippines,PHL,2030,121408895
Philippines,PHL,2031,122301597
Philippines,PHL,2032,123180330
Philippines,PHL,2033,124049029
Philippines,PHL,2034,124904114
Philippines,PHL,2035,125740971
Philippines,PHL,2036,126558226
Philippines,PHL,2037,127352596
Philippines,PHL,2038,128118527
Philippines,PHL,2039,128850041
Philippines,PHL,2040,129546659
Philippines,PHL,2041,130209802
Philippines,PHL,2042,130836996
Philippines,PHL,2043,131427393
Philippines,PHL,2044,131979663
Philippines,PHL,2045,132492032
Philippines,PHL,2046,132962000
Philippines,PHL,2047,133385286
Philippines,PHL,2048,133759430
Philippines,PHL,2049,134089000
Philippines,PHL,2050,134373439
Romania,ROU,2000,22442971
Romania,ROU,2001,22131970
Romania,ROU,2002,21730496
Romania,ROU,2003,21574326
Romania,ROU,2004,21451748
Romania,ROU,2005,21319685
Romania,ROU,2006,21193760
Romania,ROU,2007,20882982
Romania,ROU,2008,20537875
Romania,ROU,2009,20367487
Romania,ROU,2010,20246871
Romania,ROU,2011,20147528
Romania,ROU,2012,20058035
Romania,ROU,2013,19983693
Romania,ROU,2014,19908979
Romania,ROU,2015,19815616
Romania,ROU,2016,19702267
Romania,ROU,2017,19588715
Romania,ROU,2018,19473970
Romania,ROU,2019,19371648
Romania,ROU,2020,19265250
Romania,ROU,2021,19122059
Romania,ROU,2022,19048502
Romania,ROU,2023,19059479
Romania,ROU,2024,18957988
Romania,ROU,2025,18856960
Romania,ROU,2026,18754324
Romania,ROU,2027,18649388
Romania,ROU,2028,18541820
Romania,ROU,2029,18430374
Romania,ROU,2030,18317346
Romania,ROU,2031,18201936
Romania,ROU,2032,18085270
Romania,ROU,2033,17966050
Romania,ROU,2034,17845948
Romania,ROU,2035,17723072
Romania,ROU,2036,17599422
Romania,ROU,2037,17476424
Romania,ROU,2038,17353464
Romania,ROU,2039,17233652
Romania,ROU,2040,17115982
Romania,ROU,2041,16998868
Romania,ROU,2042,16885798
Romania,ROU,2043,16773849
Romania,ROU,2044,16661806
Romania,ROU,2045,16550690
Romania,ROU,2046,16439222
Romania,ROU,2047,16324671
Romania,ROU,2048,16208526
Romania,ROU,2049,16090154
Romania,ROU,2050,15970535
Russia,RUS,2000,146596869
Russia,RUS,2001,145976482
Russia,RUS,2002,145306497
Russia,RUS,2003,144648618
Russia,RUS,2004,144067316
Russia,RUS,2005,143518814
Russia,RUS,2006,143049637
Russia,RUS,2007,142805114
Russia,RUS,2008,142742366
Russia,RUS,2009,142785348
Russia,RUS,2010,142849468
Russia,RUS,2011,143018195
Russia,RUS,2012,143378447
Russia,RUS,2013,143805638
Russia,RUS,2014,144237223
Russia,RUS,2015,144640716
Russia,RUS,2016,145015460
Russia,RUS,2017,145293260
Russia,RUS,2018,145398106
Russia,RUS,2019,145453291
Russia,RUS,2020,145245148
Russia,RUS,2021,144746762
Russia,RUS,2022,144236933
Russia,RUS,2023,143826130
Russia,RUS,2024,143130608
Russia,RUS,2025,142354512
Russia,RUS,2026,142135040
Russia,RUS,2027,141877776
Russia,RUS,2028,141610208
Russia,RUS,2029,141320880
Russia,RUS,2030,141011200
Russia,RUS,2031,140660336
Russia,RUS,2032,140321872
Russia,RUS,2033,139983648
Russia,RUS,2034,139646176
Russia,RUS,2035,139315392
Russia,RUS,2036,138991744
Russia,RUS,2037,138676880
Russia,RUS,2038,138387008
Russia,RUS,2039,138108704
Russia,RUS,2040,137868752
Russia,RUS,2041,137645184
Russia,RUS,2042,137453808
Russia,RUS,2043,137269232
Russia,RUS,2044,137120144
Russia,RUS,2045,137004160
Russia,RUS,2046,136917632
Russia,RUS,2047,136823216
Russia,RUS,2048,136724176
Russia,RUS,2049,136619040
Russia,RUS,2050,136498112
Serbia,SRB,2000,7516346
Serbia,SRB,2001,7503433
Serbia,SRB,2002,7500031
Serbia,SRB,2003,7480591
Serbia,SRB,2004,7463157
Serbia,SRB,2005,7440769
Serbia,SRB,2006,7411569
Serbia,SRB,2007,7381579
Serbia,SRB,2008,7350222
Serbia,SRB,2009,7320807
Serbia,SRB,2010,7291436
Serbia,SRB,2011,7236519
Serbia,SRB,2012,7201497
Serbia,SRB,2013,7166553
Serbia,SRB,2014,7131787
Serbia,SRB,2015,7095383
Serbia,SRB,2016,7058322
Serbia,SRB,2017,7020858
Serbia,SRB,2018,6982604
Serbia,SRB,2019,6945235
Serbia,SRB,2020,6899126
Serbia,SRB,2021,6834326
Serbia,SRB,2022,6664449
Serbia,SRB,2023,6623183
Serbia,SRB,2024,6578962
Serbia,SRB,2025,6530017
Serbia,SRB,2026,6487491
Serbia,SRB,2027,6443982
Serbia,SRB,2028,6399624
Serbia,SRB,2029,6354447
Serbia,SRB,2030,6308118
Serbia,SRB,2031,6261089
Serbia,SRB,2032,6213416
Serbia,SRB,2033,6165071
Serbia,SRB,2034,6116704
Serbia,SRB,2035,6068196
Serbia,SRB,2036,6019834
Serbia,SRB,2037,5971407
Serbia,SRB,2038,5923285
Serbia,SRB,2039,5875318
Serbia,SRB,2040,5828174
Serbia,SRB,2041,5781461
Serbia,SRB,2042,5735572
Serbia,SRB,2043,5690822
Serbia,SRB,2044,5646936
Serbia,SRB,2045,5603761
Serbia,SRB,2046,5561355
Serbia,SRB,2047,5519521
Serbia,SRB,2048,5478211
Serbia,SRB,2049,5437125
Serbia,SRB,2050,5396481
Singapore,SGP,2000,4027887
Singapore,SGP,2001,4138012
Singapore,SGP,2002,4175950
Singapore,SGP,2003,4114826
Singapore,SGP,2004,4166664
Singapore,SGP,2005,4265762
Singapore,SGP,2006,4401365
Singapore,SGP,2007,4588599
Singapore,SGP,2008,4839396
Singapore,SGP,2009,4987573
Singapore,SGP,2010,5076732
Singapore,SGP,2011,5183688
Singapore,SGP,2012,5312437
Singapore,SGP,2013,5399162
Singapore,SGP,2014,5469724
Singapore,SGP,2015,5535002
Singapore,SGP,2016,5607283
Singapore,SGP,2017,5612253
Singapore,SGP,2018,5638676
Singapore,SGP,2019,5703569
Singapore,SGP,2020,5685807
Singapore,SGP,2021,5453566
Singapore,SGP,2022,5637022
Singapore,SGP,2023,5917648
Singapore,SGP,2024,5955865
Singapore,SGP,2025,5991374
Singapore,SGP,2026,6023284
Singapore,SGP,2027,6056584
Singapore,SGP,2028,6088492
Singapore,SGP,2029,6115534
Singapore,SGP,2030,6140315
Singapore,SGP,2031,6166565
Singapore,SGP,2032,6190677
Singapore,SGP,2033,6214951
Singapore,SGP,2034,6234327
Singapore,SGP,2035,6248184
Singapore,SGP,2036,6257879
Singapore,SGP,2037,6267299
Singapore,SGP,2038,6274161
Singapore,SGP,2039,6275950
Singapore,SGP,2040,6273112
Singapore,SGP,2041,6266493
Singapore,SGP,2042,6258808
Singapore,SGP,2043,6249986
Singapore,SGP,2044,6236429
Singapore,SGP,2045,6224029
Singapore,SGP,2046,6209556
Singapore,SGP,2047,6191689
Singapore,SGP,2048,6178476
Singapore,SGP,2049,6161780
Singapore,SGP,2050,6143685
Slovakia,SVK,2000,5388720
Slovakia,SVK,2001,5378867
Slovakia,SVK,2002,5376912
Slovakia,SVK,2003,5373374
Slovakia,SVK,2004,5372280
Slovakia,SVK,2005,5372807
Slovakia,SVK,2006,5373054
Slovakia,SVK,2007,5374622
Slovakia,SVK,2008,5379233
Slovakia,SVK,2009,5386406
Slovakia,SVK,2010,5391428
Slovakia,SVK,2011,5398384
Slovakia,SVK,2012,5407579
Slovakia,SVK,2013,5413393
Slovakia,SVK,2014,5418649
Slovakia,SVK,2015,5423801
Slovakia,SVK,2016,5430798
Slovakia,SVK,2017,5439232
Slovakia,SVK,2018,5446771
Slovakia,SVK,2019,5454147
Slovakia,SVK,2020,5458827
Slovakia,SVK,2021,5447247
Slovakia,SVK,2022,5431752
Slovakia,SVK,2023,5426740
Slovakia,SVK,2024,5401276
Slovakia,SVK,2025,5363757
Slovakia,SVK,2026,5355431
Slovakia,SVK,2027,5344998
Slovakia,SVK,2028,5332702
Slovakia,SVK,2029,5318346
Slovakia,SVK,2030,5302174
Slovakia,SVK,2031,5284438
Slovakia,SVK,2032,5265403
Slovakia,SVK,2033,5245099
Slovakia,SVK,2034,5223800
Slovakia,SVK,2035,5201353
Slovakia,SVK,2036,5178160
Slovakia,SVK,2037,5154418
Slovakia,SVK,2038,5130231
Slovakia,SVK,2039,5105872
Slovakia,SVK,2040,5081281
Slovakia,SVK,2041,5056725
Slovakia,SVK,2042,5032399
Slovakia,SVK,2043,5008046
Slovakia,SVK,2044,4983813
Slovakia,SVK,2045,4959754
Slovakia,SVK,2046,4935632
Slovakia,SVK,2047,4911411
Slovakia,SVK,2048,4886992
Slovakia,SVK,2049,4862101
Slovakia,SVK,2050,4836837
South Korea,KOR,2000,47008111
South Korea,KOR,2001,47370164
South Korea,KOR,2002,47644736
South Korea,KOR,2003,47892330
South Korea,KOR,2004,48082519
South Korea,KOR,2005,48184561
South Korea,KOR,2006,48438292
South Korea,KOR,2007,48683638
South Korea,KOR,2008,49054708
South Korea,KOR,2009,49307835
South Korea,KOR,2010,49554112
South Korea,KOR,2011,49936638
South Korea,KOR,2012,50199853
South Korea,KOR,2013,50428893
South Korea,KOR,2014,50746659
South Korea,KOR,2015,51014947
South Korea,KOR,2016,51217803
South Korea,KOR,2017,51361911
South Korea,KOR,2018,51585058
South Korea,KOR,2019,51764822
South Korea,KOR,2020,51836239
South Korea,KOR,2021,51769539
South Korea,KOR,2022,51672569
South Korea,KOR,2023,51712619
South Korea,KOR,2024,51635172
South Korea,KOR,2025,51541144
South Korea,KOR,2026,51438644
South Korea,KOR,2027,51324648
South Korea,KOR,2028,51204748
South Korea,KOR,2029,51072352
South Korea,KOR,2030,50928724
South Korea,KOR,2031,50773160
South Korea,KOR,2032,50601804
South Korea,KOR,2033,50409732
South Korea,KOR,2034,50199236
South Korea,KOR,2035,49969260
South Korea,KOR,2036,49718676
South Korea,KOR,2037,49444268
South Korea,KOR,2038,49146880
South Korea,KOR,2039,48829048
South Korea,KOR,2040,48494172
South Korea,KOR,2041,48136624
South Korea,KOR,2042,47768168
South Korea,KOR,2043,47384460
South Korea,KOR,2044,46984284
South Korea,KOR,2045,46574792
South Korea,KOR,2046,46160380
South Korea,KOR,2047,45730248
South Korea,KOR,2048,45291212
South Korea,KOR,2049,44838152
South Korea,KOR,2050,44376000
Tajikistan,TJK,2000,6284735
Tajikistan,TJK,2001,6407377
Tajikistan,TJK,2002,6531669
Tajikistan,TJK,2003,6658575
Tajikistan,TJK,2004,6790547
Tajikistan,TJK,2005,6924720
Tajikistan,TJK,2006,7057566
Tajikistan,TJK,2007,7194477
Tajikistan,TJK,2008,7338403
Tajikistan,TJK,2009,7490230
Tajikistan,TJK,2010,7652141
Tajikistan,TJK,2011,7824785
Tajikistan,TJK,2012,8014084
Tajikistan,TJK,2013,8216724
Tajikistan,TJK,2014,8425552
Tajikistan,TJK,2015,8643840
Tajikistan,TJK,2016,8865631
Tajikistan,TJK,2017,9085946
Tajikistan,TJK,2018,9307333
Tajikistan,TJK,2019,9529966
Tajikistan,TJK,2020,9749310
Tajikistan,TJK,2021,9966908
Tajikistan,TJK,2022,10182222
Tajikistan,TJK,2023,10389799
Tajikistan,TJK,2024,10590927
Tajikistan,TJK,2025,10786734
Tajikistan,TJK,2026,10978599
Tajikistan,TJK,2027,11168389
Tajikistan,TJK,2028,11356922
Tajikistan,TJK,2029,11545286
Tajikistan,TJK,2030,11733068
Tajikistan,TJK,2031,11920473
Tajikistan,TJK,2032,12110151
Tajikistan,TJK,2033,12302285
Tajikistan,TJK,2034,12496889
Tajikistan,TJK,2035,12695585
Tajikistan,TJK,2036,12899094
Tajikistan,TJK,2037,13104343
Tajikistan,TJK,2038,13308240
Tajikistan,TJK,2039,13511368
Tajikistan,TJK,2040,13713947
Tajikistan,TJK,2041,13915196
Tajikistan,TJK,2042,14115137
Tajikistan,TJK,2043,14311605
Tajikistan,TJK,2044,14504869
Tajikistan,TJK,2045,14694862
Tajikistan,TJK,2046,14879388
Tajikistan,TJK,2047,15059869
Tajikistan,TJK,2048,15236597
Tajikistan,TJK,2049,15408033
Tajikistan,TJK,2050,15574642
Thailand,THA,2000,63007815
Thailand,THA,2001,63651141
Thailand,THA,2002,64266437
Thailand,THA,2003,64868166
Thailand,THA,2004,65452047
Thailand,THA,2005,66017420
Thailand,THA,2006,66567687
Thailand,THA,2007,67102394
Thailand,THA,2008,67619830
Thailand,THA,2009,68121080
Thailand,THA,2010,68579447
Thailand,THA,2011,69007208
Thailand,THA,2012,69436098
Thailand,THA,2013,69845114
Thailand,THA,2014,70216367
Thailand,THA,2015,70540795
Thailand,THA,2016,70859841
Thailand,THA,2017,71160187
Thailand,THA,2018,71376079
Thailand,THA,2019,71522271
Thailand,THA,2020,71641484
Thailand,THA,2021,71727332
Thailand,THA,2022,71735329
Thailand,THA,2023,71702435
Thailand,THA,2024,71668011
Thailand,THA,2025,71619863
Thailand,THA,2026,71559614
Thailand,THA,2027,71488156
Thailand,THA,2028,71406994
Thailand,THA,2029,71316193
Thailand,THA,2030,71215022
Thailand,THA,2031,71104021
Thailand,THA,2032,70982289
Thailand,THA,2033,70847953
Thailand,THA,2034,70701654
Thailand,THA,2035,70540885
Thailand,THA,2036,70366494
Thailand,THA,2037,70180037
Thailand,THA,2038,69979037
Thailand,THA,2039,69763933
Thailand,THA,2040,69535002
Thailand,THA,2041,69288471
Thailand,THA,2042,69025351
Thailand,THA,2043,68748083
Thailand,THA,2044,68456530
Thailand,THA,2045,68150152
Thailand,THA,2046,67827311
Thailand,THA,2047,67489358
Thailand,THA,2048,67136738
Thailand,THA,2049,66767317
Thailand,THA,2050,66382735
Tunisia,TUN,2000,9764935
Tunisia,TUN,2001,9869677
Tunisia,TUN,2002,9971515
Tunisia,TUN,2003,10071632
Tunisia,TUN,2004,10166163
Tunisia,TUN,2005,10255472
Tunisia,TUN,2006,10346410
Tunisia,TUN,2007,10441702
Tunisia,TUN,2008,10542635
Tunisia,TUN,2009,10650681
Tunisia,TUN,2010,10765980
Tunisia,TUN,2011,10886035
Tunisia,TUN,2012,11009647
Tunisia,TUN,2013,11141361
Tunisia,TUN,2014,11274288
Tunisia,TUN,2015,11402264
Tunisia,TUN,2016,11528674
Tunisia,TUN,2017,11650498
Tunisia,TUN,2018,11765514
Tunisia,TUN,2019,11875081
Tunisia,TUN,2020,11974057
Tunisia,TUN,2021,12048622
Tunisia,TUN,2022,12119334
Tunisia,TUN,2023,12200431
Tunisia,TUN,2024,12277109
Tunisia,TUN,2025,12348573
Tunisia,TUN,2026,12415138
Tunisia,TUN,2027,12476097
Tunisia,TUN,2028,12531992
Tunisia,TUN,2029,12582708
Tunisia,TUN,2030,12628142
Tunisia,TUN,2031,12669921
Tunisia,TUN,2032,12709149
Tunisia,TUN,2033,12746529
Tunisia,TUN,2034,12781010
Tunisia,TUN,2035,12812269
Tunisia,TUN,2036,12842491
Tunisia,TUN,2037,12872060
Tunisia,TUN,2038,12900189
Tunisia,TUN,2039,12927306
Tunisia,TUN,2040,12953864
Tunisia,TUN,2041,12979693
Tunisia,TUN,2042,13005236
Tunisia,TUN,2043,13030303
Tunisia,TUN,2044,13054102
Tunisia,TUN,2045,13076089
Tunisia,TUN,2046,13095745
Tunisia,TUN,2047,13113222
Tunisia,TUN,2048,13127665
Tunisia,TUN,2049,13138145
Tunisia,TUN,2050,13145141
Turkey,TUR,2000,65425961
Turkey,TUR,2001,66245128
Turkey,TUR,2002,67048795
Turkey,TUR,2003,67831730
Turkey,TUR,2004,68592617
Turkey,TUR,2005,69329557
Turkey,TUR,2006,70045349
Turkey,TUR,2007,70158112
Turkey,TUR,2008,71051678
Turkey,TUR,2009,72039206
Turkey,TUR,2010,73142150
Turkey,TUR,2011,74223629
Turkey,TUR,2012,75175827
Turkey,TUR,2013,76147624
Turkey,TUR,2014,77181884
Turkey,TUR,2015,78218479
Turkey,TUR,2016,79277962
Turkey,TUR,2017,80312698
Turkey,TUR,2018,81407204
Turkey,TUR,2019,82579440
Turkey,TUR,2020,83384680
Turkey,TUR,2021,84147318
Turkey,TUR,2022,84979913
Turkey,TUR,2023,85325965
Turkey,TUR,2024,85525744
Turkey,TUR,2025,85740864
Turkey,TUR,2026,85997464
Turkey,TUR,2027,86273632
Turkey,TUR,2028,86548144
Turkey,TUR,2029,86809040
Turkey,TUR,2030,87076136
Turkey,TUR,2031,87322272
Turkey,TUR,2032,87548200
Turkey,TUR,2033,87764152
Turkey,TUR,2034,87962472
Turkey,TUR,2035,88151928
Turkey,TUR,2036,88335872
Turkey,TUR,2037,88503968
Turkey,TUR,2038,88647120
Turkey,TUR,2039,88776584
Turkey,TUR,2040,88885848
Turkey,TUR,2041,88980888
Turkey,TUR,2042,89064536
Turkey,TUR,2043,89122840
Turkey,TUR,2044,89166464
Turkey,TUR,2045,89185400
Turkey,TUR,2046,89203232
Turkey,TUR,2047,89187400
Turkey,TUR,2048,89142832
Turkey,TUR,2049,89064168
Turkey,TUR,2050,88957912
Ukraine,UKR,2000,49556660
Ukraine,UKR,2001,49106855
Ukraine,UKR,2002,48677281
Ukraine,UKR,2003,48315136
Ukraine,UKR,2004,47979507
Ukraine,UKR,2005,47585556
Ukraine,UKR,2006,47278694
Ukraine,UKR,2007,47062798
Ukraine,UKR,2008,46819175
Ukraine,UKR,2009,46623731
Ukraine,UKR,2010,46456003
Ukraine,UKR,2011,46307853
Ukraine,UKR,2012,46210056
Ukraine,UKR,2013,46126770
Ukraine,UKR,2014,45972380
Ukraine,UKR,2015,45784896
Ukraine,UKR,2016,45616832
Ukraine,UKR,2017,45436041
Ukraine,UKR,2018,45208907
Ukraine,UKR,2019,44957458
Ukraine,UKR,2020,44680014
Ukraine,UKR,2021,44298640
Ukraine,UKR,2022,41048766
Ukraine,UKR,2023,37732836
Ukraine,UKR,2024,37860221
Ukraine,UKR,2025,38980376
Ukraine,UKR,2026,39535849
Ukraine,UKR,2027,39245209
Ukraine,UKR,2028,38952090
Ukraine,UKR,2029,38654410
Ukraine,UKR,2030,38353853
Ukraine,UKR,2031,38050627
Ukraine,UKR,2032,37746691
Ukraine,UKR,2033,37442089
Ukraine,UKR,2034,37135845
Ukraine,UKR,2035,36828147
Ukraine,UKR,2036,36519766
Ukraine,UKR,2037,36209677
Ukraine,UKR,2038,35897707
Ukraine,UKR,2039,35584260
Ukraine,UKR,2040,35270911
Ukraine,UKR,2041,34957579
Ukraine,UKR,2042,34641775
Ukraine,UKR,2043,34324131
Ukraine,UKR,2044,34004077
Ukraine,UKR,2045,33680445
Ukraine,UKR,2046,33351501
Ukraine,UKR,2047,33017829
Ukraine,UKR,2048,32680966
Ukraine,UKR,2049,32338511
Ukraine,UKR,2050,31990132
United Kingdom,GBR,2000,58892514
United Kingdom,GBR,2001,59119673
United Kingdom,GBR,2002,59370479
United Kingdom,GBR,2003,59647577
United Kingdom,GBR,2004,59987905
United Kingdom,GBR,2005,60401206
United Kingdom,GBR,2006,60846820
United Kingdom,GBR,2007,61322463
United Kingdom,GBR,2008,61806995
United Kingdom,GBR,2009,62276270
United Kingdom,GBR,2010,62766365
United Kingdom,GBR,2011,63258810
United Kingdom,GBR,2012,63700215
United Kingdom,GBR,2013,64128273
United Kingdom,GBR,2014,64602298
United Kingdom,GBR,2015,65116219
United Kingdom,GBR,2016,65611593
United Kingdom,GBR,2017,66058859
United Kingdom,GBR,2018,66460344
United Kingdom,GBR,2019,66836327
United Kingdom,GBR,2020,67081234
United Kingdom,GBR,2021,67026292
United Kingdom,GBR,2022,67791000
United Kingdom,GBR,2023,68350000
United Kingdom,GBR,2024,68771048
United Kingdom,GBR,2025,69152288
United Kingdom,GBR,2026,69498696
United Kingdom,GBR,2027,69838904
United Kingdom,GBR,2028,70158544
United Kingdom,GBR,2029,70457592
United Kingdom,GBR,2030,70754056
United Kingdom,GBR,2031,71026064
United Kingdom,GBR,2032,71288168
United Kingdom,GBR,2033,71550664
United Kingdom,GBR,2034,71794928
United Kingdom,GBR,2035,72038704
United Kingdom,GBR,2036,72267424
United Kingdom,GBR,2037,72486896
United Kingdom,GBR,2038,72706664
United Kingdom,GBR,2039,72915928
United Kingdom,GBR,2040,73120760
United Kingdom,GBR,2041,73320688
United Kingdom,GBR,2042,73514656
United Kingdom,GBR,2043,73707184
United Kingdom,GBR,2044,73883976
United Kingdom,GBR,2045,74052112
United Kingdom,GBR,2046,74209264
United Kingdom,GBR,2047,74359080
United Kingdom,GBR,2048,74495136
United Kingdom,GBR,2049,74616808
United Kingdom,GBR,2050,74726632
United States,USA,2000,282162411
United States,USA,2001,284968955
United States,USA,2002,287625193
United States,USA,2003,290107933
United States,USA,2004,292805298
United States,USA,2005,295516599
United States,USA,2006,298379912
United States,USA,2007,301231207
United States,USA,2008,304093966
United States,USA,2009,306771529
United States,USA,2010,309327143
United States,USA,2011,311583481
United States,USA,2012,313877662
United States,USA,2013,316059947
United States,USA,2014,318386329
United States,USA,2015,320738994
United States,USA,2016,323071755
United States,USA,2017,325122128
United States,USA,2018,326838199
United States,USA,2019,328329953
United States,USA,2020,331526933
United States,USA,2021,332048977
United States,USA,2022,333271411
United States,USA,2023,334914895
United States,USA,2024,336717792
United States,USA,2025,338425248
United States,USA,2026,340039168
United States,USA,2027,341606016
United States,USA,2028,343181120
United States,USA,2029,344686240
United States,USA,2030,346166688
United States,USA,2031,347618336
United States,USA,2032,349048320
United States,USA,2033,350454016
United States,USA,2034,351852960
United States,USA,2035,353211808
United States,USA,2036,354543712
United States,USA,2037,355858016
United States,USA,2038,357158272
United States,USA,2039,358400864
United States,USA,2040,359614560
United States,USA,2041,360794848
United States,USA,2042,361984928
United States,USA,2043,363117536
United States,USA,2044,364211520
United States,USA,2045,365286784
United States,USA,2046,366326656
United States,USA,2047,367375232
United States,USA,2048,368384672
United States,USA,2049,369390432
United States,USA,2050,370388736
Uruguay,URY,2000,3266206
Uruguay,URY,2001,3274251
Uruguay,URY,2002,3278867
Uruguay,URY,2003,3281186
Uruguay,URY,2004,3283148
Uruguay,URY,2005,3285771
Uruguay,URY,2006,3289506
Uruguay,URY,2007,3295153
Uruguay,URY,2008,3302177
Uruguay,URY,2009,3310091
Uruguay,URY,2010,3318580
Uruguay,URY,2011,3326825
Uruguay,URY,2012,3335401
Uruguay,URY,2013,3345337
Uruguay,URY,2014,3356334
Uruguay,URY,2015,3368017
Uruguay,URY,2016,3379283
Uruguay,URY,2017,3388438
Uruguay,URY,2018,3394534
Uruguay,URY,2019,3397206
Uruguay,URY,2020,3398968
Uruguay,URY,2021,3396695
Uruguay,URY,2022,3390913
Uruguay,URY,2023,3388081
Uruguay,URY,2024,3386588
Uruguay,URY,2025,3384688
Uruguay,URY,2026,3382537
Uruguay,URY,2027,3380240
Uruguay,URY,2028,3377890
Uruguay,URY,2029,3375427
Uruguay,URY,2030,3372887
Uruguay,URY,2031,3370279
Uruguay,URY,2032,3367540
Uruguay,URY,2033,3364648
Uruguay,URY,2034,3361586
Uruguay,URY,2035,3358282
Uruguay,URY,2036,3354673
Uruguay,URY,2037,3350732
Uruguay,URY,2038,3346423
Uruguay,URY,2039,3341666
Uruguay,URY,2040,3336459
Uruguay,URY,2041,3330796
Uruguay,URY,2042,3324635
Uruguay,URY,2043,3317934
Uruguay,URY,2044,3310608
Uruguay,URY,2045,3302675
Uruguay,URY,2046,3294200
Uruguay,URY,2047,3285154
Uruguay,URY,2048,3275505
Uruguay,URY,2049,3265251
Uruguay,URY,2050,3254354
Uzbekistan,UZB,2000,24787054
Uzbekistan,UZB,2001,25090283
Uzbekistan,UZB,2002,25399980
Uzbekistan,UZB,2003,25711259
Uzbekistan,UZB,2004,26029350
Uzbekistan,UZB,2005,26356975
Uzbekistan,UZB,2006,26699043
Uzbekistan,UZB,2007,27076008
Uzbekistan,UZB,2008,27494774
Uzbekistan,UZB,2009,27939328
Uzbekistan,UZB,2010,28385506
Uzbekistan,UZB,2011,28823196
Uzbekistan,UZB,2012,29261903
Uzbekistan,UZB,2013,29724065
Uzbekistan,UZB,2014,30222994
Uzbekistan,UZB,2015,30749346
Uzbekistan,UZB,2016,31284568
Uzbekistan,UZB,2017,31819178
Uzbekistan,UZB,2018,32373490
Uzbekistan,UZB,2019,32964701
Uzbekistan,UZB,2020,33586372
Uzbekistan,UZB,2021,34243696
Uzbekistan,UZB,2022,34938955
Uzbekistan,UZB,2023,35652307
Uzbekistan,UZB,2024,36361859
Uzbekistan,UZB,2025,37053428
Uzbekistan,UZB,2026,37724223
Uzbekistan,UZB,2027,38376103
Uzbekistan,UZB,2028,39010990
Uzbekistan,UZB,2029,39634351
Uzbekistan,UZB,2030,40248241
Uzbekistan,UZB,2031,40850310
Uzbekistan,UZB,2032,41442241
Uzbekistan,UZB,2033,42026363
Uzbekistan,UZB,2034,42603249
Uzbekistan,UZB,2035,43175102
Uzbekistan,UZB,2036,43744386
Uzbekistan,UZB,2037,44313637
Uzbekistan,UZB,2038,44885867
Uzbekistan,UZB,2039,45461997
Uzbekistan,UZB,2040,46044152
Uzbekistan,UZB,2041,46636743
Uzbekistan,UZB,2042,47240036
Uzbekistan,UZB,2043,47851669
Uzbekistan,UZB,2044,48470625
Uzbekistan,UZB,2045,49096063
Uzbekistan,UZB,2046,49724393
Uzbekistan,UZB,2047,50351710
Uzbekistan,UZB,2048,50975933
Uzbekistan,UZB,2049,51596111
Uzbekistan,UZB,2050,52210755
Vietnam,VNM,2000,77154011
Vietnam,VNM,2001,77969361
Vietnam,VNM,2002,78772224
Vietnam,VNM,2003,79563777
Vietnam,VNM,2004,80338971
Vietnam,VNM,2005,81088313
Vietnam,VNM,2006,82167897
Vietnam,VNM,2007,83633375
Vietnam,VNM,2008,85175788
Vietnam,VNM,2009,86460018
Vietnam,VNM,2010,87455152
Vietnam,VNM,2011,88468314
Vietnam,VNM,2012,89510356
Vietnam,VNM,2013,90573104
Vietnam,VNM,2014,91679578
Vietnam,VNM,2015,92823254
Vietnam,VNM,2016,94000117
Vietnam,VNM,2017,95176977
Vietnam,VNM,2018,96237319
Vietnam,VNM,2019,97173776
Vietnam,VNM,2020,98079191
Vietnam,VNM,2021,98935098
Vietnam,VNM,2022,99680655
Vietnam,VNM,2023,100352192
Vietnam,VNM,2024,100987686
Vietnam,VNM,2025,101598527
Vietnam,VNM,2026,102177431
Vietnam,VNM,2027,102727395
Vietnam,VNM,2028,103255744
Vietnam,VNM,2029,103761156
Vietnam,VNM,2030,104254902
Vietnam,VNM,2031,104737911
Vietnam,VNM,2032,105204400
Vietnam,VNM,2033,105656310
Vietnam,VNM,2034,106097520
Vietnam,VNM,2035,106530676
Vietnam,VNM,2036,106945841
Vietnam,VNM,2037,107346042
Vietnam,VNM,2038,107732021
Vietnam,VNM,2039,108097656
Vietnam,VNM,2040,108437635
Vietnam,VNM,2041,108752199
Vietnam,VNM,2042,109040311
Vietnam,VNM,2043,109292561
Vietnam,VNM,2044,109506264
Vietnam,VNM,2045,109685398
Vietnam,VNM,2046,109827659
Vietnam,VNM,2047,109930239
Vietnam,VNM,2048,109994024
Vietnam,VNM,2049,110018019
Vietnam,VNM,2050,110008908
