Country,ISO3,Year,RD_Expenditure
Andorra,AND,2000,
Andorra,AND,2001,
Andorra,AND,2002,
Andorra,AND,2003,
Andorra,AND,2004,
Andorra,AND,2005,
Andorra,AND,2006,
Andorra,AND,2007,
Andorra,AND,2008,
Andorra,AND,2009,
Andorra,AND,2010,
Andorra,AND,2011,
Andorra,AND,2012,
Andorra,AND,2013,
Andorra,AND,2014,
Andorra,AND,2015,
Andorra,AND,2016,
Andorra,AND,2017,
Andorra,AND,2018,
Andorra,AND,2019,
Andorra,AND,2020,
Argentina,ARG,2000,0.438840001821518
Argentina,ARG,2001,0.424609988927841
Argentina,ARG,2002,0.388859987258911
Argentina,ARG,2003,0.410129994153976
Argentina,ARG,2004,0.403759986162186
Argentina,ARG,2005,0.420740008354187
Argentina,ARG,2006,0.452160000801086
Argentina,ARG,2007,0.460070013999939
Argentina,ARG,2008,0.470550000667572
Argentina,ARG,2009,0.583980023860931
Argentina,ARG,2010,0.561039984226227
Argentina,ARG,2011,0.565970003604889
Argentina,ARG,2012,0.634909987449646
Argentina,ARG,2013,0.618489980697632
Argentina,ARG,2014,0.593959987163544
Argentina,ARG,2015,0.622619986534119
Argentina,ARG,2016,0.558149993419647
Argentina,ARG,2017,0.556309998035431
Argentina,ARG,2018,0.488299995660782
Argentina,ARG,2019,0.478130012750626
Argentina,ARG,2020,0.541260004043579
Armenia,ARM,2000,0.1910600066185
Armenia,ARM,2001,0.279870003461838
Armenia,ARM,2002,0.252550005912781
Armenia,ARM,2003,0.321090012788773
Armenia,ARM,2004,0.256590008735657
Armenia,ARM,2005,0.257609993219376
Armenia,ARM,2006,0.240569993853569
Armenia,ARM,2007,0.211070001125336
Armenia,ARM,2008,0.224380001425743
Armenia,ARM,2009,0.29093000292778
Armenia,ARM,2010,0.241390004754066
Armenia,ARM,2011,0.270139992237091
Armenia,ARM,2012,0.238529995083809
Armenia,ARM,2013,0.222159996628761
Armenia,ARM,2014,0.241510003805161
Armenia,ARM,2015,0.250019997358322
Armenia,ARM,2016,0.233050003647804
Armenia,ARM,2017,0.227880001068115
Armenia,ARM,2018,0.188759997487068
Armenia,ARM,2019,0.178540006279945
Armenia,ARM,2020,0.209199994802475
Australia,AUS,2000,1.57197999954224
Australia,AUS,2001,
Australia,AUS,2002,1.74653995037079
Australia,AUS,2003,
Australia,AUS,2004,1.84801995754242
Australia,AUS,2005,
Australia,AUS,2006,2.17862010002136
Australia,AUS,2007,
Australia,AUS,2008,2.39897990226746
Australia,AUS,2009,
Australia,AUS,2010,2.37009000778198
Australia,AUS,2011,2.23445010185242
Australia,AUS,2012,
Australia,AUS,2013,2.17708992958069
Australia,AUS,2014,
Australia,AUS,2015,1.91902005672455
Australia,AUS,2016,
Australia,AUS,2017,1.87918996810913
Australia,AUS,2018,
Australia,AUS,2019,1.82570004463196
Australia,AUS,2020,
Bangladesh,BGD,2000,
Bangladesh,BGD,2001,
Bangladesh,BGD,2002,
Bangladesh,BGD,2003,
Bangladesh,BGD,2004,
Bangladesh,BGD,2005,
Bangladesh,BGD,2006,
Bangladesh,BGD,2007,
Bangladesh,BGD,2008,
Bangladesh,BGD,2009,
Bangladesh,BGD,2010,
Bangladesh,BGD,2011,
Bangladesh,BGD,2012,
Bangladesh,BGD,2013,
Bangladesh,BGD,2014,
Bangladesh,BGD,2015,
Bangladesh,BGD,2016,
Bangladesh,BGD,2017,
Bangladesh,BGD,2018,
Bangladesh,BGD,2019,
Bangladesh,BGD,2020,
Bolivia,BOL,2000,0.287440001964569
Bolivia,BOL,2001,0.293579995632172
Bolivia,BOL,2002,0.276630014181137
Bolivia,BOL,2003,
Bolivia,BOL,2004,
Bolivia,BOL,2005,
Bolivia,BOL,2006,
Bolivia,BOL,2007,
Bolivia,BOL,2008,
Bolivia,BOL,2009,0.157000005245209
Bolivia,BOL,2010,
Bolivia,BOL,2011,
Bolivia,BOL,2012,
Bolivia,BOL,2013,
Bolivia,BOL,2014,
Bolivia,BOL,2015,
Bolivia,BOL,2016,
Bolivia,BOL,2017,
Bolivia,BOL,2018,
Bolivia,BOL,2019,
Bolivia,BOL,2020,
Brazil,BRA,2000,1.04751002788544
Brazil,BRA,2001,1.06198000907898
Brazil,BRA,2002,1.0096800327301
Brazil,BRA,2003,0.999390006065369
Brazil,BRA,2004,0.963429987430573
Brazil,BRA,2005,1.00246000289917
Brazil,BRA,2006,0.988070011138916
Brazil,BRA,2007,1.08138000965118
Brazil,BRA,2008,1.12904000282288
Brazil,BRA,2009,1.11865997314453
Brazil,BRA,2010,1.15991997718811
Brazil,BRA,2011,1.13966000080109
Brazil,BRA,2012,1.12683999538422
Brazil,BRA,2013,1.19567000865936
Brazil,BRA,2014,1.26970994472504
Brazil,BRA,2015,1.37092995643616
Brazil,BRA,2016,1.28637003898621
Brazil,BRA,2017,1.11749994754791
Brazil,BRA,2018,1.16769003868103
Brazil,BRA,2019,1.21096003055573
Brazil,BRA,2020,1.14525997638702
Canada,CAN,2000,1.85847997665405
Canada,CAN,2001,2.02116990089417
Canada,CAN,2002,1.97170996665955
Canada,CAN,2003,1.96781003475189
Canada,CAN,2004,1.99733996391296
Canada,CAN,2005,1.97126996517181
Canada,CAN,2006,1.94304001331329
Canada,CAN,2007,1.90357995033264
Canada,CAN,2008,1.85578000545502
Canada,CAN,2009,1.9174200296402
Canada,CAN,2010,1.82503998279572
Canada,CAN,2011,1.78714001178741
Canada,CAN,2012,1.77304005622864
Canada,CAN,2013,1.70624005794525
Canada,CAN,2014,1.7148300409317
Canada,CAN,2015,1.69359004497528
Canada,CAN,2016,1.72903001308441
Canada,CAN,2017,1.68701994419098
Canada,CAN,2018,1.73720002174377
Canada,CAN,2019,1.75577998161316
Canada,CAN,2020,1.93413996696472
Chile,CHL,2000,
Chile,CHL,2001,
Chile,CHL,2002,
Chile,CHL,2003,
Chile,CHL,2004,
Chile,CHL,2005,
Chile,CHL,2006,
Chile,CHL,2007,0.311430007219315
Chile,CHL,2008,0.374920010566711
Chile,CHL,2009,0.354030013084412
Chile,CHL,2010,0.331649988889694
Chile,CHL,2011,0.352880001068115
Chile,CHL,2012,0.362129986286163
Chile,CHL,2013,0.390300005674362
Chile,CHL,2014,0.376679986715317
Chile,CHL,2015,0.382959991693497
Chile,CHL,2016,0.371030002832413
Chile,CHL,2017,0.356790006160736
Chile,CHL,2018,0.369159996509552
Chile,CHL,2019,0.342429995536804
Chile,CHL,2020,0.335249990224838
China,CHN,2000,0.893159985542297
China,CHN,2001,0.940330028533936
China,CHN,2002,1.05786001682281
China,CHN,2003,1.12037003040314
China,CHN,2004,1.21498000621796
China,CHN,2005,1.30791997909546
China,CHN,2006,1.36854004859924
China,CHN,2007,1.37369000911713
China,CHN,2008,1.44591999053955
China,CHN,2009,1.66480004787445
China,CHN,2010,1.7137199640274
China,CHN,2011,1.78033995628357
China,CHN,2012,1.91214001178741
China,CHN,2013,1.99785995483398
China,CHN,2014,2.02242994308472
China,CHN,2015,2.05700993537903
China,CHN,2016,2.10033011436462
China,CHN,2017,2.11602997779846
China,CHN,2018,2.14057993888855
China,CHN,2019,2.2446300983429
China,CHN,2020,2.40666007995605
Colombia,COL,2000,0.131060004234314
Colombia,COL,2001,0.13289999961853
Colombia,COL,2002,0.155589997768402
Colombia,COL,2003,0.173979997634888
Colombia,COL,2004,0.169640004634857
Colombia,COL,2005,0.165570005774498
Colombia,COL,2006,0.164269998669624
Colombia,COL,2007,0.183070003986359
Colombia,COL,2008,0.195409998297691
Colombia,COL,2009,0.193509995937347
Colombia,COL,2010,0.193580001592636
Colombia,COL,2011,0.198420003056526
Colombia,COL,2012,0.221159994602203
Colombia,COL,2013,0.257609993219376
Colombia,COL,2014,0.303169995546341
Colombia,COL,2015,0.365420013666153
Colombia,COL,2016,0.270509988069534
Colombia,COL,2017,0.261090010404587
Colombia,COL,2018,0.312330007553101
Colombia,COL,2019,0.322010010480881
Colombia,COL,2020,0.289400011301041
Cyprus,CYP,2000,0.226899996399879
Cyprus,CYP,2001,0.236939996480942
Cyprus,CYP,2002,0.279670000076294
Cyprus,CYP,2003,0.318340003490448
Cyprus,CYP,2004,0.335640013217926
Cyprus,CYP,2005,0.367269992828369
Cyprus,CYP,2006,0.383459985256195
Cyprus,CYP,2007,0.400070011615753
Cyprus,CYP,2008,0.385939985513687
Cyprus,CYP,2009,0.444370001554489
Cyprus,CYP,2010,0.442919999361038
Cyprus,CYP,2011,0.452630013227463
Cyprus,CYP,2012,0.437649995088577
Cyprus,CYP,2013,0.484849989414215
Cyprus,CYP,2014,0.512049973011017
Cyprus,CYP,2015,0.47529000043869
Cyprus,CYP,2016,0.519699990749359
Cyprus,CYP,2017,0.542590022087097
Cyprus,CYP,2018,0.614049971103668
Cyprus,CYP,2019,0.709450006484985
Cyprus,CYP,2020,0.83653998374939
Czechia,CZE,2000,1.10996997356415
Czechia,CZE,2001,1.09870994091034
Czechia,CZE,2002,1.09818994998932
Czechia,CZE,2003,1.14209997653961
Czechia,CZE,2004,1.13935005664825
Czechia,CZE,2005,1.16100001335144
Czechia,CZE,2006,1.22541999816895
Czechia,CZE,2007,1.29571998119354
Czechia,CZE,2008,1.23357999324799
Czechia,CZE,2009,1.28656005859375
Czechia,CZE,2010,1.32669997215271
Czechia,CZE,2011,1.54477000236511
Czechia,CZE,2012,1.76967000961304
Czechia,CZE,2013,1.87924003601074
Czechia,CZE,2014,1.95833003520966
Czechia,CZE,2015,1.91689002513885
Czechia,CZE,2016,1.67002999782562
Czechia,CZE,2017,1.76855003833771
Czechia,CZE,2018,1.89906001091003
Czechia,CZE,2019,1.92734003067017
Czechia,CZE,2020,1.98599004745483
Ecuador,ECU,2000,
Ecuador,ECU,2001,0.0544800013303757
Ecuador,ECU,2002,0.0584000013768673
Ecuador,ECU,2003,0.0600700005888939
Ecuador,ECU,2004,
Ecuador,ECU,2005,
Ecuador,ECU,2006,0.131760001182556
Ecuador,ECU,2007,0.135010004043579
Ecuador,ECU,2008,0.230110004544258
Ecuador,ECU,2009,0.410549998283386
Ecuador,ECU,2010,0.411269992589951
Ecuador,ECU,2011,0.341149985790253
Ecuador,ECU,2012,0.333079993724823
Ecuador,ECU,2013,0.374229997396469
Ecuador,ECU,2014,0.438389986753464
Ecuador,ECU,2015,
Ecuador,ECU,2016,
Ecuador,ECU,2017,
Ecuador,ECU,2018,
Ecuador,ECU,2019,
Ecuador,ECU,2020,
"Egypt, Arab Rep.",EGY,2000,0.192469999194145
"Egypt, Arab Rep.",EGY,2001,
"Egypt, Arab Rep.",EGY,2002,
"Egypt, Arab Rep.",EGY,2003,
"Egypt, Arab Rep.",EGY,2004,0.269939988851547
"Egypt, Arab Rep.",EGY,2005,0.241410002112389
"Egypt, Arab Rep.",EGY,2006,0.259030014276505
"Egypt, Arab Rep.",EGY,2007,0.255100011825562
"Egypt, Arab Rep.",EGY,2008,0.270240008831024
"Egypt, Arab Rep.",EGY,2009,0.433120012283325
"Egypt, Arab Rep.",EGY,2010,0.433450013399124
"Egypt, Arab Rep.",EGY,2011,0.531539976596832
"Egypt, Arab Rep.",EGY,2012,0.508989989757538
"Egypt, Arab Rep.",EGY,2013,0.638949990272522
"Egypt, Arab Rep.",EGY,2014,0.636489987373352
"Egypt, Arab Rep.",EGY,2015,0.718580007553101
"Egypt, Arab Rep.",EGY,2016,0.708480000495911
"Egypt, Arab Rep.",EGY,2017,0.644860029220581
"Egypt, Arab Rep.",EGY,2018,0.688390016555786
"Egypt, Arab Rep.",EGY,2019,0.796169996261597
"Egypt, Arab Rep.",EGY,2020,0.915639996528625
Ethiopia,ETH,2000,
Ethiopia,ETH,2001,
Ethiopia,ETH,2002,
Ethiopia,ETH,2003,
Ethiopia,ETH,2004,
Ethiopia,ETH,2005,0.179169997572899
Ethiopia,ETH,2006,
Ethiopia,ETH,2007,0.170890003442764
Ethiopia,ETH,2008,
Ethiopia,ETH,2009,
Ethiopia,ETH,2010,0.241370007395744
Ethiopia,ETH,2011,
Ethiopia,ETH,2012,
Ethiopia,ETH,2013,0.604740023612976
Ethiopia,ETH,2014,
Ethiopia,ETH,2015,
Ethiopia,ETH,2016,
Ethiopia,ETH,2017,0.274370014667511
Ethiopia,ETH,2018,
Ethiopia,ETH,2019,
Ethiopia,ETH,2020,
Germany,DEU,2000,2.40982007980347
Germany,DEU,2001,2.40437006950378
Germany,DEU,2002,2.4362199306488
Germany,DEU,2003,2.47461009025574
Germany,DEU,2004,2.43518996238708
Germany,DEU,2005,2.44193005561829
Germany,DEU,2006,2.47232007980347
Germany,DEU,2007,2.4604799747467
Germany,DEU,2008,2.61512994766235
Germany,DEU,2009,2.74266004562378
Germany,DEU,2010,2.73024010658264
Germany,DEU,2011,2.80555009841919
Germany,DEU,2012,2.88165998458862
Germany,DEU,2013,2.8359899520874
Germany,DEU,2014,2.87784004211426
Germany,DEU,2015,2.9337899684906
Germany,DEU,2016,2.94039011001587
Germany,DEU,2017,3.04710006713867
Germany,DEU,2018,3.11011004447937
Germany,DEU,2019,3.16701006889343
Germany,DEU,2020,3.13136005401611
Greece,GRC,2000,
Greece,GRC,2001,0.559480011463165
Greece,GRC,2002,
Greece,GRC,2003,0.546540021896362
Greece,GRC,2004,0.527300000190735
Greece,GRC,2005,0.578960001468658
Greece,GRC,2006,0.561179995536804
Greece,GRC,2007,0.576550006866455
Greece,GRC,2008,0.661830008029938
Greece,GRC,2009,0.625569999217987
Greece,GRC,2010,0.603470027446747
Greece,GRC,2011,0.684260010719299
Greece,GRC,2012,0.710049986839294
Greece,GRC,2013,0.814779996871948
Greece,GRC,2014,0.839980006217957
Greece,GRC,2015,0.966050028800964
Greece,GRC,2016,1.00529003143311
Greece,GRC,2017,1.15227997303009
Greece,GRC,2018,1.21370995044708
Greece,GRC,2019,1.27498996257782
Greece,GRC,2020,1.51148998737335
Guatemala,GTM,2000,
Guatemala,GTM,2001,
Guatemala,GTM,2002,
Guatemala,GTM,2003,
Guatemala,GTM,2004,
Guatemala,GTM,2005,0.0355600006878376
Guatemala,GTM,2006,0.0500999987125397
Guatemala,GTM,2007,0.0678199976682663
Guatemala,GTM,2008,0.062899999320507
Guatemala,GTM,2009,0.0562000013887882
Guatemala,GTM,2010,0.0442100018262863
Guatemala,GTM,2011,0.0489399991929531
Guatemala,GTM,2012,0.0454300008714199
Guatemala,GTM,2013,0.0391599982976913
Guatemala,GTM,2014,0.0294899996370077
Guatemala,GTM,2015,0.0306400004774332
Guatemala,GTM,2016,0.0231100004166365
Guatemala,GTM,2017,0.0295499991625547
Guatemala,GTM,2018,0.0293799992650747
Guatemala,GTM,2019,0.0264199990779161
Guatemala,GTM,2020,0.0488799996674061
"Hong Kong SAR, China",HKG,2000,0.46492999792099
"Hong Kong SAR, China",HKG,2001,0.536450028419495
"Hong Kong SAR, China",HKG,2002,0.581470012664795
"Hong Kong SAR, China",HKG,2003,0.68027001619339
"Hong Kong SAR, China",HKG,2004,0.721759974956512
"Hong Kong SAR, China",HKG,2005,0.773429989814758
"Hong Kong SAR, China",HKG,2006,0.794679999351501
"Hong Kong SAR, China",HKG,2007,0.751609981060028
"Hong Kong SAR, China",HKG,2008,0.71995997428894
"Hong Kong SAR, China",HKG,2009,0.773419976234436
"Hong Kong SAR, China",HKG,2010,0.749459981918335
"Hong Kong SAR, China",HKG,2011,0.720860004425049
"Hong Kong SAR, China",HKG,2012,0.727330029010773
"Hong Kong SAR, China",HKG,2013,0.730170011520386
"Hong Kong SAR, China",HKG,2014,0.740140020847321
"Hong Kong SAR, China",HKG,2015,0.761829972267151
"Hong Kong SAR, China",HKG,2016,0.791499972343445
"Hong Kong SAR, China",HKG,2017,0.835189998149872
"Hong Kong SAR, China",HKG,2018,0.863300025463104
"Hong Kong SAR, China",HKG,2019,0.925570011138916
"Hong Kong SAR, China",HKG,2020,0.99235999584198
India,IND,2000,0.756990015506744
India,IND,2001,0.735909998416901
India,IND,2002,0.725669980049133
India,IND,2003,0.719290018081665
India,IND,2004,0.756900012493134
India,IND,2005,0.824109971523285
India,IND,2006,0.804729998111725
India,IND,2007,0.805069983005524
India,IND,2008,0.858759999275208
India,IND,2009,0.833140015602112
India,IND,2010,0.788489997386932
India,IND,2011,0.755020022392273
India,IND,2012,0.743990004062653
India,IND,2013,0.706420004367828
India,IND,2014,0.701590001583099
India,IND,2015,0.693099975585938
India,IND,2016,0.669839978218079
India,IND,2017,0.666029989719391
India,IND,2018,0.660009980201721
India,IND,2019,0.659420013427734
India,IND,2020,0.645579993724823
Indonesia,IDN,2000,0.0676899999380112
Indonesia,IDN,2001,0.0475599989295006
Indonesia,IDN,2002,
Indonesia,IDN,2003,
Indonesia,IDN,2004,
Indonesia,IDN,2005,
Indonesia,IDN,2006,
Indonesia,IDN,2007,
Indonesia,IDN,2008,
Indonesia,IDN,2009,0.0833199992775917
Indonesia,IDN,2010,
Indonesia,IDN,2011,
Indonesia,IDN,2012,
Indonesia,IDN,2013,0.0847000032663345
Indonesia,IDN,2014,
Indonesia,IDN,2015,
Indonesia,IDN,2016,0.245350003242493
Indonesia,IDN,2017,0.238049998879433
Indonesia,IDN,2018,0.226319998502731
Indonesia,IDN,2019,0.271290004253387
Indonesia,IDN,2020,0.280680000782013
"Iran, Islamic Rep.",IRN,2000,
"Iran, Islamic Rep.",IRN,2001,0.502179980278015
"Iran, Islamic Rep.",IRN,2002,0.495579987764359
"Iran, Islamic Rep.",IRN,2003,0.594839990139008
"Iran, Islamic Rep.",IRN,2004,0.504530012607574
"Iran, Islamic Rep.",IRN,2005,0.622839987277985
"Iran, Islamic Rep.",IRN,2006,0.559210002422333
"Iran, Islamic Rep.",IRN,2007,
"Iran, Islamic Rep.",IRN,2008,0.646470010280609
"Iran, Islamic Rep.",IRN,2009,0.272579997777939
"Iran, Islamic Rep.",IRN,2010,0.264420002698898
"Iran, Islamic Rep.",IRN,2011,
"Iran, Islamic Rep.",IRN,2012,0.294349998235703
"Iran, Islamic Rep.",IRN,2013,0.236010000109673
"Iran, Islamic Rep.",IRN,2014,
"Iran, Islamic Rep.",IRN,2015,0.393830001354218
"Iran, Islamic Rep.",IRN,2016,
"Iran, Islamic Rep.",IRN,2017,0.759829998016357
"Iran, Islamic Rep.",IRN,2018,
"Iran, Islamic Rep.",IRN,2019,0.788290023803711
"Iran, Islamic Rep.",IRN,2020,
Iraq,IRQ,2000,
Iraq,IRQ,2001,
Iraq,IRQ,2002,
Iraq,IRQ,2003,
Iraq,IRQ,2004,
Iraq,IRQ,2005,
Iraq,IRQ,2006,
Iraq,IRQ,2007,0.0455400012433529
Iraq,IRQ,2008,0.0343500003218651
Iraq,IRQ,2009,0.0456200018525124
Iraq,IRQ,2010,0.0368399992585182
Iraq,IRQ,2011,0.0347599983215332
Iraq,IRQ,2012,
Iraq,IRQ,2013,
Iraq,IRQ,2014,0.0383500009775162
Iraq,IRQ,2015,0.0401699990034103
Iraq,IRQ,2016,0.0373700000345707
Iraq,IRQ,2017,0.0459600016474724
Iraq,IRQ,2018,0.0427899993956089
Iraq,IRQ,2019,0.032660000026226
Iraq,IRQ,2020,0.0405299998819828
Ireland,IRL,2000,1.08382999897003
Ireland,IRL,2001,1.05193996429443
Ireland,IRL,2002,1.05575001239777
Ireland,IRL,2003,1.12434995174408
Ireland,IRL,2004,1.1777800321579
Ireland,IRL,2005,1.19196999073029
Ireland,IRL,2006,1.19886994361877
Ireland,IRL,2007,1.23407995700836
Ireland,IRL,2008,1.39126002788544
Ireland,IRL,2009,1.61371004581451
Ireland,IRL,2010,1.5947699546814
Ireland,IRL,2011,1.55153000354767
Ireland,IRL,2012,1.5602799654007
Ireland,IRL,2013,1.56907999515533
Ireland,IRL,2014,1.51797997951508
Ireland,IRL,2015,1.1797399520874
Ireland,IRL,2016,1.17716002464294
Ireland,IRL,2017,1.24865996837616
Ireland,IRL,2018,1.10697996616364
Ireland,IRL,2019,1.16068005561829
Ireland,IRL,2020,1.14550995826721
Japan,JPN,2000,2.8584098815918
Japan,JPN,2001,2.92348003387451
Japan,JPN,2002,2.96514010429382
Japan,JPN,2003,2.99320006370544
Japan,JPN,2004,2.98125004768372
Japan,JPN,2005,3.13091993331909
Japan,JPN,2006,3.2276599407196
Japan,JPN,2007,3.29257011413574
Japan,JPN,2008,3.29223990440369
Japan,JPN,2009,3.19589996337891
Japan,JPN,2010,3.10494995117188
Japan,JPN,2011,3.20536994934082
Japan,JPN,2012,3.17371010780334
Japan,JPN,2013,3.27895998954773
Japan,JPN,2014,3.36788010597229
Japan,JPN,2015,3.24071002006531
Japan,JPN,2016,3.10665988922119
Japan,JPN,2017,3.16635990142822
Japan,JPN,2018,3.21919989585876
Japan,JPN,2019,3.2182400226593
Japan,JPN,2020,3.2645800113678
Jordan,JOR,2000,
Jordan,JOR,2001,
Jordan,JOR,2002,0.336890012025833
Jordan,JOR,2003,
Jordan,JOR,2004,
Jordan,JOR,2005,
Jordan,JOR,2006,
Jordan,JOR,2007,
Jordan,JOR,2008,0.42153999209404
Jordan,JOR,2009,
Jordan,JOR,2010,
Jordan,JOR,2011,
Jordan,JOR,2012,
Jordan,JOR,2013,
Jordan,JOR,2014,
Jordan,JOR,2015,
Jordan,JOR,2016,0.695469975471497
Jordan,JOR,2017,
Jordan,JOR,2018,
Jordan,JOR,2019,
Jordan,JOR,2020,
Kazakhstan,KAZ,2000,0.18104000389576
Kazakhstan,KAZ,2001,0.220090001821518
Kazakhstan,KAZ,2002,0.255089998245239
Kazakhstan,KAZ,2003,0.25246000289917
Kazakhstan,KAZ,2004,0.248370006680489
Kazakhstan,KAZ,2005,0.283609986305237
Kazakhstan,KAZ,2006,0.242809996008873
Kazakhstan,KAZ,2007,0.208839997649193
Kazakhstan,KAZ,2008,0.216539993882179
Kazakhstan,KAZ,2009,0.229240000247955
Kazakhstan,KAZ,2010,0.153410002589226
Kazakhstan,KAZ,2011,0.153490006923676
Kazakhstan,KAZ,2012,0.16525000333786
Kazakhstan,KAZ,2013,0.171320006251335
Kazakhstan,KAZ,2014,0.167219996452332
Kazakhstan,KAZ,2015,0.169510006904602
Kazakhstan,KAZ,2016,0.141790002584457
Kazakhstan,KAZ,2017,0.126670002937317
Kazakhstan,KAZ,2018,0.116829998791218
Kazakhstan,KAZ,2019,0.118409998714924
Kazakhstan,KAZ,2020,0.12601999938488
Kenya,KEN,2000,
Kenya,KEN,2001,
Kenya,KEN,2002,
Kenya,KEN,2003,
Kenya,KEN,2004,
Kenya,KEN,2005,
Kenya,KEN,2006,
Kenya,KEN,2007,0.35521000623703
Kenya,KEN,2008,
Kenya,KEN,2009,
Kenya,KEN,2010,0.692219972610474
Kenya,KEN,2011,
Kenya,KEN,2012,
Kenya,KEN,2013,
Kenya,KEN,2014,
Kenya,KEN,2015,
Kenya,KEN,2016,
Kenya,KEN,2017,
Kenya,KEN,2018,
Kenya,KEN,2019,
Kenya,KEN,2020,
"Korea, Rep.",KOR,2000,2.12519001960754
"Korea, Rep.",KOR,2001,2.2786500453949
"Korea, Rep.",KOR,2002,2.20774006843567
"Korea, Rep.",KOR,2003,2.27722001075745
"Korea, Rep.",KOR,2004,2.44214010238647
"Korea, Rep.",KOR,2005,2.52290010452271
"Korea, Rep.",KOR,2006,2.71934008598328
"Korea, Rep.",KOR,2007,2.87258005142212
"Korea, Rep.",KOR,2008,2.9888699054718
"Korea, Rep.",KOR,2009,3.14668989181519
"Korea, Rep.",KOR,2010,3.3157799243927
"Korea, Rep.",KOR,2011,3.59198999404907
"Korea, Rep.",KOR,2012,3.8503999710083
"Korea, Rep.",KOR,2013,3.95124006271362
"Korea, Rep.",KOR,2014,4.07785987854004
"Korea, Rep.",KOR,2015,3.97819995880127
"Korea, Rep.",KOR,2016,3.9870400428772
"Korea, Rep.",KOR,2017,4.29205989837646
"Korea, Rep.",KOR,2018,4.51632976531982
"Korea, Rep.",KOR,2019,4.62702989578247
"Korea, Rep.",KOR,2020,4.79571008682251
Kyrgyz Republic,KGZ,2000,0.156369999051094
Kyrgyz Republic,KGZ,2001,0.171890005469322
Kyrgyz Republic,KGZ,2002,0.198100000619888
Kyrgyz Republic,KGZ,2003,0.222719997167587
Kyrgyz Republic,KGZ,2004,0.199259996414185
Kyrgyz Republic,KGZ,2005,0.198609992861748
Kyrgyz Republic,KGZ,2006,0.230140000581741
Kyrgyz Republic,KGZ,2007,0.234249994158745
Kyrgyz Republic,KGZ,2008,0.190170004963875
Kyrgyz Republic,KGZ,2009,0.159970000386238
Kyrgyz Republic,KGZ,2010,0.155469998717308
Kyrgyz Republic,KGZ,2011,0.15633000433445
Kyrgyz Republic,KGZ,2012,0.16609999537468
Kyrgyz Republic,KGZ,2013,0.149140000343323
Kyrgyz Republic,KGZ,2014,0.125359997153282
Kyrgyz Republic,KGZ,2015,0.119029998779297
Kyrgyz Republic,KGZ,2016,0.111210003495216
Kyrgyz Republic,KGZ,2017,0.107069998979568
Kyrgyz Republic,KGZ,2018,0.101070001721382
Kyrgyz Republic,KGZ,2019,0.0853499993681908
Kyrgyz Republic,KGZ,2020,0.0835599973797798
Lebanon,LBN,2000,
Lebanon,LBN,2001,
Lebanon,LBN,2002,
Lebanon,LBN,2003,
Lebanon,LBN,2004,
Lebanon,LBN,2005,
Lebanon,LBN,2006,
Lebanon,LBN,2007,
Lebanon,LBN,2008,
Lebanon,LBN,2009,
Lebanon,LBN,2010,
Lebanon,LBN,2011,
Lebanon,LBN,2012,
Lebanon,LBN,2013,
Lebanon,LBN,2014,
Lebanon,LBN,2015,
Lebanon,LBN,2016,
Lebanon,LBN,2017,
Lebanon,LBN,2018,
Lebanon,LBN,2019,
Lebanon,LBN,2020,
Libya,LBY,2000,
Libya,LBY,2001,
Libya,LBY,2002,
Libya,LBY,2003,
Libya,LBY,2004,
Libya,LBY,2005,
Libya,LBY,2006,
Libya,LBY,2007,
Libya,LBY,2008,
Libya,LBY,2009,
Libya,LBY,2010,
Libya,LBY,2011,
Libya,LBY,2012,
Libya,LBY,2013,
Libya,LBY,2014,
Libya,LBY,2015,
Libya,LBY,2016,
Libya,LBY,2017,
Libya,LBY,2018,
Libya,LBY,2019,
Libya,LBY,2020,
Malaysia,MYS,2000,0.468989998102188
Malaysia,MYS,2001,
Malaysia,MYS,2002,0.652540028095245
Malaysia,MYS,2003,
Malaysia,MYS,2004,0.599900007247925
Malaysia,MYS,2005,
Malaysia,MYS,2006,0.6110600233078
Malaysia,MYS,2007,
Malaysia,MYS,2008,0.788469970226288
Malaysia,MYS,2009,1.01001000404358
Malaysia,MYS,2010,1.03608000278473
Malaysia,MYS,2011,1.03341996669769
Malaysia,MYS,2012,1.09268999099731
Malaysia,MYS,2013,
Malaysia,MYS,2014,1.2627500295639
Malaysia,MYS,2015,1.27945005893707
Malaysia,MYS,2016,1.41516995429993
Malaysia,MYS,2017,
Malaysia,MYS,2018,1.04025995731354
Malaysia,MYS,2019,
Malaysia,MYS,2020,0.950550019741058
Maldives,MDV,2000,
Maldives,MDV,2001,
Maldives,MDV,2002,
Maldives,MDV,2003,
Maldives,MDV,2004,
Maldives,MDV,2005,
Maldives,MDV,2006,
Maldives,MDV,2007,
Maldives,MDV,2008,
Maldives,MDV,2009,
Maldives,MDV,2010,
Maldives,MDV,2011,
Maldives,MDV,2012,
Maldives,MDV,2013,
Maldives,MDV,2014,
Maldives,MDV,2015,
Maldives,MDV,2016,
Maldives,MDV,2017,
Maldives,MDV,2018,
Maldives,MDV,2019,
Maldives,MDV,2020,
Mexico,MEX,2000,0.292050004005432
Mexico,MEX,2001,0.308149993419647
Mexico,MEX,2002,0.337449997663498
Mexico,MEX,2003,0.374540001153946
Mexico,MEX,2004,0.370530009269714
Mexico,MEX,2005,0.38102999329567
Mexico,MEX,2006,0.352979987859726
Mexico,MEX,2007,0.380389988422394
Mexico,MEX,2008,0.424160003662109
Mexico,MEX,2009,0.457480013370514
Mexico,MEX,2010,0.473529994487762
Mexico,MEX,2011,0.452679991722107
Mexico,MEX,2012,0.402839988470078
Mexico,MEX,2013,0.408060014247894
Mexico,MEX,2014,0.419620007276535
Mexico,MEX,2015,0.414770007133484
Mexico,MEX,2016,0.376010000705719
Mexico,MEX,2017,0.319550007581711
Mexico,MEX,2018,0.29815998673439
Mexico,MEX,2019,0.276059985160828
Mexico,MEX,2020,0.291909992694855
Mongolia,MNG,2000,0.187570005655289
Mongolia,MNG,2001,0.2674899995327
Mongolia,MNG,2002,0.251729995012283
Mongolia,MNG,2003,0.251800000667572
Mongolia,MNG,2004,0.267769992351532
Mongolia,MNG,2005,0.237760007381439
Mongolia,MNG,2006,0.191210001707077
Mongolia,MNG,2007,0.238269999623299
Mongolia,MNG,2008,0.336670011281967
Mongolia,MNG,2009,0.304780006408691
Mongolia,MNG,2010,0.244379997253418
Mongolia,MNG,2011,0.230540007352829
Mongolia,MNG,2012,0.23913000524044
Mongolia,MNG,2013,0.232460007071495
Mongolia,MNG,2014,0.223399996757507
Mongolia,MNG,2015,0.156399995088577
Mongolia,MNG,2016,0.183449998497963
Mongolia,MNG,2017,0.134200006723404
Mongolia,MNG,2018,0.101609997451305
Mongolia,MNG,2019,0.0926999971270561
Mongolia,MNG,2020,0.133009999990463
Morocco,MAR,2000,
Morocco,MAR,2001,0.546299993991852
Morocco,MAR,2002,0.471789985895157
Morocco,MAR,2003,0.565880000591278
Morocco,MAR,2004,
Morocco,MAR,2005,
Morocco,MAR,2006,0.549870014190674
Morocco,MAR,2007,
Morocco,MAR,2008,
Morocco,MAR,2009,
Morocco,MAR,2010,0.660359978675842
Morocco,MAR,2011,
Morocco,MAR,2012,
Morocco,MAR,2013,
Morocco,MAR,2014,
Morocco,MAR,2015,
Morocco,MAR,2016,
Morocco,MAR,2017,
Morocco,MAR,2018,
Morocco,MAR,2019,
Morocco,MAR,2020,
Myanmar,MMR,2000,0.113059997558594
Myanmar,MMR,2001,0.0714399963617325
Myanmar,MMR,2002,0.162159994244576
Myanmar,MMR,2003,
Myanmar,MMR,2004,
Myanmar,MMR,2005,
Myanmar,MMR,2006,
Myanmar,MMR,2007,
Myanmar,MMR,2008,
Myanmar,MMR,2009,
Myanmar,MMR,2010,
Myanmar,MMR,2011,
Myanmar,MMR,2012,
Myanmar,MMR,2013,
Myanmar,MMR,2014,
Myanmar,MMR,2015,
Myanmar,MMR,2016,
Myanmar,MMR,2017,0.0321800000965595
Myanmar,MMR,2018,0.0588099993765354
Myanmar,MMR,2019,0.0834100022912025
Myanmar,MMR,2020,0.155670002102852
Netherlands,NLD,2000,1.78980004787445
Netherlands,NLD,2001,1.79609000682831
Netherlands,NLD,2002,1.74542999267578
Netherlands,NLD,2003,1.78390002250671
Netherlands,NLD,2004,1.7890100479126
Netherlands,NLD,2005,1.77388000488281
Netherlands,NLD,2006,1.74066996574402
Netherlands,NLD,2007,1.67030000686646
Netherlands,NLD,2008,1.62268996238708
Netherlands,NLD,2009,1.66569995880127
Netherlands,NLD,2010,1.70404005050659
Netherlands,NLD,2011,1.8813099861145
Netherlands,NLD,2012,1.9162700176239
Netherlands,NLD,2013,2.15605998039246
Netherlands,NLD,2014,2.17330002784729
Netherlands,NLD,2015,2.1460599899292
Netherlands,NLD,2016,2.15081000328064
Netherlands,NLD,2017,2.17857003211975
Netherlands,NLD,2018,2.13879990577698
Netherlands,NLD,2019,2.18435001373291
Netherlands,NLD,2020,2.32182002067566
New Zealand,NZL,2000,
New Zealand,NZL,2001,1.10028994083405
New Zealand,NZL,2002,
New Zealand,NZL,2003,1.14891004562378
New Zealand,NZL,2004,
New Zealand,NZL,2005,1.12042999267578
New Zealand,NZL,2006,
New Zealand,NZL,2007,1.15763998031616
New Zealand,NZL,2008,
New Zealand,NZL,2009,1.25214004516602
New Zealand,NZL,2010,
New Zealand,NZL,2011,1.23222005367279
New Zealand,NZL,2012,
New Zealand,NZL,2013,1.15337002277374
New Zealand,NZL,2014,
New Zealand,NZL,2015,1.22789001464844
New Zealand,NZL,2016,
New Zealand,NZL,2017,1.34905004501343
New Zealand,NZL,2018,
New Zealand,NZL,2019,1.40803003311157
New Zealand,NZL,2020,
Nicaragua,NIC,2000,
Nicaragua,NIC,2001,
Nicaragua,NIC,2002,0.0349299982190132
Nicaragua,NIC,2003,
Nicaragua,NIC,2004,
Nicaragua,NIC,2005,
Nicaragua,NIC,2006,
Nicaragua,NIC,2007,
Nicaragua,NIC,2008,
Nicaragua,NIC,2009,
Nicaragua,NIC,2010,
Nicaragua,NIC,2011,0.0834399983286858
Nicaragua,NIC,2012,0.104489997029305
Nicaragua,NIC,2013,0.10283999890089
Nicaragua,NIC,2014,0.0893500000238419
Nicaragua,NIC,2015,0.10741999745369
Nicaragua,NIC,2016,
Nicaragua,NIC,2017,
Nicaragua,NIC,2018,
Nicaragua,NIC,2019,
Nicaragua,NIC,2020,
Nigeria,NGA,2000,
Nigeria,NGA,2001,
Nigeria,NGA,2002,
Nigeria,NGA,2003,
Nigeria,NGA,2004,
Nigeria,NGA,2005,
Nigeria,NGA,2006,
Nigeria,NGA,2007,0.132229998707771
Nigeria,NGA,2008,
Nigeria,NGA,2009,
Nigeria,NGA,2010,
Nigeria,NGA,2011,
Nigeria,NGA,2012,
Nigeria,NGA,2013,
Nigeria,NGA,2014,
Nigeria,NGA,2015,
Nigeria,NGA,2016,
Nigeria,NGA,2017,
Nigeria,NGA,2018,
Nigeria,NGA,2019,0.284440010786057
Nigeria,NGA,2020,
Pakistan,PAK,2000,0.0953600034117699
Pakistan,PAK,2001,0.124080002307892
Pakistan,PAK,2002,0.16227999329567
Pakistan,PAK,2003,
Pakistan,PAK,2004,
Pakistan,PAK,2005,0.329459995031357
Pakistan,PAK,2006,
Pakistan,PAK,2007,0.523429989814758
Pakistan,PAK,2008,
Pakistan,PAK,2009,0.40217998623848
Pakistan,PAK,2010,
Pakistan,PAK,2011,0.304910004138947
Pakistan,PAK,2012,
Pakistan,PAK,2013,0.261790007352829
Pakistan,PAK,2014,
Pakistan,PAK,2015,0.221929997205734
Pakistan,PAK,2016,
Pakistan,PAK,2017,0.212139993906021
Pakistan,PAK,2018,
Pakistan,PAK,2019,0.174750000238419
Pakistan,PAK,2020,
Peru,PER,2000,0.112659998238087
Peru,PER,2001,0.110959999263287
Peru,PER,2002,0.106140002608299
Peru,PER,2003,0.108130000531673
Peru,PER,2004,0.155780002474785
Peru,PER,2005,
Peru,PER,2006,
Peru,PER,2007,
Peru,PER,2008,
Peru,PER,2009,
Peru,PER,2010,
Peru,PER,2011,0.0828199982643127
Peru,PER,2012,0.0553000010550022
Peru,PER,2013,0.0817399993538857
Peru,PER,2014,0.108050003647804
Peru,PER,2015,0.117020003497601
Peru,PER,2016,0.120080001652241
Peru,PER,2017,0.120849996805191
Peru,PER,2018,0.126829996705055
Peru,PER,2019,0.156959995627403
Peru,PER,2020,0.172289997339249
Philippines,PHL,2000,
Philippines,PHL,2001,
Philippines,PHL,2002,0.132630005478859
Philippines,PHL,2003,0.125269994139671
Philippines,PHL,2004,
Philippines,PHL,2005,0.106919996440411
Philippines,PHL,2006,
Philippines,PHL,2007,0.104979999363422
Philippines,PHL,2008,
Philippines,PHL,2009,0.109010003507137
Philippines,PHL,2010,
Philippines,PHL,2011,0.112219996750355
Philippines,PHL,2012,
Philippines,PHL,2013,0.132070004940033
Philippines,PHL,2014,
Philippines,PHL,2015,0.156829997897148
Philippines,PHL,2016,
Philippines,PHL,2017,
Philippines,PHL,2018,0.322219997644424
Philippines,PHL,2019,
Philippines,PHL,2020,
Puerto Rico,PRI,2000,
Puerto Rico,PRI,2001,
Puerto Rico,PRI,2002,
Puerto Rico,PRI,2003,
Puerto Rico,PRI,2004,
Puerto Rico,PRI,2005,
Puerto Rico,PRI,2006,
Puerto Rico,PRI,2007,
Puerto Rico,PRI,2008,
Puerto Rico,PRI,2009,0.451310008764267
Puerto Rico,PRI,2010,
Puerto Rico,PRI,2011,
Puerto Rico,PRI,2012,
Puerto Rico,PRI,2013,0.438589990139008
Puerto Rico,PRI,2014,
Puerto Rico,PRI,2015,0.428829997777939
Puerto Rico,PRI,2016,
Puerto Rico,PRI,2017,
Puerto Rico,PRI,2018,
Puerto Rico,PRI,2019,
Puerto Rico,PRI,2020,
Romania,ROU,2000,0.36625999212265
Romania,ROU,2001,0.391290009021759
Romania,ROU,2002,0.37720999121666
Romania,ROU,2003,0.39708000421524
Romania,ROU,2004,0.389420002698898
Romania,ROU,2005,0.412620007991791
Romania,ROU,2006,0.456820011138916
Romania,ROU,2007,0.51147997379303
Romania,ROU,2008,0.552150011062622
Romania,ROU,2009,0.443949997425079
Romania,ROU,2010,0.44666001200676
Romania,ROU,2011,0.474590003490448
Romania,ROU,2012,0.462399989366531
Romania,ROU,2013,0.390240013599396
Romania,ROU,2014,0.382079988718033
Romania,ROU,2015,0.487960010766983
Romania,ROU,2016,0.488640010356903
Romania,ROU,2017,0.506929993629456
Romania,ROU,2018,0.49728998541832
Romania,ROU,2019,0.476159989833832
Romania,ROU,2020,0.465380012989044
Russian Federation,RUS,2000,1.04982995986938
Russian Federation,RUS,2001,1.17693996429443
Russian Federation,RUS,2002,1.24652004241943
Russian Federation,RUS,2003,1.28603005409241
Russian Federation,RUS,2004,1.15132999420166
Russian Federation,RUS,2005,1.06797003746033
Russian Federation,RUS,2006,1.07293999195099
Russian Federation,RUS,2007,1.11610996723175
Russian Federation,RUS,2008,1.04435002803802
Russian Federation,RUS,2009,1.2519199848175
Russian Federation,RUS,2010,1.13020002841949
Russian Federation,RUS,2011,1.01545000076294
Russian Federation,RUS,2012,1.02766001224518
Russian Federation,RUS,2013,1.02732002735138
Russian Federation,RUS,2014,1.07240998744965
Russian Federation,RUS,2015,1.10084998607635
Russian Federation,RUS,2016,1.10238003730774
Russian Federation,RUS,2017,1.10967004299164
Russian Federation,RUS,2018,0.990019977092743
Russian Federation,RUS,2019,1.03531002998352
Russian Federation,RUS,2020,1.09098994731903
Serbia,SRB,2000,0.854240000247955
Serbia,SRB,2001,0.304010003805161
Serbia,SRB,2002,0.639680027961731
Serbia,SRB,2003,0.491380006074905
Serbia,SRB,2004,0.289530009031296
Serbia,SRB,2005,0.395300000905991
Serbia,SRB,2006,0.439850002527237
Serbia,SRB,2007,0.578769981861115
Serbia,SRB,2008,0.669659972190857
Serbia,SRB,2009,0.817300021648407
Serbia,SRB,2010,0.702279984951019
Serbia,SRB,2011,0.683340013027191
Serbia,SRB,2012,0.85316002368927
Serbia,SRB,2013,0.683669984340668
Serbia,SRB,2014,0.723089993000031
Serbia,SRB,2015,0.810899972915649
Serbia,SRB,2016,0.838220000267029
Serbia,SRB,2017,0.872380018234253
Serbia,SRB,2018,0.918910026550293
Serbia,SRB,2019,0.886669993400574
Serbia,SRB,2020,0.90557998418808
Singapore,SGP,2000,1.81699001789093
Singapore,SGP,2001,2.00929999351501
Singapore,SGP,2002,2.03281998634338
Singapore,SGP,2003,1.99679005146027
Singapore,SGP,2004,2.07858991622925
Singapore,SGP,2005,2.14806008338928
Singapore,SGP,2006,2.1165599822998
Singapore,SGP,2007,2.31985998153687
Singapore,SGP,2008,2.59674000740051
Singapore,SGP,2009,2.12789988517761
Singapore,SGP,2010,1.92918002605438
Singapore,SGP,2011,2.06955003738403
Singapore,SGP,2012,1.91832995414734
Singapore,SGP,2013,1.92104005813599
Singapore,SGP,2014,2.082279920578
Singapore,SGP,2015,2.1744499206543
Singapore,SGP,2016,2.07276010513306
Singapore,SGP,2017,1.899129986763
Singapore,SGP,2018,1.80947005748749
Singapore,SGP,2019,1.88473999500275
Singapore,SGP,2020,2.15626001358032
Slovak Republic,SVK,2000,0.638069987297058
Slovak Republic,SVK,2001,0.624650001525879
Slovak Republic,SVK,2002,0.563139975070953
Slovak Republic,SVK,2003,0.561450004577637
Slovak Republic,SVK,2004,0.50068998336792
Slovak Republic,SVK,2005,0.493319988250732
Slovak Republic,SVK,2006,0.474880009889603
Slovak Republic,SVK,2007,0.447459995746613
Slovak Republic,SVK,2008,0.46136999130249
Slovak Republic,SVK,2009,0.472719997167587
Slovak Republic,SVK,2010,0.605499982833862
Slovak Republic,SVK,2011,0.652549982070923
Slovak Republic,SVK,2012,0.794610023498535
Slovak Republic,SVK,2013,0.820050001144409
Slovak Republic,SVK,2014,0.876999974250793
Slovak Republic,SVK,2015,1.1572699546814
Slovak Republic,SVK,2016,0.788569986820221
Slovak Republic,SVK,2017,0.884559988975525
Slovak Republic,SVK,2018,0.835550010204315
Slovak Republic,SVK,2019,0.822399973869324
Slovak Republic,SVK,2020,0.897729992866516
Tajikistan,TJK,2000,
Tajikistan,TJK,2001,0.0895299986004829
Tajikistan,TJK,2002,0.0706799998879433
Tajikistan,TJK,2003,0.068850003182888
Tajikistan,TJK,2004,0.0669699981808662
Tajikistan,TJK,2005,0.0957000032067299
Tajikistan,TJK,2006,0.107320003211498
Tajikistan,TJK,2007,0.067780002951622
Tajikistan,TJK,2008,0.0698300004005432
Tajikistan,TJK,2009,0.0857700034976006
Tajikistan,TJK,2010,0.089139997959137
Tajikistan,TJK,2011,0.121480002999306
Tajikistan,TJK,2012,0.114320002496243
Tajikistan,TJK,2013,0.118510000407696
Tajikistan,TJK,2014,0.116240002214909
Tajikistan,TJK,2015,0.103399999439716
Tajikistan,TJK,2016,0.106219999492168
Tajikistan,TJK,2017,0.109569996595383
Tajikistan,TJK,2018,0.0940100029110909
Tajikistan,TJK,2019,0.0936700031161308
Tajikistan,TJK,2020,0.0896899998188019
Thailand,THA,2000,0.244709998369217
Thailand,THA,2001,0.252310007810593
Thailand,THA,2002,0.23055000603199
Thailand,THA,2003,0.245340004563332
Thailand,THA,2004,0.23827999830246
Thailand,THA,2005,0.218889996409416
Thailand,THA,2006,0.232710003852844
Thailand,THA,2007,0.200800001621246
Thailand,THA,2008,0.203309997916222
Thailand,THA,2009,0.234549999237061
Thailand,THA,2010,
Thailand,THA,2011,0.361460000276566
Thailand,THA,2012,
Thailand,THA,2013,0.441639989614487
Thailand,THA,2014,0.479880005121231
Thailand,THA,2015,0.616089999675751
Thailand,THA,2016,0.778289973735809
Thailand,THA,2017,1.00165998935699
Thailand,THA,2018,1.11373996734619
Thailand,THA,2019,1.14316999912262
Thailand,THA,2020,1.32817995548248
Tunisia,TUN,2000,
Tunisia,TUN,2001,
Tunisia,TUN,2002,0.543020009994507
Tunisia,TUN,2003,0.650439977645874
Tunisia,TUN,2004,0.730949997901917
Tunisia,TUN,2005,0.7119500041008
Tunisia,TUN,2006,0.677290022373199
Tunisia,TUN,2007,0.66540002822876
Tunisia,TUN,2008,0.63933002948761
Tunisia,TUN,2009,0.706439971923828
Tunisia,TUN,2010,0.658060014247894
Tunisia,TUN,2011,0.674579977989197
Tunisia,TUN,2012,0.649370014667511
Tunisia,TUN,2013,0.637000024318695
Tunisia,TUN,2014,0.619880020618439
Tunisia,TUN,2015,0.594129979610443
Tunisia,TUN,2016,0.56538999080658
Tunisia,TUN,2017,0.699540019035339
Tunisia,TUN,2018,0.716449975967407
Tunisia,TUN,2019,0.746580004692078
Tunisia,TUN,2020,
Turkiye,TUR,2000,0.465579986572266
Turkiye,TUR,2001,0.522469997406006
Turkiye,TUR,2002,0.509039998054504
Turkiye,TUR,2003,0.465319991111755
Turkiye,TUR,2004,0.497130006551743
Turkiye,TUR,2005,0.563809990882874
Turkiye,TUR,2006,0.552919983863831
Turkiye,TUR,2007,0.686160027980804
Turkiye,TUR,2008,0.687409996986389
Turkiye,TUR,2009,0.803619980812073
Turkiye,TUR,2010,0.793690025806427
Turkiye,TUR,2011,0.793929994106293
Turkiye,TUR,2012,0.825950026512146
Turkiye,TUR,2013,0.812059998512268
Turkiye,TUR,2014,0.856400012969971
Turkiye,TUR,2015,0.967320024967194
Turkiye,TUR,2016,1.11978995800018
Turkiye,TUR,2017,1.17631995677948
Turkiye,TUR,2018,1.27093005180359
Turkiye,TUR,2019,1.31959998607635
Turkiye,TUR,2020,1.36748003959656
Ukraine,UKR,2000,0.929040014743805
Ukraine,UKR,2001,0.989440023899078
Ukraine,UKR,2002,0.962689995765686
Ukraine,UKR,2003,1.07166004180908
Ukraine,UKR,2004,1.04392004013062
Ukraine,UKR,2005,0.995180010795593
Ukraine,UKR,2006,0.914030015468597
Ukraine,UKR,2007,0.818690001964569
Ukraine,UKR,2008,0.809909999370575
Ukraine,UKR,2009,0.825959980487823
Ukraine,UKR,2010,0.802789986133575
Ukraine,UKR,2011,0.710900008678436
Ukraine,UKR,2012,0.723630011081696
Ukraine,UKR,2013,0.732999980449677
Ukraine,UKR,2014,0.650340020656586
Ukraine,UKR,2015,0.614769995212555
Ukraine,UKR,2016,0.483390003442764
Ukraine,UKR,2017,0.448790013790131
Ukraine,UKR,2018,0.471130013465881
Ukraine,UKR,2019,0.43384000658989
Ukraine,UKR,2020,0.403180003166199
United Kingdom,GBR,2000,1.60962998867035
United Kingdom,GBR,2001,1.59545004367828
United Kingdom,GBR,2002,1.6138299703598
United Kingdom,GBR,2003,1.58131003379822
United Kingdom,GBR,2004,1.53088998794556
United Kingdom,GBR,2005,1.55004000663757
United Kingdom,GBR,2006,1.57625997066498
United Kingdom,GBR,2007,1.61829996109009
United Kingdom,GBR,2008,1.6090099811554
United Kingdom,GBR,2009,1.66990995407104
United Kingdom,GBR,2010,1.63885998725891
United Kingdom,GBR,2011,1.64681005477905
United Kingdom,GBR,2012,1.57587003707886
United Kingdom,GBR,2013,1.62095999717712
United Kingdom,GBR,2014,2.26487994194031
United Kingdom,GBR,2015,2.27566003799438
United Kingdom,GBR,2016,2.32051992416382
United Kingdom,GBR,2017,2.32602000236511
United Kingdom,GBR,2018,2.71124005317688
United Kingdom,GBR,2019,2.67079997062683
United Kingdom,GBR,2020,2.93882989883423
United States,USA,2000,2.61982989311218
United States,USA,2001,2.63715004920959
United States,USA,2002,2.54745006561279
United States,USA,2003,2.55014991760254
United States,USA,2004,2.48686003684998
United States,USA,2005,2.50192999839783
United States,USA,2006,2.54544997215271
United States,USA,2007,2.61515998840332
United States,USA,2008,2.74481010437012
United States,USA,2009,2.79181003570557
United States,USA,2010,2.71444010734558
United States,USA,2011,2.73802995681763
United States,USA,2012,2.67272996902466
United States,USA,2013,2.69591999053955
United States,USA,2014,2.70881009101868
United States,USA,2015,2.77327990531921
United States,USA,2016,2.8367600440979
United States,USA,2017,2.88356995582581
United States,USA,2018,2.99044990539551
United States,USA,2019,3.14703989028931
United States,USA,2020,3.42466998100281
Uruguay,URY,2000,0.209250003099442
Uruguay,URY,2001,
Uruguay,URY,2002,0.238179996609688
Uruguay,URY,2003,
Uruguay,URY,2004,
Uruguay,URY,2005,0.460310012102127
Uruguay,URY,2006,0.363849997520447
Uruguay,URY,2007,0.421590000391006
Uruguay,URY,2008,0.374410003423691
Uruguay,URY,2009,0.402390003204346
Uruguay,URY,2010,0.328819990158081
Uruguay,URY,2011,0.329620003700256
Uruguay,URY,2012,0.308079987764359
Uruguay,URY,2013,0.291180014610291
Uruguay,URY,2014,0.317070007324219
Uruguay,URY,2015,0.351090013980865
Uruguay,URY,2016,0.373910009860992
Uruguay,URY,2017,0.440519988536835
Uruguay,URY,2018,0.504840016365051
Uruguay,URY,2019,0.568050026893616
Uruguay,URY,2020,0.67467999458313
Uzbekistan,UZB,2000,0.360630005598068
Uzbekistan,UZB,2001,0.345440000295639
Uzbekistan,UZB,2002,0.293559998273849
Uzbekistan,UZB,2003,0.268249988555908
Uzbekistan,UZB,2004,0.270410001277924
Uzbekistan,UZB,2005,0.237409994006157
Uzbekistan,UZB,2006,0.223949998617172
Uzbekistan,UZB,2007,0.217209994792938
Uzbekistan,UZB,2008,0.193540006875992
Uzbekistan,UZB,2009,0.203150004148483
Uzbekistan,UZB,2010,0.154300004243851
Uzbekistan,UZB,2011,0.14877000451088
Uzbekistan,UZB,2012,0.155120000243187
Uzbekistan,UZB,2013,0.155000001192093
Uzbekistan,UZB,2014,0.153349995613098
Uzbekistan,UZB,2015,0.164969995617867
Uzbekistan,UZB,2016,0.172380000352859
Uzbekistan,UZB,2017,0.148340001702309
Uzbekistan,UZB,2018,0.123939998447895
Uzbekistan,UZB,2019,0.113059997558594
Uzbekistan,UZB,2020,0.13850000500679
"Venezuela, RB",VEN,2000,
"Venezuela, RB",VEN,2001,
"Venezuela, RB",VEN,2002,
"Venezuela, RB",VEN,2003,
"Venezuela, RB",VEN,2004,
"Venezuela, RB",VEN,2005,0.189070001244545
"Venezuela, RB",VEN,2006,0.31742000579834
"Venezuela, RB",VEN,2007,0.201100006699562
"Venezuela, RB",VEN,2008,0.238030001521111
"Venezuela, RB",VEN,2009,0.240140005946159
"Venezuela, RB",VEN,2010,0.188229992985725
"Venezuela, RB",VEN,2011,0.152960002422333
"Venezuela, RB",VEN,2012,0.250099986791611
"Venezuela, RB",VEN,2013,0.31852999329567
"Venezuela, RB",VEN,2014,0.337130010128021
"Venezuela, RB",VEN,2015,0.439999997615814
"Venezuela, RB",VEN,2016,0.689999997615814
"Venezuela, RB",VEN,2017,
"Venezuela, RB",VEN,2018,
"Venezuela, RB",VEN,2019,
"Venezuela, RB",VEN,2020,
Viet Nam,VNM,2000,
Viet Nam,VNM,2001,
Viet Nam,VNM,2002,0.192729994654655
Viet Nam,VNM,2003,
Viet Nam,VNM,2004,
Viet Nam,VNM,2005,
Viet Nam,VNM,2006,
Viet Nam,VNM,2007,
Viet Nam,VNM,2008,
Viet Nam,VNM,2009,
Viet Nam,VNM,2010,
Viet Nam,VNM,2011,0.149550005793571
Viet Nam,VNM,2012,
Viet Nam,VNM,2013,0.299320012331009
Viet Nam,VNM,2014,
Viet Nam,VNM,2015,0.356290012598038
Viet Nam,VNM,2016,
Viet Nam,VNM,2017,0.418949991464615
Viet Nam,VNM,2018,
Viet Nam,VNM,2019,0.416519999504089
Viet Nam,VNM,2020,
Zimbabwe,ZWE,2000,
Zimbabwe,ZWE,2001,
Zimbabwe,ZWE,2002,
Zimbabwe,ZWE,2003,
Zimbabwe,ZWE,2004,
Zimbabwe,ZWE,2005,
Zimbabwe,ZWE,2006,
Zimbabwe,ZWE,2007,
Zimbabwe,ZWE,2008,
Zimbabwe,ZWE,2009,
Zimbabwe,ZWE,2010,
Zimbabwe,ZWE,2011,
Zimbabwe,ZWE,2012,
Zimbabwe,ZWE,2013,
Zimbabwe,ZWE,2014,
Zimbabwe,ZWE,2015,
Zimbabwe,ZWE,2016,
Zimbabwe,ZWE,2017,
Zimbabwe,ZWE,2018,
Zimbabwe,ZWE,2019,
Zimbabwe,ZWE,2020,
