Country,ISO3,Year,Dependency_Ratio,Health_Expenditure,Education_perGDP,RD_Expenditure,Contribution_revenue,GDP_percapita
Argentina,ARG,2000,60.8399424011737,8.22001076,4.58031,0.438840001821518,23.4222563056389,7637.01489203628
Argentina,ARG,2001,60.442088771688,8.37179852,4.83374,0.424609988927841,22.8402715311037,7141.47507662826
Argentina,ARG,2002,60.0100181534326,7.3933115,4.01734,0.388859987258911,19.678291491537,2569.69963519124
Argentina,ARG,2003,59.5157720560259,6.89451647,3.53505,0.410129994153976,16.2280570401266,3320.47775133903
Argentina,ARG,2004,58.9908808603745,7.22868252,3.48652,0.403759986162186,16.5557606385361,4242.02099089422
Argentina,ARG,2005,58.4885317167095,7.61078882,3.86001,0.420740008354187,17.4505649644846,5067.65342293276
Argentina,ARG,2006,58.0003526705021,7.64032793,4.12821,0.452160000801086,19.433826752701,5869.38028970204
Argentina,ARG,2007,57.5050434620378,7.83455086,4.4626,0.460070013999939,26.4020495129493,7185.25155147027
Argentina,ARG,2008,57.0741876732807,8.1826973,4.84441,0.470550000667572,24.02195439319,8944.1102657357
Argentina,ARG,2009,56.735685768345,9.45599556,5.53105,0.583980023860931,28.9770737481959,8150.23527028221
Argentina,ARG,2010,56.452142111234,9.44546413,5.01971,0.561039984226227,28.306984863164,10260.1313108254
Argentina,ARG,2011,56.2739537637124,9.41819859,5.29063,0.565970003604889,30.3497828604286,12704.2831819684
Argentina,ARG,2012,56.1467747951315,9.82726669,5.34583,0.634909987449646,31.2223396268536,12949.717486654
Argentina,ARG,2013,56.0487044709811,9.78097916,5.43661,0.618489980697632,31.7523181946791,12963.675773326
Argentina,ARG,2014,56.0256427923844,9.67129993,5.36144,0.593959987163544,29.2376840944513,12233.1444119186
Argentina,ARG,2015,56.0522891497333,10.22933674,5.77611,0.622619986534119,31.1406982010086,13679.6264980954
Argentina,ARG,2016,56.0461721346243,9.85558891,5.54549,0.558149993419647,32.3220780680517,12699.9623137756
Argentina,ARG,2017,55.9728015245357,10.23174763,5.46223,0.556309998035431,35.0715804198445,14532.5009308511
Argentina,ARG,2018,55.8529254060554,10.29146862,,0.488299995660782,34.3623413293522,11752.7998922979
Argentina,ARG,2019,55.5931801951266,10.1555109,,0.478130012750626,29.992522998056,9955.97478680428
Argentina,ARG,2020,55.0207968902513,10.45030594,,0.541260004043579,31.9295446732101,8535.59938004389
Armenia,ARM,2000,54.813388611356,4.19581175,2.77273,0.1910600066185,,593.450581742282
Armenia,ARM,2001,52.4889483731996,4.64563894,2.46944,0.279870003461838,,659.588988535629
Armenia,ARM,2002,51.0703531395798,7.61358786,2.13504,0.252550005912781,,742.651118319819
Armenia,ARM,2003,50.0136226039065,7.17936182,2.14504,0.321090012788773,,882.030167695474
Armenia,ARM,2004,48.9919306433595,6.05510139,2.48673,0.256590008735657,14.082448556199,1130.08791444158
Armenia,ARM,2005,47.8193074702708,5.8618803,2.71203,0.257609993219376,14.2543232675329,1557.48458908655
Armenia,ARM,2006,46.4862231466127,5.85007095,2.71577,0.240569993853569,14.8262017223638,2041.65267068997
Armenia,ARM,2007,45.1305540220802,5.49814034,3.01894,0.211070001125336,12.666552810745,2962.70234594569
Armenia,ARM,2008,44.0261431322025,6.63976622,3.17273,0.224380001425743,12.6315310828822,3777.66859313767
Armenia,ARM,2009,43.2941291937252,8.44377708,3.84079,0.29093000292778,14.2432790431012,2820.5926553347
Armenia,ARM,2010,42.9172236658305,9.23538303,3.249,0.241390004754066,12.9238503075137,3041.34450723339
Armenia,ARM,2011,42.8588952887091,9.37588882,3.14385,0.270139992237091,13.3840445298085,3349.55309771906
Armenia,ARM,2012,43.1066653605776,9.13455009,2.77248,0.238529995083809,13.0790933541963,3511.56399687426
Armenia,ARM,2013,43.5955735295585,10.32345009,2.65018,0.222159996628761,1.61983528844496,3680.16692158886
Armenia,ARM,2014,44.220347328995,10.17827892,2.24724,0.241510003805161,1.40949242625845,3852.11800610384
Armenia,ARM,2015,45.0074829961521,10.11762714,2.80591,0.250019997358322,0.726236230955159,3512.39350276709
Armenia,ARM,2016,45.9130890185114,9.95194912,2.75812,0.233050003647804,,3524.42476874707
Armenia,ARM,2017,46.8188831337656,10.36270332,2.70759,0.227880001068115,,3869.05373867752
Armenia,ARM,2018,47.4127303230816,10.00543404,,0.188759997487068,,4196.00562301769
Armenia,ARM,2019,47.8107543362811,11.3798008,,0.178540006279945,,4597.22887399548
Armenia,ARM,2020,48.1754870679756,12.24056244,,0.209199994802475,,4268.68093304583
Australia,AUS,2000,49.4598371499961,7.58869076,4.89147,1.57197999954224,,21870.4159669594
Australia,AUS,2002,49.0739278664306,7.87221003,,1.74653995037079,,20301.8431713256
Australia,AUS,2004,48.6497650677502,8.08257675,,1.84801995754242,,30836.7306824685
Australia,AUS,2006,48.3296763998251,7.97161102,4.7502,2.17862010002136,,36595.7071548423
Australia,AUS,2008,48.1253903251165,8.24737453,4.63776,2.39897990226746,,49701.2817843335
Australia,AUS,2010,48.3638611109409,8.41878414,5.55006,2.37009000778198,,52144.6654705468
Australia,AUS,2011,48.7682383229883,8.53360462,5.07451,2.23445010185242,,62605.600458306
Australia,AUS,2013,49.9243673123919,8.74458122,5.22974,2.17708992958069,,68190.7010035651
Australia,AUS,2015,51.0633010294012,10.17367649,5.31127,1.91902005672455,,56739.0265346593
Australia,AUS,2017,52.0424214921712,10.11242294,5.12425,1.87918996810913,,53901.7145392154
Australia,AUS,2019,52.9197584315896,10.21285057,,1.82570004463196,,54972.7017885437
Bolivia,BOL,2000,76.3336649111143,4.39554119,,0.287440001964569,8.55440460207172,975.777060358751
Bolivia,BOL,2001,75.682735506341,4.82522202,,0.293579995632172,9.22209486517414,930.168227214313
Bolivia,BOL,2002,74.8379179638206,4.89645052,,0.276630014181137,8.66585016840027,888.221328974352
Bolivia,BOL,2009,67.2985565884859,5.17444515,,0.157000005245209,,1731.18172112209
Brazil,BRA,2000,53.9320341342569,8.33457184,3.94893,1.04751002788544,,3766.54811466032
Brazil,BRA,2001,52.8183017276819,8.54963303,3.84468,1.06198000907898,,3176.28935747524
Brazil,BRA,2002,51.7532497132855,8.69686985,3.75037,1.0096800327301,,2855.94018885769
Brazil,BRA,2003,50.7500013938033,8.18899441,,0.999390006065369,,3090.6070097455
Brazil,BRA,2004,49.832060271032,8.12491989,3.97448,0.963429987430573,,3663.823188064
Brazil,BRA,2005,49.0129699418087,8.03539562,4.47908,1.00246000289917,,4827.78173052472
Brazil,BRA,2006,48.2684711339596,8.24952507,4.8706,0.988070011138916,,5934.1447107274
Brazil,BRA,2007,47.5826124507755,8.20182991,4.97426,1.08138000965118,,7409.69130727951
Brazil,BRA,2008,46.9295922668047,8.01128483,5.26884,1.12904000282288,,8908.33176567294
Brazil,BRA,2009,46.3061674570182,8.39480495,5.46355,1.11865997314453,,8678.65922498836
Brazil,BRA,2010,45.7187256688073,7.94516611,5.6488,1.15991997718811,31.5529577946931,11403.2821284616
Brazil,BRA,2011,45.1609994407706,7.78819132,5.73741,1.13966000080109,31.8870126994403,13396.6243566047
Brazil,BRA,2012,44.6429009356262,7.73637724,5.8551,1.12683999538422,31.4412568226523,12521.7213530369
Brazil,BRA,2013,44.1751173479507,7.9766016,5.83885,1.19567000865936,32.2561576862547,12458.891214816
Brazil,BRA,2014,43.8183703322034,8.39644146,5.94848,1.26970994472504,33.7823427905954,12274.9939689363
Brazil,BRA,2015,43.5935934449924,8.90929985,6.24106,1.37092995643616,31.6180564110507,8936.19661756825
Brazil,BRA,2016,43.4398109123601,9.16901684,6.31404,1.28637003898621,31.2806879470141,8836.28652636996
Brazil,BRA,2017,43.3713300884192,9.47125053,6.32255,1.11749994754791,33.8720942275792,10080.5092817775
Brazil,BRA,2018,43.4316522323209,9.46475029,,1.16769003868103,32.294274771461,9300.66164936497
Brazil,BRA,2019,43.5397483001089,9.61449146,,1.21096003055573,31.8404309758304,9029.83326742175
Brazil,BRA,2020,43.586067027448,9.62326527,,1.14525997638702,34.5242938230532,7074.19378281866
Canada,CAN,2000,46.505468173978,8.24814415,5.442,1.85847997665405,18.8661802378576,24271.0020563821
Canada,CAN,2001,46.0490993934186,8.62482357,4.96956,2.02116990089417,20.2841026881349,23822.096210932
Canada,CAN,2002,45.6162132930749,8.85670471,5.01073,1.97170996665955,21.9101657296336,24256.0192337185
Canada,CAN,2003,45.224975652383,9.01090145,,1.96781003475189,22.0997720899807,28301.8645937428
Canada,CAN,2004,44.8239663324754,9.06628132,,1.99733996391296,21.5349813283968,32145.5412620217
Canada,CAN,2005,44.4124530492161,9.03540611,4.78215,1.97126996517181,21.4261406175556,36383.6600068095
Canada,CAN,2006,44.1056701402663,9.32523441,,1.94304001331329,20.8268776579109,40504.0370977806
Canada,CAN,2007,43.9728341323754,9.42872047,4.78036,1.90357995033264,21.0190975213424,44660.0838892281
Canada,CAN,2008,43.979810181512,9.58826923,4.63826,1.85578000545502,21.6219998839381,46710.2526864484
Canada,CAN,2009,44.0683296307463,10.69968033,4.85264,1.9174200296402,23.243451131495,40874.8831932903
Canada,CAN,2010,44.2426034732426,10.70405102,5.36993,1.82503998279572,23.0197142776156,47560.6666009406
Canada,CAN,2011,44.6166392924826,10.40832329,5.27444,1.78714001178741,22.4927020268273,52223.8588398531
Canada,CAN,2012,45.2394993555654,10.54460621,,1.77304005622864,23.2244548321586,52670.3447335415
Canada,CAN,2013,45.9856719197967,10.43964291,,1.70624005794525,23.7502395953775,52638.1187235237
Canada,CAN,2014,46.7656650331144,10.28526115,,1.7148300409317,23.4456523019303,50960.8431174661
Canada,CAN,2015,47.58596316024,10.76850224,,1.69359004497528,23.2597246552576,43594.1941045394
Canada,CAN,2016,48.3895082605836,11.06097317,,1.72903001308441,23.202941330489,42314.0615817218
Canada,CAN,2017,49.0981143135691,10.93421078,,1.68701994419098,21.8087638681901,45129.628116623
Canada,CAN,2018,49.733479510056,10.94313335,,1.73720002174377,21.2381326161336,46539.1761570405
Canada,CAN,2019,50.4105729188803,11.05897045,,1.75577998161316,22.0732702311389,46352.8693445211
Canada,CAN,2020,51.1983504754589,13.02419472,,1.93413996696472,22.1392037143639,43537.839298904
Chile,CHL,2007,47.848284266754,6.21259642,3.21379,0.311430007219315,4.88086792562641,10346.4138184533
Chile,CHL,2008,47.1414138519081,6.73954487,3.79243,0.374920010566711,5.60564175669385,10683.2188772853
Chile,CHL,2009,46.5631224830338,7.25026846,4.23065,0.354030013084412,7.46363356760434,10098.8017166866
Chile,CHL,2010,46.0720549966286,6.81958389,4.16209,0.331649988889694,6.25632560406024,12632.8704725219
Chile,CHL,2011,45.6658086015598,6.79947519,4.04519,0.352880001068115,5.89606227033918,14487.3927827263
Chile,CHL,2012,45.3921644620775,7.01951265,,0.362129986286163,6.272498800201,15241.9069977366
Chile,CHL,2013,45.2602643872248,7.47552681,4.52943,0.390300005674362,6.82840298248656,15683.54863663
Chile,CHL,2014,45.2518120502398,7.84150171,4.73095,0.376679986715317,6.90217416623611,14529.6767210362
Chile,CHL,2015,45.3254058695677,8.3513937,4.87531,0.382959991693497,6.71412850656962,13433.9202985339
Chile,CHL,2016,45.3579053946093,8.55767059,5.34201,0.371030002832413,6.93408695748799,13649.8520455553
Chile,CHL,2017,45.2413877408172,9.090518,5.41946,0.356790006160736,6.91575083057027,14879.9086230423
Chile,CHL,2018,45.0787301205063,9.15040398,,0.369159996509552,6.63068620824043,15659.4808675628
Chile,CHL,2019,44.9884626222266,9.29919815,,0.342429995536804,7.04351689273856,14495.716721687
Chile,CHL,2020,45.0108226842024,9.68910599,,0.335249990224838,7.73597350599837,13114.815470545
China,CHN,2000,46.1167405203608,4.50828123,,0.893159985542297,,959.360431369138
China,CHN,2001,44.9693136545846,4.25330067,,0.940330028533936,,1053.11231442789
China,CHN,2002,43.533674132168,4.38285255,,1.05786001682281,,1148.51425710711
China,CHN,2003,42.0909788399502,4.41762781,,1.12037003040314,,1288.63749134336
China,CHN,2004,40.6938368166364,4.29347467,,1.21498000621796,,1508.66791560781
China,CHN,2005,39.2449238610193,4.17605019,,1.30791997909546,,1753.41419160544
China,CHN,2006,38.2094413932748,3.94742203,,1.36854004859924,,2099.2194300499
China,CHN,2007,37.7081137948543,3.67491412,,1.37369000911713,,2693.95873160283
China,CHN,2008,37.4043264852973,3.900002,,1.44591999053955,,3468.32706307504
China,CHN,2009,37.2567349884096,4.34958458,,1.66480004787445,,3832.2274569094
China,CHN,2010,37.2410832935716,4.23068333,,1.7137199640274,,4550.47394356715
China,CHN,2011,37.3648666288389,4.34274387,,1.78033995628357,,5614.38602225277
China,CHN,2012,37.7155563230657,4.56584787,,1.91214001178741,,6300.58217951734
China,CHN,2013,38.2392971679035,4.71490669,,1.99785995483398,,7020.3860742288
China,CHN,2014,38.8789249288739,4.77790594,,2.02242994308472,29.5078247563752,7636.07434020616
China,CHN,2015,39.6093613191235,4.93827963,,2.05700993537903,30.5976982808333,8016.44559489998
China,CHN,2016,40.4406557797685,4.97955608,,2.10033011436462,31.2694220216201,8094.39016735149
China,CHN,2017,41.5109449386089,5.06592178,,2.11602997779846,32.0972168095844,8817.04560829162
China,CHN,2018,42.5408726929072,5.16790485,,2.14057993888855,37.8557216163429,9905.40638304527
China,CHN,2019,43.3873633674887,5.3502779,,2.2446300983429,37.7697803838233,10143.8602206165
China,CHN,2020,44.0923748389161,5.59359741,,2.40666007995605,34.4778211340833,10408.7195541075
Colombia,COL,2000,58.8133450075626,5.63529348,3.51121,0.131060004234314,7.62545687056178,2555.00751039968
Colombia,COL,2001,58.0417440141025,5.94238281,3.70868,0.13289999961853,,2472.99084035833
Colombia,COL,2002,57.2531377173269,5.73296547,4.26813,0.155589997768402,,2428.92969771584
Colombia,COL,2003,56.4598488466286,5.77505445,4.32514,0.173979997634888,11.0353778309592,2311.94218760291
Colombia,COL,2004,55.627862918277,5.79892111,4.07935,0.169640004634857,,2818.57195413044
Colombia,COL,2005,54.7328219349991,6.06710577,4.02099,0.165570005774498,,3456.06610874512
Colombia,COL,2006,53.7823960554323,6.33546638,3.91672,0.164269998669624,,3789.85361217027
Colombia,COL,2007,52.7988866682066,6.49102163,4.08301,0.183070003986359,,4769.926147194
Colombia,COL,2008,51.8190453645652,6.84192181,3.93878,0.195409998297691,17.0399442147926,5541.83629665898
Colombia,COL,2009,50.8541482322295,7.31134558,4.77652,0.193509995937347,13.5665337010393,5250.97292433518
Colombia,COL,2010,49.928044960482,7.07130194,4.83383,0.193580001592636,12.4582978377629,6398.2958447102
Colombia,COL,2011,49.0726865317542,6.78076792,4.46608,0.198420003056526,18.0018320308325,7400.9940695669
Colombia,COL,2012,48.2742067097504,6.74601603,4.37039,0.221159994602203,20.0750453991253,8108.59838244229
Colombia,COL,2013,47.4997948976283,7.01724052,4.87855,0.257609993219376,12.9823482948101,8279.10255642981
Colombia,COL,2014,46.8044174276503,7.18553209,4.62946,0.303169995546341,15.9108055218657,8187.20824890084
Colombia,COL,2015,46.1958678527108,7.52338505,4.47039,0.365420013666153,16.3921321631323,6248.51490534512
Colombia,COL,2016,45.5697969538474,7.53117037,4.47721,0.270509988069534,18.2137432960152,5959.84250367574
Colombia,COL,2017,44.8394758378985,7.67864323,4.53551,0.261090010404587,7.27819923747506,6479.53231292429
Colombia,COL,2018,44.0866022098027,7.62541389,4.45749,0.312330007553101,16.5323584258946,6816.96818309544
Colombia,COL,2019,43.4989256841647,7.77954912,,0.322010010480881,15.2069821586679,6472.54544924705
Colombia,COL,2020,43.1205471111852,8.71432114,,0.289400011301041,15.5678464448452,5339.68711357943
Cyprus,CYP,2000,47.5479465278275,5.30800056,4.98954,0.226899996399879,23.7120799012714,14388.3525390625
Cyprus,CYP,2001,46.5566015508024,5.33940458,5.11552,0.236939996480942,23.2226872189441,14821.44921875
Cyprus,CYP,2002,45.8164578213726,5.61565971,5.58167,0.279670000076294,23.4124390366534,16093.2158203125
Cyprus,CYP,2003,45.1491583704099,5.63568783,6.67023,0.318340003490448,23.5018891134347,20252.24609375
Cyprus,CYP,2004,44.323545634102,5.40558147,6.11772,0.335640013217926,24.9924191885499,23792.619140625
Cyprus,CYP,2005,43.3855082732175,5.43580961,6.28667,0.367269992828369,24.5000624364486,24959.26171875
Cyprus,CYP,2006,42.4094390563105,5.46357489,6.33027,0.383459985256195,23.1141609075499,26729.28125
Cyprus,CYP,2007,41.4812391931976,5.35744858,6.28083,0.400070011615753,20.9848931820365,31244.87890625
Cyprus,CYP,2008,40.6615706533581,6.01427698,6.72276,0.385939985513687,21.8284418426812,35397.296875
Cyprus,CYP,2009,39.9857916008929,6.46531534,7.20545,0.444370001554489,26.3220760753644,32236.44921875
Cyprus,CYP,2010,39.4796855753486,6.50055742,6.5428,0.442919999361038,26.1236183906797,31105.02734375
Cyprus,CYP,2011,39.2263750889524,6.43139076,6.53854,0.452630013227463,26.5638665751692,32485.796875
Cyprus,CYP,2012,39.2271879595769,6.53638792,,0.437649995088577,27.0204247811631,28991.935546875
Cyprus,CYP,2013,39.3425836453323,6.92774534,6.48378,0.484849989414215,26.8336136370115,27797.45703125
Cyprus,CYP,2014,39.5330557690566,6.93137264,6.4485,0.512049973011017,25.5609890488326,27244.3515625
Cyprus,CYP,2015,39.821643139521,6.79382181,6.34636,0.47529000043869,26.0328926508499,23487.228515625
Cyprus,CYP,2016,40.2003427063831,6.65254688,6.1638,0.519699990749359,26.1689136581568,24715.154296875
Cyprus,CYP,2017,40.6130010482004,6.62192535,5.77719,0.542590022087097,26.3100698788177,26696.990234375
Cyprus,CYP,2018,41.0263211340384,6.82599831,,0.614049971103668,26.0429820868996,29599.986328125
Cyprus,CYP,2019,41.4645489568307,7.06576538,,0.709450006484985,29.9736864808903,29703.052734375
Cyprus,CYP,2020,41.9656883212308,8.76033878,,0.83653998374939,32.8033347189506,28649.015625
Czechia,CZE,2000,43.3124778062693,5.70103025,3.65089,1.10996997356415,46.617915904936,6062.92152842793
Czechia,CZE,2001,42.5829572656062,5.86295414,3.74855,1.09870994091034,45.0426000653307,6669.07494847497
Czechia,CZE,2002,41.8905086615567,6.17736149,3.97256,1.09818994998932,46.8991631399752,8101.26018588111
Czechia,CZE,2003,41.232284481833,6.52412462,4.13643,1.14209997653961,42.4270434039263,9852.45677945801
Czechia,CZE,2004,40.7022236719591,6.35071039,4.01424,1.13935005664825,44.8048143742442,11782.5546676117
Czechia,CZE,2005,40.3846714345027,6.34086704,3.89038,1.16100001335144,46.3982251482251,13442.4916284309
Czechia,CZE,2006,40.2500196562795,6.16380167,4.2171,1.22541999816895,46.94346098476,15259.0788162004
Czechia,CZE,2007,40.3686281575802,5.98578405,3.86663,1.29571998119354,46.4184029217222,18452.6532812196
Czechia,CZE,2008,40.8263492689023,6.33024931,3.74455,1.23357999324799,47.3081763787187,22774.7045076205
Czechia,CZE,2009,41.5983684904551,7.24880648,4.17128,1.28656005859375,45.6930004722014,19817.4215836554
Czechia,CZE,2010,42.5753401685329,7.55343866,4.06446,1.32669997215271,45.9789742169066,20160.4355077059
Czechia,CZE,2011,43.8657197049133,7.5335784,4.27214,1.54477000236511,44.8784414918899,22049.1080788682
Czechia,CZE,2012,45.474711089563,7.59409809,4.25086,1.76967000961304,44.8785762930035,20014.0354015165
Czechia,CZE,2013,47.0766511876963,7.49541759,4.09089,1.87924003601074,44.6610391189486,20260.4954999375
Czechia,CZE,2014,48.5926586211395,7.59510136,3.99462,1.95833003520966,45.3492082975328,20038.4163180257
Czechia,CZE,2015,50.0836370757165,7.3351512,5.78885,1.91689002513885,43.9095597606048,17931.5987670768
Czechia,CZE,2016,51.6066775434751,7.3930459,5.58738,1.67002999782562,45.1912064097516,18753.9686718096
Czechia,CZE,2017,53.1389365450804,7.33911419,3.85402,1.76855003833771,45.8454910467466,20913.197632212
Czechia,CZE,2018,54.5796531953634,7.46030998,,1.89906001091003,46.8767517723152,23705.9329811299
Czechia,CZE,2019,55.9088220310965,7.61342955,,1.92734003067017,47.216847607623,24062.7190013343
Czechia,CZE,2020,56.9779595499788,9.15721989,,1.98599004745483,48.4493344603199,23472.8915454417
Germany,DEU,2000,47.3064908238215,9.88843536,,2.40982007980347,57.0920673355896,23925.8559901991
Germany,DEU,2001,47.7886305160811,9.92069149,,2.40437006950378,57.8398064721459,23878.3641471651
Germany,DEU,2002,48.208752521652,10.18365669,,2.4362199306488,58.287064732421,25486.5942008748
Germany,DEU,2003,48.658252887585,10.40202236,,2.47461009025574,57.5288101270407,30711.1022511331
Germany,DEU,2004,49.2978926675002,10.14603233,,2.43518996238708,59.0213621840067,34566.7359143735
Germany,DEU,2005,50.0417234262092,10.31153965,,2.44193005561829,58.5229170932526,35084.4363546269
Germany,DEU,2006,50.8443822110813,10.17995167,4.29396,2.47232007980347,57.1958199409618,36980.3349948954
Germany,DEU,2007,51.4612503536768,10.05132961,4.3668,2.4604799747467,55.0778681743959,42350.9217211489
Germany,DEU,2008,51.8149987679722,10.25128746,4.43595,2.61512994766235,54.6729764546412,46386.3295924799
Germany,DEU,2009,52.1578637771433,11.23791218,4.90951,2.74266004562378,55.2768289261663,42487.2137101496
Germany,DEU,2010,52.117530215009,11.09592915,4.94368,2.73024010658264,55.5444185808917,42409.9356994694
Germany,DEU,2011,51.7462351755806,10.77844906,4.82487,2.80555009841919,54.3104154023882,47646.582043143
Germany,DEU,2012,51.5805062735217,10.85345554,4.95658,2.88165998458862,54.4081901727543,44735.5882319701
Germany,DEU,2013,51.6197490623175,10.99905777,4.96111,2.8359899520874,54.4392812121512,47220.0102098851
Germany,DEU,2014,51.8321732192251,11.02588272,4.93962,2.87784004211426,54.3522872870074,48971.0824722599
Germany,DEU,2015,52.1224069865761,11.19027996,4.83498,2.9337899684906,54.6848550198451,41911.0109851054
Germany,DEU,2016,52.5820458594372,11.24166584,4.84022,2.94039011001587,55.3206941152788,42961.0356905775
Germany,DEU,2017,53.258253101446,11.32552433,4.90512,3.04710006713867,55.4846271329933,45526.5999576533
Germany,DEU,2018,53.8754552465607,11.47314644,,3.11011004447937,55.4233122332772,48874.8595028454
Germany,DEU,2019,54.5379868593646,11.71595001,,3.16701006889343,55.6559139784946,47623.8656074829
Germany,DEU,2020,55.295066596629,12.6902256,,3.13136005401611,58.0927392885477,47379.765194548
Ecuador,ECU,2001,66.2009487458404,3.97254419,,0.0544800013303757,,1791.30359685037
Ecuador,ECU,2002,65.4745237834949,4.72293711,,0.0584000013768673,,2059.1585535974
Ecuador,ECU,2003,64.7316316792424,5.70121288,,0.0600700005888939,,2315.62215223014
Ecuador,ECU,2006,62.2389599111299,5.84506655,,0.131760001182556,,3243.67010359339
Ecuador,ECU,2007,61.3572216524124,5.55722475,,0.135010004043579,,3478.92488770671
Ecuador,ECU,2008,60.5461378972526,5.52174902,,0.230110004544258,,4194.75750661981
Ecuador,ECU,2009,59.8443555770608,6.03388453,4.34242,0.410549998283386,,4053.36331139298
Ecuador,ECU,2010,59.1736758555771,6.34925699,4.50743,0.411269992589951,,4520.30959039763
Ecuador,ECU,2011,58.4860330435279,6.60509682,4.72689,0.341149985790253,,5153.6916424375
Ecuador,ECU,2012,57.7889537361529,6.87859821,4.64307,0.333079993724823,,5634.08393191094
Ecuador,ECU,2013,57.0580201827907,6.77866411,5.00464,0.374229997396469,13.8012082416609,6109.29031510341
Ecuador,ECU,2014,56.2912618898864,6.76601839,5.26099,0.438389986753464,15.6660930524356,6405.79979300441
"Egypt, Arab Rep.",EGY,2000,69.3934549848784,4.92244291,,0.192469999194145,,1366.09274372613
"Egypt, Arab Rep.",EGY,2004,63.9117037732315,4.85732365,4.67072,0.269939988851547,,991.255689145253
"Egypt, Arab Rep.",EGY,2005,62.7803568410348,4.92229176,4.79443,0.241410002112389,,1104.80340733395
"Egypt, Arab Rep.",EGY,2006,61.8838704393503,4.84190083,4.00178,0.259030014276505,,1298.97900203124
"Egypt, Arab Rep.",EGY,2007,61.265715476536,4.44493246,3.68461,0.255100011825562,,1547.74170735909
"Egypt, Arab Rep.",EGY,2008,60.9075568307342,4.46634817,3.76083,0.270240008831024,,1896.21594269779
"Egypt, Arab Rep.",EGY,2009,60.7595365780542,4.37870932,,0.433120012283325,,2161.63964573927
"Egypt, Arab Rep.",EGY,2010,60.8163918784867,4.15319157,,0.433450013399124,,2455.08194645282
"Egypt, Arab Rep.",EGY,2011,60.9062133572649,4.35707569,,0.531539976596832,,2590.64384891965
"Egypt, Arab Rep.",EGY,2012,61.0406937301322,4.45891809,,0.508989989757538,,2996.0677072015
"Egypt, Arab Rep.",EGY,2013,61.261463210988,4.6710043,,0.638949990272522,,3025.52563552448
"Egypt, Arab Rep.",EGY,2014,61.5419614141439,4.77415323,,0.636489987373352,,3133.39102265541
"Egypt, Arab Rep.",EGY,2015,61.9778656218534,5.06153202,,0.718580007553101,,3306.98159414141
"Egypt, Arab Rep.",EGY,2016,62.3353502105713,5.07462406,,0.708480000495911,,3270.6287768197
"Egypt, Arab Rep.",EGY,2017,62.5250399173232,5.34661913,,0.644860029220581,,2395.10333299491
"Egypt, Arab Rep.",EGY,2018,62.4836024422364,4.74892998,,0.688390016555786,,2484.70315630508
"Egypt, Arab Rep.",EGY,2019,62.1682059377755,4.5994668,,0.796169996261597,,2962.98892023003
"Egypt, Arab Rep.",EGY,2020,61.7215527133255,4.15384626,,0.915639996528625,,3511.11381026379
Ethiopia,ETH,2005,100.274720261847,4.10098124,,0.179169997572899,,158.243458082465
Ethiopia,ETH,2007,98.4515480078218,5.00128317,5.45113,0.170890003442764,,237.146255996319
Ethiopia,ETH,2010,93.9987555506378,5.46637249,4.49659,0.241370007395744,,330.619412798644
Ethiopia,ETH,2013,88.2761548188989,4.07506514,4.49855,0.604740023612976,,484.039833104062
Ethiopia,ETH,2017,80.9854260551296,3.45336914,,0.274370014667511,,745.632449222154
United Kingdom,GBR,2000,53.4314858659264,7.15692902,4.03119,1.60962998867035,17.4457091446353,28280.926786099
United Kingdom,GBR,2001,52.8823327842176,7.45211363,4.11923,1.59545004367828,17.6493484334677,27906.5695029641
United Kingdom,GBR,2002,52.4964301559527,7.87847328,4.63887,1.6138299703598,17.6221505285053,30077.741432188
United Kingdom,GBR,2003,52.357292952779,8.07831287,4.80467,1.58131003379822,18.3730115555601,34442.6875402308
United Kingdom,GBR,2004,52.2157863407455,8.3386755,4.73879,1.53088998794556,18.5345706710177,40366.8886650968
United Kingdom,GBR,2005,51.8275715627106,8.39430904,4.93914,1.55004000663757,18.1336501513245,42104.7884375024
United Kingdom,GBR,2006,51.4008482871775,8.54522514,4.98531,1.57625997066498,18.401817483525,44512.4590296865
United Kingdom,GBR,2007,51.156186206586,8.75711441,4.91482,1.61829996109009,18.0565912232039,50397.6854954706
United Kingdom,GBR,2008,51.1947226586789,9.04033756,4.89331,1.6090099811554,18.100759943751,47396.1202078484
United Kingdom,GBR,2009,51.4406852551869,9.84771252,5.07432,1.66990995407104,19.2416018128272,38744.131693043
United Kingdom,GBR,2010,51.738023164778,9.78937912,5.70324,1.63885998725891,16.0044894107405,39598.957119545
United Kingdom,GBR,2011,52.2814445132043,9.7956152,5.59523,1.64681005477905,18.436244416889,42109.6418795749
United Kingdom,GBR,2012,53.2297928414796,9.89160061,,1.57587003707886,18.2868139107521,42497.3404974322
United Kingdom,GBR,2013,54.1548136779892,9.97822475,5.5298,1.62095999717712,17.8206704273055,43426.2981405143
United Kingdom,GBR,2014,54.8438613424964,9.90305996,5.599,2.26487994194031,17.9524999836837,47439.6165895125
United Kingdom,GBR,2015,55.4015607117461,9.83625221,5.55616,2.27566003799438,18.1208497142291,44964.3911437292
United Kingdom,GBR,2016,55.9245937420551,9.76546955,5.4267,2.32051992416382,18.3330222836027,40985.2351382417
United Kingdom,GBR,2017,56.4799610873143,9.60016823,5.44209,2.32602000236511,18.5105470106218,40572.1214823783
United Kingdom,GBR,2018,57.0044444123161,9.73837566,,2.71124005317688,18.6051663241321,43203.8141057739
United Kingdom,GBR,2019,57.4310230968997,9.95388126,,2.67079997062683,19.2970286199104,42662.5353740311
United Kingdom,GBR,2020,57.6593785251194,11.96547699,,2.93882989883423,20.3276171696186,40201.6812422928
Greece,GRC,2001,49.2575277803581,7.9878397,3.36458,0.559480011463165,29.7426951591801,12156.9572824221
Greece,GRC,2003,49.81394017461,8.44915581,3.42934,0.546540021896362,33.2994878380194,18020.612039764
Greece,GRC,2004,49.9237390044235,8.0939045,3.66719,0.527300000190735,32.2922837422679,21449.2552764245
Greece,GRC,2005,49.9778663729531,8.56466961,3.96396,0.578960001468658,32.4121897414898,22054.1315756886
Greece,GRC,2006,49.9652587360059,8.25866985,,0.561179995536804,31.4214978337116,24416.0232970275
Greece,GRC,2007,49.9217313970267,8.39808273,,0.576550006866455,31.8822348020878,28440.7625328955
Greece,GRC,2008,50.0289146353289,8.82774162,,0.661830008029938,32.3691911135526,31695.8331092209
Greece,GRC,2009,50.4142717154432,9.40688515,,0.625569999217987,33.0983453083231,29425.4573200263
Greece,GRC,2010,51.0371347687828,9.59662342,,0.603470027446747,33.210332103321,26653.0488008626
Greece,GRC,2011,51.8715656781089,9.19330311,,0.684260010719299,31.1915273234668,25504.7866510124
Greece,GRC,2012,52.8110001674071,8.92415524,,0.710049986839294,30.7213829873172,21624.346052551
Greece,GRC,2013,53.7320344476507,8.43796444,,0.814779996871948,28.5505808183994,21573.3449762805
Greece,GRC,2014,54.5221040368717,7.8914113,,0.839980006217957,29.9289299736594,21474.7257123892
Greece,GRC,2015,55.1924638263983,8.22004509,,0.966050028800964,29.7960080035137,17980.7298238137
Greece,GRC,2016,55.851580185391,8.44874573,,1.00529003143311,29.5121980118248,17919.2426377048
Greece,GRC,2017,56.436632254429,8.13515854,,1.15227997303009,31.0884174778179,18631.9930129293
Greece,GRC,2018,56.9000604480465,8.12024307,,1.21370995044708,30.7562631702177,19873.4015238771
Greece,GRC,2019,57.2897286477691,8.1982832,,1.27498996257782,31.0678027344888,19335.3602002969
Greece,GRC,2020,57.6385194008422,9.5242157,,1.51148998737335,32.060395240976,17886.733165236
Guatemala,GTM,2005,84.6598327799119,6.14826393,,0.0355600006878376,2.22014578072966,2046.46611650758
Guatemala,GTM,2006,82.9981312024304,6.36362219,2.98401,0.0500999987125397,2.01048019929559,2225.1234753878
Guatemala,GTM,2007,81.2868486815643,6.1918335,3.03874,0.0678199976682663,1.96470921647301,2458.81573919384
Guatemala,GTM,2008,79.5368201134386,6.08129978,3.18454,0.062899999320507,2.10588378004023,2763.05988172926
Guatemala,GTM,2009,77.763131897951,6.33938646,,0.0562000013887882,2.71466882094465,2611.64632773352
Guatemala,GTM,2010,75.9881537818837,6.1247797,2.80306,0.0442100018262863,2.86658803767265,2805.25960237322
Guatemala,GTM,2011,74.2499171577809,5.96306896,2.92014,0.0489399991929531,2.83302722732544,3168.98370607705
Guatemala,GTM,2012,72.5972732426122,6.07316971,2.95786,0.0454300008714199,2.78788093443719,3286.61959336267
Guatemala,GTM,2013,71.0381612271972,5.77188921,2.88809,0.0391599982976913,2.91315580839032,3444.15971843874
Guatemala,GTM,2014,69.5871817440447,5.8885684,2.98562,0.0294899996370077,6.17830189612615,3689.14472473545
Guatemala,GTM,2015,68.2484082404697,6.00602007,3.03033,0.0306400004774332,6.28442337741447,3893.50521848131
Guatemala,GTM,2016,66.9557228820458,6.07008219,2.94474,0.0231100004166365,6.71806981926998,4060.13755621218
Guatemala,GTM,2017,65.7208767382211,6.13563824,2.95182,0.0295499991625547,7.03707056904691,4324.99607911366
Guatemala,GTM,2018,64.5800677559675,6.10662699,3.14093,0.0293799992650747,6.80734929875152,4352.94651790253
Guatemala,GTM,2019,63.4502854678952,6.17443275,3.2122,0.0264199990779161,6.87843226424431,4511.99755157656
Guatemala,GTM,2020,62.2054538401565,6.45951891,,0.0488799996674061,7.30441094974719,4477.61761796418
Indonesia,IDN,2000,55.8008907117312,1.85297656,,0.0676899999380112,,763.711124950924
Indonesia,IDN,2001,55.1131405443784,2.11850214,2.46003,0.0475599989295006,1.98315996435898,732.307093405708
Indonesia,IDN,2009,51.4312184816146,2.62324095,3.52513,0.0833199992775917,,2218.48541852977
Indonesia,IDN,2013,50.043914325018,2.86934805,3.35904,0.0847000032663345,,3566.60284506078
Indonesia,IDN,2016,49.0806241774761,3.02147198,,0.245350003242493,,3521.46943456251
Indonesia,IDN,2017,48.813317657578,2.90417194,,0.238049998879433,,3798.88326177649
Indonesia,IDN,2018,48.5572855648717,2.86757827,,0.226319998502731,,3860.95353077708
Indonesia,IDN,2019,48.3187310528364,2.87862897,,0.271290004253387,,4106.94856173421
Indonesia,IDN,2020,48.0216798448748,3.42067289,,0.280680000782013,,3853.70288778903
India,IND,2000,66.5658129376285,4.10568476,4.32479,0.756990015506744,0.0501484553479746,442.750218937263
India,IND,2001,65.6393614041737,4.33754253,,0.735909998416901,0.384681142075568,450.357900514128
India,IND,2002,64.7352214074379,4.31453371,,0.725669980049133,0.234473037319719,469.149928973927
India,IND,2003,63.8360537864219,4.07877731,3.61341,0.719290018081665,0.140772779527015,544.143133545002
India,IND,2004,62.8827039448926,4.02679491,3.35254,0.756900012493134,0.236090039322538,624.258826510066
India,IND,2005,61.9081709086155,3.85508275,3.18875,0.824109971523285,0.182241840686932,710.488080408949
India,IND,2006,60.9024728456723,3.66901541,3.14285,0.804729998111725,0.144436049269913,801.668353659022
India,IND,2007,59.8780645451957,3.58103991,,0.805069983005524,0.10970764812997,1021.88707706826
India,IND,2008,58.8878284434793,3.58856082,,0.858759999275208,0.229761390743008,992.519584923828
India,IND,2009,57.9164697840483,3.54637694,3.27825,0.833140015602112,0.289508533928236,1094.94974598436
India,IND,2010,56.9435299366504,3.33625913,3.37769,0.788489997386932,0.254862907141512,1347.51939071367
India,IND,2011,55.9876762675338,3.24634218,3.79618,0.755020022392273,0.148418032542763,1445.46127486037
India,IND,2012,55.060078071414,3.32935286,3.8675,0.743990004062653,0.240480323613257,1429.32199520032
India,IND,2013,54.1378376565175,3.74944186,3.84467,0.706420004367828,0.190141689411732,1432.84397512195
India,IND,2014,53.2421090234343,3.61956549,,0.701590001583099,0.0935080149865854,1553.88396075118
India,IND,2015,52.3977058192572,3.59565973,,0.693099975585938,0.0957534317001697,1583.99815907985
India,IND,2016,51.5768937298059,3.50430417,,0.669839978218079,0.0860916947281468,1707.50892912243
India,IND,2017,50.7672033452389,2.93597651,,0.666029989719391,0.129802771390147,1950.10468280866
India,IND,2018,50.0307900245271,2.8584938,,0.660009980201721,0.113214836473692,1966.25455171679
India,IND,2019,49.3781313856783,2.95299792,,0.659420013427734,,2041.42863698585
India,IND,2020,48.725925362152,3.34146094,,0.645579993724823,,1907.04251637669
Ireland,IRL,2000,49.1855936825044,5.8990283,4.13664,1.08382999897003,13.3130002135498,26334.5672050501
Ireland,IRL,2001,48.2896367937699,6.39249372,4.09187,1.05193996429443,14.4402059821849,28282.409882073
Ireland,IRL,2002,47.5612657714796,6.67263031,4.10604,1.05575001239777,14.7608867038963,32705.4345565698
Ireland,IRL,2003,47.1541931452612,7.00761414,4.20554,1.12434995174408,14.6084538188896,41203.5295847568
Ireland,IRL,2004,46.8096917014581,7.21972942,4.4863,1.1777800321579,14.558431955687,47754.2023194244
Ireland,IRL,2005,46.2404537484022,7.64242792,4.52216,1.19196999073029,15.2702745784892,50933.0216095589
Ireland,IRL,2006,45.4699838177237,7.51646996,4.54551,1.19886994361877,14.6840595368491,54329.1618599624
Ireland,IRL,2007,45.0913998816561,7.80773735,4.71224,1.23407995700836,15.6767205795493,61396.417461176
Ireland,IRL,2008,45.5578463161533,9.12564754,5.44415,1.39126002788544,17.5881862986999,61353.1065629523
Ireland,IRL,2009,46.6772507032488,10.52275753,6.13509,1.61371004581451,18.959347284689,52133.0909237885
Ireland,IRL,2010,48.0748648862785,10.52404499,6.03804,1.5947699546814,17.7769648452238,48679.4026820361
Ireland,IRL,2011,49.4173482756641,10.5987215,5.85826,1.55153000354767,19.4071189723896,52692.7813135606
Ireland,IRL,2012,50.5369478087777,10.6218853,5.76573,1.5602799654007,18.3805250062596,49411.7387476787
Ireland,IRL,2013,51.3979987426655,10.28716469,5.33461,1.56907999515533,18.1054139726462,52619.2123745817
Ireland,IRL,2014,52.0464573784336,9.49471951,4.88139,1.51797997951508,17.88568194666,57278.2590911107
Ireland,IRL,2015,52.5046737823192,7.32119417,3.75829,1.1797399520874,17.4078497983857,64311.8234684057
Ireland,IRL,2016,52.7774618565246,7.4818964,3.71973,1.17716002464294,17.9289338551666,64292.659966313
Ireland,IRL,2017,52.9415900509117,7.10795546,3.50686,1.24865996837616,18.1774320210316,72499.3268743015
Ireland,IRL,2018,53.0287315034168,6.47943211,,1.10697996616364,18.0852321918804,81248.3135388
Ireland,IRL,2019,53.037163393321,6.71554708,,1.16068005561829,18.4270410289575,82508.4659883582
Ireland,IRL,2020,53.0535763132357,7.06342745,,1.14550995826721,18.6267582886248,87567.1148972037
"Iran, Islamic Rep.",IRN,2001,56.3422902016049,5.16087341,4.07168,0.502179980278015,16.623333379141,1881.02266634748
"Iran, Islamic Rep.",IRN,2002,52.8371003545029,4.65182209,4.48488,0.495579987764359,12.0498979764719,1891.25756092031
"Iran, Islamic Rep.",IRN,2003,49.8293700066519,4.95589161,4.36322,0.594839990139008,13.4312076587915,2208.99636553529
"Iran, Islamic Rep.",IRN,2004,47.0765649654044,5.12801409,4.29663,0.504530012607574,12.9564680349856,2672.42266512669
"Iran, Islamic Rep.",IRN,2005,44.7919748324646,5.29996157,4.05651,0.622839987277985,10.4412212033858,3132.05081925856
"Iran, Islamic Rep.",IRN,2006,42.9687321027924,5.15990877,4.28999,0.559210002422333,12.4184467718275,3618.9160136791
"Iran, Islamic Rep.",IRN,2008,40.7584832601421,5.03990459,3.91376,0.646470010280609,14.9114524732299,5377.41150725587
"Iran, Islamic Rep.",IRN,2009,40.2589386476999,6.11493444,3.84245,0.272579997777939,18.6883106915343,5415.52280554144
"Iran, Islamic Rep.",IRN,2010,40.0629628816199,6.29153061,3.70918,0.264420002698898,,6291.19443652344
"Iran, Islamic Rep.",IRN,2012,40.2675281790404,6.12235117,3.16859,0.294349998235703,,8114.08099831877
"Iran, Islamic Rep.",IRN,2013,40.6107006323808,5.54722023,3.06795,0.236010000109673,,6222.74194840326
"Iran, Islamic Rep.",IRN,2015,42.0407182749515,7.53311825,2.79739,0.393830001354218,,4952.73355532178
"Iran, Islamic Rep.",IRN,2017,43.6705219756192,7.83454609,3.7904,0.759829998016357,,5753.11544659399
"Iran, Islamic Rep.",IRN,2019,44.7786947808427,6.27398872,,0.788290023803711,,3831.27894763337
Iraq,IRQ,2007,81.984975135042,3.2148056,,0.0455400012433529,,3128.99010329066
Iraq,IRQ,2008,81.0306304495879,3.06604242,,0.0343500003218651,,4542.96609046032
Iraq,IRQ,2009,80.1148477417428,3.77203989,,0.0456200018525124,,3714.71205987194
Iraq,IRQ,2010,79.3452096647587,3.23955345,,0.0368399992585182,,4461.75196161555
Iraq,IRQ,2011,78.8269184426333,2.80316377,,0.0347599983215332,,5775.54229080293
Iraq,IRQ,2014,77.4322732901079,2.78786659,,0.0383500009775162,0.0552157490265622,6249.39226978969
Iraq,IRQ,2015,76.7457689966644,3.15587044,,0.0401699990034103,0.0001511313502851,4440.14189252367
Iraq,IRQ,2016,75.941151388931,4.58949184,,0.0373700000345707,0.0001632678528434,4334.42096404188
Iraq,IRQ,2017,75.0599077602728,4.04064989,,0.0459600016474724,5.10218468301877e-05,4759.2846435467
Iraq,IRQ,2018,74.1065293195781,4.12989378,,0.0427899993956089,0.001750789796189,5646.68932074742
Iraq,IRQ,2019,73.0951419263335,4.28182745,,0.032660000026226,0.0004519446351242,5671.8568632942
Iraq,IRQ,2020,71.9840510727635,5.76473284,,0.0405299998819828,,4295.18945121228
Jordan,JOR,2002,73.5852701497681,9.2786417,,0.336890012025833,0.926388166935148,1706.26744384401
Jordan,JOR,2008,67.5290383241406,8.48880577,,0.42153999209404,0.447408407901401,3241.6524135556
Jordan,JOR,2016,60.9582989168769,6.97644138,3.51412,0.695469975471497,0.215005092225868,3986.71677010853
Japan,JPN,2000,46.6755835541567,7.03456163,3.51617,2.8584098815918,,39169.3595701504
Japan,JPN,2001,47.6058531225117,7.23947906,3.45707,2.92348003387451,,34406.1824638092
Japan,JPN,2002,48.5344482614523,7.35235405,3.46537,2.96514010429382,,32820.7936433254
Japan,JPN,2003,49.3482801823691,7.48654842,3.52369,2.99320006370544,,35387.0374203599
Japan,JPN,2004,50.2932483497693,7.53518438,3.48307,2.98125004768372,,38298.9801712303
Japan,JPN,2005,51.5938532384092,7.65818596,3.36862,3.13091993331909,,37812.8950199948
Japan,JPN,2006,53.0146521815892,7.68688869,3.32909,3.2276599407196,,35991.546002862
Japan,JPN,2007,54.3702199499157,7.77935696,3.33094,3.29257011413574,,35779.0245416427
Japan,JPN,2008,55.7290109699313,8.08909321,3.31915,3.29223990440369,,39876.3039685725
Japan,JPN,2009,56.7866882497385,8.9587822,,3.19589996337891,,41308.9968370512
Japan,JPN,2010,57.4033595360909,9.0630064,3.6395,3.10494995117188,,44968.1562349739
Japan,JPN,2011,58.5847537839962,10.48780155,3.64258,3.20536994934082,,48760.0789494211
Japan,JPN,2012,60.5362463320268,10.67169094,3.69226,3.17371010780334,,49145.2804308193
Japan,JPN,2013,62.6073022231989,10.67438698,3.66538,3.27895998954773,,40898.6478964744
Japan,JPN,2014,64.4653380797358,10.7290144,3.59059,3.36788010597229,,38475.3952461838
Japan,JPN,2015,66.0229941997136,10.74969959,,3.24071002006531,,34960.6393843385
Japan,JPN,2016,67.3227876016443,10.65891552,3.18618,3.10665988922119,,39375.4731620781
Japan,JPN,2017,68.3095186249903,10.65627098,3.18218,3.16635990142822,,38834.0529341227
Japan,JPN,2018,69.0229537254226,10.73988247,,3.21919989585876,,39751.1330982711
Japan,JPN,2019,69.4781102585107,10.96998405,,3.2182400226593,,40415.9567649547
Japan,JPN,2020,69.8915691054857,11.20903683,,3.2645800113678,,40040.7655055923
Kazakhstan,KAZ,2000,52.2757413139262,4.16032362,3.25662,0.18104000389576,,1180.0444563226
Kazakhstan,KAZ,2001,50.8892902127798,3.47098351,,0.220090001821518,,1422.27331810957
Kazakhstan,KAZ,2002,49.7152750119888,3.61481094,3.0297,0.255089998245239,,1573.55219932325
Kazakhstan,KAZ,2003,48.7928716446465,3.72334599,,0.25246000289917,,1958.02050246511
Kazakhstan,KAZ,2004,48.1439017104514,3.98307943,2.25591,0.248370006680489,,2722.47407755402
Kazakhstan,KAZ,2005,47.6883857087747,3.90173173,2.26353,0.283609986305237,,3577.35804001782
Kazakhstan,KAZ,2006,47.3570026780758,3.39824891,2.62678,0.242809996008873,,5030.13494711519
Kazakhstan,KAZ,2007,47.1117272482949,2.70314884,2.83139,0.208839997649193,,6449.43931096532
Kazakhstan,KAZ,2008,46.935658443208,3.02569818,2.58946,0.216539993882179,,8123.54705891736
Kazakhstan,KAZ,2009,46.7707877522094,3.47355556,3.06072,0.229240000247955,,6938.01175663001
Kazakhstan,KAZ,2010,46.7914967905944,2.73641348,,0.153410002589226,2.66735229267712,8793.07589980782
Kazakhstan,KAZ,2011,47.2918702077932,2.60236716,,0.153490006923676,2.27174130857528,11287.1464926039
Kazakhstan,KAZ,2012,48.2666123385578,3.03725958,,0.16525000333786,2.58664752690271,12018.7966527993
Kazakhstan,KAZ,2013,49.5309872731953,2.66286707,,0.171320006251335,2.69887752298367,13478.459627612
Kazakhstan,KAZ,2014,50.9797084009508,2.97468472,,0.167219996452332,2.86924541809459,12427.7094576939
Kazakhstan,KAZ,2015,52.5207605589946,3.04051137,2.78858,0.169510006904602,4.17876864617051,10196.1226255982
Kazakhstan,KAZ,2016,54.0318746567256,3.42235589,2.9781,0.141790002584457,3.9592644066909,7475.56688689424
Kazakhstan,KAZ,2017,55.4148033056512,3.05244446,2.75082,0.126670002937317,3.10454486816845,8943.08416791984
Kazakhstan,KAZ,2018,56.5235626212407,2.8178606,2.61595,0.116829998791218,3.25949336445695,9472.48527327758
Kazakhstan,KAZ,2019,57.4655912088719,2.78745699,,0.118409998714924,,9457.12614657136
Kazakhstan,KAZ,2020,58.3765163228774,3.75300956,,0.12601999938488,,8781.50797787648
Kenya,KEN,2007,85.6322010455064,5.12351847,,0.35521000623703,,840.201439476765
Kenya,KEN,2010,84.2201054386438,5.38849831,5.50822,0.692219972610474,,1091.51873101194
Kyrgyz Republic,KGZ,2000,68.2006776290059,4.41414976,3.50839,0.156369999051094,,279.621767006739
Kyrgyz Republic,KGZ,2001,66.4224942005393,4.27703238,3.85418,0.171890005469322,,308.411326685178
Kyrgyz Republic,KGZ,2002,64.629398596988,4.59219551,4.44546,0.198100000619888,,321.726775366804
Kyrgyz Republic,KGZ,2003,62.9832482972312,5.82382107,4.47542,0.222719997167587,,380.505828812441
Kyrgyz Republic,KGZ,2004,61.5008882259052,6.20281315,4.62244,0.199259996414185,,433.233915720699
Kyrgyz Republic,KGZ,2005,60.1019662934415,7.45010662,4.87384,0.198609992861748,,476.548239793618
Kyrgyz Republic,KGZ,2006,58.648586037128,8.3118391,5.54986,0.230140000581741,,543.113512472219
Kyrgyz Republic,KGZ,2007,57.0648841045437,6.93210649,6.467,0.234249994158745,,721.771646044636
Kyrgyz Republic,KGZ,2008,55.3380271036174,6.52511883,5.91319,0.190170004963875,,966.388569370494
Kyrgyz Republic,KGZ,2009,53.8306951096295,6.89873457,6.23268,0.159970000386238,,870.198894546917
Kyrgyz Republic,KGZ,2010,53.1417387548341,6.95027161,5.81883,0.155469998717308,,876.954476440354
Kyrgyz Republic,KGZ,2011,53.4057116432203,7.1072917,6.79062,0.15633000433445,,1117.40184423062
Kyrgyz Republic,KGZ,2012,54.4404735783782,8.50966358,7.38423,0.16609999537468,,1168.62244675446
Kyrgyz Republic,KGZ,2013,55.6741442388454,8.18745136,6.7802,0.149140000343323,,1269.66303464348
Kyrgyz Republic,KGZ,2014,56.9069819836574,7.35766459,5.5316,0.125359997153282,17.3525084260351,1264.52679529608
Kyrgyz Republic,KGZ,2015,58.150156918583,7.14930916,5.98551,0.119029998779297,17.4193427979539,1105.65202996955
Kyrgyz Republic,KGZ,2016,59.0639463884673,6.41248226,6.58615,0.111210003495216,18.515483436445,1103.27498361324
Kyrgyz Republic,KGZ,2017,59.488277666114,6.18586349,6.02619,0.107069998979568,17.9206059194295,1221.39056490366
Kyrgyz Republic,KGZ,2018,59.9520397978831,5.01030922,,0.101070001721382,18.1485143239419,1283.52040333083
Kyrgyz Republic,KGZ,2019,60.7277440086941,4.25461817,,0.0853499993681908,17.7777326771559,1421.99927504102
Kyrgyz Republic,KGZ,2020,61.3520516472714,4.94803715,,0.0835599973797798,19.5902695023184,1229.51775742135
"Korea, Rep.",KOR,2000,39.0262683255652,3.85544205,,2.12519001960754,13.3102365359308,12257.0206622345
"Korea, Rep.",KOR,2001,39.2824564341745,4.32142305,,2.2786500453949,14.8748050674982,11561.2071745115
"Korea, Rep.",KOR,2002,39.4441496233333,4.05226278,,2.20774006843567,15.1171990050645,13165.08362497
"Korea, Rep.",KOR,2003,39.5292757742813,4.63368225,,2.27722001075745,14.7246454661666,14672.8057539465
"Korea, Rep.",KOR,2004,39.525917627204,4.60466433,,2.44214010238647,15.8178003434316,16496.1316167114
"Korea, Rep.",KOR,2005,39.3635610064232,4.8394208,,2.52290010452271,16.1716971565198,19402.5026259549
"Korea, Rep.",KOR,2006,39.1149684167156,5.16117191,,2.71934008598328,16.1677120322664,21743.4774514254
"Korea, Rep.",KOR,2007,38.8293844819969,5.16154528,,2.87258005142212,14.0380403322037,24086.4104391677
"Korea, Rep.",KOR,2008,38.4354178916179,5.39977121,,2.9888699054718,15.8280526426572,21350.427979823
"Korea, Rep.",KOR,2009,38.033861912487,5.89820576,,3.14668989181519,16.3845125861116,19143.8516053025
"Korea, Rep.",KOR,2010,37.7039074846602,6.02606916,,3.3157799243927,16.1087131395224,23079.2601257735
"Korea, Rep.",KOR,2011,37.2547574179042,6.12371254,,3.59198999404907,16.0731519068186,25097.595426845
"Korea, Rep.",KOR,2012,36.7828795943106,6.17752457,,3.8503999710083,23.4781931342842,25459.1689000965
"Korea, Rep.",KOR,2013,36.5342930887925,6.31104422,,3.95124006271362,24.3929122982278,27179.5170146052
"Korea, Rep.",KOR,2014,36.4720410483292,6.50225973,,4.07785987854004,25.7853475953387,29252.9312377352
"Korea, Rep.",KOR,2015,36.4601267455493,6.72447348,,3.97819995880127,26.308947473203,28737.4391706499
"Korea, Rep.",KOR,2016,36.4600654674078,6.89293242,4.3331,3.9870400428772,25.9681961931965,29280.4403170048
"Korea, Rep.",KOR,2017,36.7793132181662,7.04771852,,4.29205989837646,25.7928170243109,31600.7358741365
"Korea, Rep.",KOR,2018,37.299629534955,7.46262026,,4.51632976531982,25.5134811374785,33447.1562836166
"Korea, Rep.",KOR,2019,37.8813882499402,8.1267519,,4.62702989578247,26.9756840009994,31902.4169048194
"Korea, Rep.",KOR,2020,38.7671326866112,8.3554945,,4.79571008682251,28.7031530236454,31721.2989141857
Morocco,MAR,2001,61.0419023199319,3.81601191,,0.546299993991852,,1506.24523925781
Morocco,MAR,2002,59.8593006334937,4.06117535,,0.471789985895157,,1596.02062988281
Morocco,MAR,2003,58.6812379549291,4.08037519,,0.565880000591278,,1941.87255859375
Morocco,MAR,2006,55.0741290970672,4.56586647,,0.549870014190674,,2438.12646484375
Morocco,MAR,2010,52.3621899992693,5.41861057,,0.660359978675842,,3067.9853515625
Mexico,MEX,2000,64.8374720830817,4.24436522,3.99244,0.292050004005432,10.4772889886753,7524.02713693678
Mexico,MEX,2001,63.9944301026757,4.58201361,4.24104,0.308149993419647,,7952.7647961764
Mexico,MEX,2002,63.180962136667,4.83042812,4.45496,0.337449997663498,,7983.03398483743
Mexico,MEX,2003,62.3840117468188,5.53978777,5.07258,0.374540001153946,,7434.0746485155
Mexico,MEX,2004,61.5479972392309,5.6835022,4.72671,0.370530009269714,,7849.66759649565
Mexico,MEX,2005,60.6344937397539,5.58110142,4.84569,0.38102999329567,,8671.75891885163
Mexico,MEX,2006,59.6732082754969,5.40647888,4.69992,0.352979987859726,,9512.63575346699
Mexico,MEX,2007,58.6888542638054,5.50668049,4.69051,0.380389988422394,,10134.3327138119
Mexico,MEX,2008,57.7194070815135,5.44587374,4.82007,0.424160003662109,9.50293778263388,10523.7685403244
Mexico,MEX,2009,56.7944957043171,5.84786463,5.18794,0.457480013370514,11.6928078546119,8423.56933214711
Mexico,MEX,2010,55.9321268636884,5.4897337,5.15922,0.473529994487762,11.4798185396187,9728.80078377082
Mexico,MEX,2011,55.1794320737435,5.30093002,5.10565,0.452679991722107,10.9022305240312,10664.4944032313
Mexico,MEX,2012,54.5632141554873,5.42140484,5.1031,0.402839988470078,11.137767030928,10744.1335242686
Mexico,MEX,2013,54.027488950612,5.5773263,4.69605,0.408060014247894,11.4997045729171,11216.8008505428
Mexico,MEX,2014,53.513139465276,5.35336781,5.26062,0.419620007276535,11.7900790205448,11391.3773497683
Mexico,MEX,2015,52.97209888579,5.52738619,5.23524,0.414770007133484,11.5545785227158,10021.2386118827
Mexico,MEX,2016,52.3968518760979,5.38499022,4.90949,0.376010000705719,10.914139643601,9097.92397674769
Mexico,MEX,2017,51.8182577831981,5.3117938,4.52282,0.319550007581711,10.6660796469127,9649.27816772402
Mexico,MEX,2018,51.2690018964587,5.23821402,,0.29815998673439,11.4833581998621,10084.7937562021
Mexico,MEX,2019,50.7872946012451,5.29685831,,0.276059985160828,11.8657674319308,10369.5553568761
Mexico,MEX,2020,50.3089773441429,6.0537405,,0.291909992694855,12.8240088044148,8841.27075003163
Myanmar,MMR,2000,58.2217539588067,2.12591195,,0.113059997558594,,196.619580625284
Myanmar,MMR,2001,57.2352074018873,2.28925514,,0.0714399963617325,,141.525660705722
Myanmar,MMR,2002,56.4403415340296,2.74706364,,0.162159994244576,,146.598390364449
Myanmar,MMR,2017,46.756347215943,5.08065701,2.08768,0.0321800000965595,0.555273134908011,1272.82241830603
Myanmar,MMR,2018,46.5323258218492,4.89992189,1.92289,0.0588099993765354,0.782551804921698,1298.21310320785
Myanmar,MMR,2019,46.396472048483,4.07903337,1.93208,0.0834100022912025,0.783736512344991,1425.98954211903
Myanmar,MMR,2020,46.3134094770448,4.38807583,,0.155670002102852,,1490.21683548367
Mongolia,MNG,2000,62.8796894489998,6.07605076,5.55037,0.187570005655289,17.790193000277,476.02755082717
Mongolia,MNG,2001,60.0556081479177,5.4423995,,0.2674899995327,16.8879143400998,524.453483552485
Mongolia,MNG,2002,57.2868846352447,5.49190998,7.21078,0.251729995012283,17.3398347759287,570.249213248399
Mongolia,MNG,2003,54.6740050910007,4.29768944,,0.251800000667572,15.7524825677243,643.168068921658
Mongolia,MNG,2004,52.3149219210631,4.30204487,4.32573,0.267769992351532,,794.154552001815
Mongolia,MNG,2005,50.301413827289,3.86456275,,0.237760007381439,,994.90010913241
Mongolia,MNG,2006,48.6916914180332,3.74971509,,0.191210001707077,7.34228882378481,1329.89179579053
Mongolia,MNG,2007,47.5020153723875,4.07522774,4.69013,0.238269999623299,8.65001776043708,1627.68787743359
Mongolia,MNG,2008,46.7362412620023,4.55693007,,0.336670011281967,13.6818744268269,2127.42678594737
Mongolia,MNG,2009,46.4101397882339,4.45980072,5.14485,0.304780006408691,16.6087941180713,1703.32756790019
Mongolia,MNG,2010,46.4948711694247,3.73945642,4.6451,0.244379997253418,13.1430602020587,2625.21881402433
Mongolia,MNG,2011,46.6487262591356,3.58612084,4.60903,0.230540007352829,14.2195707638129,3736.04201455077
Mongolia,MNG,2012,46.8940830192974,3.85800076,5.19521,0.23913000524044,17.3195757499293,4328.89001905655
Mongolia,MNG,2013,47.5860682131157,4.08932018,4.94077,0.232460007071495,18.8299051370593,4340.14310544449
Mongolia,MNG,2014,48.6804175336851,4.20989752,4.71485,0.223399996757507,19.7751107933309,4126.23975800524
Mongolia,MNG,2015,50.0825069416898,4.23154545,4.17699,0.156399995088577,21.8889056692574,3838.92126989984
Mongolia,MNG,2016,51.7262924597998,4.58008575,5.18061,0.183449998497963,24.3600537106501,3619.90026383792
Mongolia,MNG,2017,53.5127010854887,4.33954191,4.08859,0.134200006723404,21.408178288545,3645.96708669551
Mongolia,MNG,2018,55.4120963362594,4.53449297,,0.101609997451305,18.78919120846,4107.64288528468
Mongolia,MNG,2019,57.4288259442459,4.49497986,,0.0926999971270561,17.7157115783114,4347.54610314873
Mongolia,MNG,2020,58.9121466009596,4.6662488,,0.133009999990463,16.6134297551342,4001.25193077703
Malaysia,MYS,2000,61.4063888151392,2.51463366,5.97161,0.468989998102188,,4083.52874483605
Malaysia,MYS,2002,59.1995253303348,2.66876554,7.65793,0.652540028095245,,4184.03163773539
Malaysia,MYS,2004,56.8082475537643,2.86016941,5.92389,0.599900007247925,,4939.24851854427
Malaysia,MYS,2006,54.1658567260995,3.10897732,4.48576,0.6110600233078,,6158.40785533236
Malaysia,MYS,2008,51.5703106887847,3.00692558,3.95852,0.788469970226288,,8371.82156086005
Malaysia,MYS,2009,50.217187727247,3.2610569,5.97418,1.01001000404358,,7191.43287234626
Malaysia,MYS,2010,49.0080301479463,3.16474271,4.96645,1.03608000278473,,8899.34505544675
Malaysia,MYS,2011,48.1465198770693,3.31451917,5.76294,1.03341996669769,,10217.1068585031
Malaysia,MYS,2012,47.5176972010419,3.45786357,5.73903,1.09268999099731,,10600.5744240026
Malaysia,MYS,2014,46.452998725794,3.71036959,5.21264,1.2627500295639,,11013.3107334403
Malaysia,MYS,2015,46.0390855919982,3.82201481,4.89487,1.27945005893707,,9648.6797937523
Malaysia,MYS,2016,45.7340885358718,3.70085335,4.75191,1.41516995429993,,9476.53409809923
Malaysia,MYS,2018,45.227518847802,3.75944281,4.48126,1.04025995731354,,10901.8019954421
Malaysia,MYS,2020,44.2708649510882,4.08254337,,0.950550019741058,,9957.52626697613
Nigeria,NGA,2007,89.3717479065226,3.90997243,,0.132229998707771,,1815.52697545827
Nigeria,NGA,2019,85.8794318634782,2.98547053,,0.284440010786057,,2265.15520863056
Nicaragua,NIC,2002,74.4910277838672,5.73315859,2.39101,0.0349299982190132,,1014.3339042591
Nicaragua,NIC,2011,61.8063368356308,7.44982004,,0.0834399983286858,,1679.71034177231
Nicaragua,NIC,2012,60.7923863166663,7.48836899,,0.104489997029305,,1784.69212752824
Nicaragua,NIC,2013,59.8943184475099,7.63869238,,0.10283999890089,,1835.43436443315
Nicaragua,NIC,2014,59.1180966549615,7.97716141,4.08328,0.0893500000238419,,1958.36966453366
Nicaragua,NIC,2015,58.4227991763294,7.96303272,4.07843,0.10741999745369,,2074.45446460028
Netherlands,NLD,2000,47.5997257745678,7.7069602,4.58512,1.78980004787445,38.8344331746987,26225.1697734149
Netherlands,NLD,2001,47.7234584540489,8.05945873,4.69965,1.79609000682831,36.1791839881809,26955.7128032278
Netherlands,NLD,2002,47.778007873293,8.64913177,4.8059,1.74542999267578,35.6139240169608,29446.5330872868
Netherlands,NLD,2003,47.8837208072943,9.05657101,5.04042,1.78390002250671,37.7323943661972,35896.7504630706
Netherlands,NLD,2004,48.0486896030983,9.1107645,5.06297,1.7890100479126,36.646624705906,40611.3414353091
Netherlands,NLD,2005,48.1687259592709,9.09666824,5.1094,1.77388000488281,35.5782548476454,42165.396168388
Netherlands,NLD,2006,48.2136628287853,9.08055115,5.04402,1.74066996574402,36.3979695077277,45123.5432406426
Netherlands,NLD,2007,48.2541352334204,9.05292606,4.88683,1.67030000686646,35.3102961028475,52100.7996285947
Netherlands,NLD,2008,48.3834903176158,9.27660465,5.02905,1.62268996238708,34.0836836650324,58246.7026905874
Netherlands,NLD,2009,48.6378733180059,9.9929266,5.43156,1.66569995880127,35.171466519275,53172.0261581418
Netherlands,NLD,2010,48.9390840593512,10.15508747,5.48909,1.70404005050659,35.990409708769,51305.7338533973
Netherlands,NLD,2011,49.6322091919466,10.23357868,5.46304,1.8813099861145,35.9721636938636,54701.7728030611
Netherlands,NLD,2012,50.6460351411108,10.53898716,5.41022,1.9162700176239,36.7808269784914,50473.9442002689
Netherlands,NLD,2013,51.4289591698403,10.58363628,5.52656,2.15605998039246,36.8486021844269,52602.2860520766
Netherlands,NLD,2014,52.0149611855016,10.56703758,5.4589,2.17330002784729,36.4726779891355,53457.2234864322
Netherlands,NLD,2015,52.4272622166642,10.32393837,5.34816,2.1460599899292,35.8293866658847,45793.8135434697
Netherlands,NLD,2016,52.6972672445206,10.05679512,5.4796,2.15081000328064,37.0908022949685,46808.5291492503
Netherlands,NLD,2017,52.9840892509348,10.1082983,5.1751,2.17857003211975,35.8481148351004,49513.6817346384
Netherlands,NLD,2018,53.2595764421941,10.01993561,,2.13879990577698,36.3766915393448,53955.0770024266
Netherlands,NLD,2019,53.5125012921873,10.14039612,,2.18435001373291,35.4160548583885,53554.9007491475
Netherlands,NLD,2020,53.8223735345247,11.22355747,,2.32182002067566,35.6549053672144,53467.9277413737
New Zealand,NZL,2001,52.4848880657864,7.5789361,6.56049,1.10028994083405,0.280833138310321,13882.8568268586
New Zealand,NZL,2003,51.3493361554743,7.72169256,6.43753,1.14891004562378,0.264807831039114,21913.7081719961
New Zealand,NZL,2005,50.5037483038793,8.27334881,6.27896,1.12042999267578,0.18107493075222,27751.0654708859
New Zealand,NZL,2007,50.4429979608737,8.32904434,5.91594,1.15763998031616,0.153357931338162,32479.9817381467
New Zealand,NZL,2009,50.8301336353722,9.62076378,6.28067,1.25214004516602,3.2911796858208,28209.3623271229
New Zealand,NZL,2011,51.638047175897,9.51987362,6.93488,1.23222005367279,3.79716425292354,38388.5280906616
New Zealand,NZL,2013,52.7030093022296,9.36019325,6.69998,1.15337002277374,3.3144351916799,42977.388040868
New Zealand,NZL,2015,52.5174780979885,9.28344345,6.33739,1.22789001464844,2.85314924528608,38639.3501941427
New Zealand,NZL,2017,52.257834938067,8.9698782,6.28367,1.34905004501343,2.19970231997256,42913.186956185
New Zealand,NZL,2019,52.5965964272569,9.50996971,,1.40803003311157,2.0410955797233,42747.2099299966
Pakistan,PAK,2000,87.8265663645158,2.48079324,1.83782,0.0953600034117699,,642.338346499898
Pakistan,PAK,2001,86.5773622162083,2.33959723,,0.124080002307892,,609.939506905073
Pakistan,PAK,2002,85.5449528888916,2.42219901,,0.16227999329567,,599.937345723927
Pakistan,PAK,2005,81.4989219399268,2.37323904,2.04972,0.329459995031357,,827.619861189926
Pakistan,PAK,2007,78.616390172067,2.62370729,2.63527,0.523429989814758,,998.090114197524
Pakistan,PAK,2009,76.3243708555709,2.49995875,2.59078,0.40217998623848,,963.788066395225
Pakistan,PAK,2011,75.0100380395422,2.23121333,2.22175,0.304910004138947,,1131.73513834324
Pakistan,PAK,2013,74.6202486526627,2.4164784,2.49344,0.261790007352829,,1225.4340119198
Pakistan,PAK,2015,74.161810917677,2.49493265,2.65002,0.221929997205734,,1380.47020838317
Pakistan,PAK,2017,73.5768238017572,2.7863009,2.89952,0.212139993906021,,1519.23459514248
Pakistan,PAK,2019,72.6314584931864,2.84736943,,0.174750000238419,,1390.41690981745
Peru,PER,2000,64.0029073497459,4.41482639,3.22803,0.112659998238087,9.76379787031872,1945.41338451698
Peru,PER,2001,62.9840392352179,4.72161007,3.03712,0.110959999263287,10.2939272712347,1929.57273038846
Peru,PER,2002,62.0588640528885,4.93902588,2.82057,0.106140002608299,10.1825442099258,2007.37019626753
Peru,PER,2003,61.2360977253486,4.58703804,2.9378,0.108130000531673,9.82226956716753,2129.44114197634
Peru,PER,2004,60.519573375419,4.42972279,2.95787,0.155780002474785,9.47038509386014,2397.25147277714
Peru,PER,2011,56.9732555404503,4.53380108,2.6635,0.0828199982643127,9.15221113035377,5861.35793645245
Peru,PER,2012,56.6078305489283,4.7344017,2.92276,0.0553000010550022,9.36534789026009,6519.37852981527
Peru,PER,2013,56.2690728263129,4.72346115,3.29729,0.0817399993538857,9.77516885261261,6746.80025696601
Peru,PER,2014,55.9260526415525,4.93103409,3.69599,0.108050003647804,10.0283592728185,6667.13410360861
Peru,PER,2015,55.5249961792269,4.92147398,3.96933,0.117020003497601,11.5086684572454,6231.71150338894
Peru,PER,2016,55.0315226387303,4.91142178,3.81317,0.120080001652241,12.0883406097706,6217.03599995447
Peru,PER,2017,54.4342798477223,4.82783127,3.93131,0.120849996805191,11.7720920056612,6736.16693725487
Peru,PER,2018,53.5702959648924,5.09981441,3.72316,0.126829996705055,11.4930010636023,6978.49121548627
Peru,PER,2019,52.7058864277693,5.1381588,3.84729,0.156959995627403,11.3050645755576,7037.00803692604
Peru,PER,2020,52.0259679366878,6.36273861,,0.172289997339249,12.1751635641338,6133.32552410183
Philippines,PHL,2002,70.8905082045512,2.63767385,2.89222,0.132630005478859,,1014.90879320106
Philippines,PHL,2003,69.8842742816374,3.07663488,2.93518,0.125269994139671,,1027.2301192843
Philippines,PHL,2005,67.8557797530439,3.74253035,2.32807,0.106919996440411,,1220.46018559867
Philippines,PHL,2007,66.2081132680944,3.75318074,2.48518,0.104979999363422,,1712.65543282793
Philippines,PHL,2009,64.7322063281476,4.16451931,2.53777,0.109010003507137,,1864.45043406471
Philippines,PHL,2011,62.9060289047957,4.02518559,,0.112219996750355,,2383.91892526787
Philippines,PHL,2013,61.1835246269493,4.27408695,,0.132070004940033,,2781.27957670473
Philippines,PHL,2015,59.5211985547012,3.8982749,,0.156829997897148,,2909.85818014474
Philippines,PHL,2018,56.4951142171875,3.9538188,,0.322219997644424,,3168.51036606257
Romania,ROU,2000,47.3028700041796,4.20876169,2.86863,0.36625999212265,35.7194965203395,1659.92904910528
Romania,ROU,2001,46.8137486101034,4.37598133,3.26629,0.391290009021759,36.5893609851226,1825.19299373184
Romania,ROU,2002,46.2023543760568,4.57694626,3.50413,0.37720999121666,35.3212025448739,2119.85509684554
Romania,ROU,2003,45.5990821741001,5.37136793,3.54397,0.39708000421524,32.5863826819138,2679.40626016154
Romania,ROU,2004,45.0713374974319,5.47733593,3.31273,0.389420002698898,31.3897915765987,3494.99056448955
Romania,ROU,2005,44.7235013938328,5.52778196,3.50039,0.412620007991791,33.165209569181,4618.00350802913
Romania,ROU,2006,44.6924990146748,5.07106066,4.30651,0.456820011138916,32.7953069773229,5757.53127301178
Romania,ROU,2007,44.8659733655323,5.02223349,4.14954,0.51147997379303,31.3439676774179,8360.33775916596
Romania,ROU,2008,45.1708039916349,5.02274227,4.0972,0.552150011062622,31.3481183590117,10435.1561230787
Romania,ROU,2009,45.6558486393944,5.2784133,4.00213,0.443949997425079,33.6537406946465,8548.4543409242
Romania,ROU,2010,46.1712166992167,5.63998747,3.49538,0.44666001200676,30.4692017885135,8399.5374234284
Romania,ROU,2011,46.6849893722241,4.47528124,3.05943,0.474590003490448,28.9398078425922,9560.6755277458
Romania,ROU,2012,47.0859211857548,4.50899887,2.9541,0.462399989366531,27.8991863788947,8929.95366231474
Romania,ROU,2013,47.3962302449571,5.22432709,3.04938,0.390240013599396,28.0392178927544,9497.67411615237
Romania,ROU,2014,48.0460231839618,5.02789736,3.12642,0.382079988718033,26.8576063707945,10031.7710755404
Romania,ROU,2015,48.9572601796888,4.94295502,3.10676,0.487960010766983,24.6113533610361,8977.01748158196
Romania,ROU,2016,49.8906722812143,5.08021355,2.97411,0.488640010356903,29.5547378323985,9404.54005870715
Romania,ROU,2017,50.9128670248701,5.1887908,3.09539,0.506929993629456,32.4502309416977,10727.9822007426
Romania,ROU,2018,51.9746076994291,5.51800871,,0.49728998541832,38.064810780743,12502.2624061935
Romania,ROU,2019,53.0183319640266,5.7142148,,0.476159989833832,37.7803142862468,12992.0326104674
Romania,ROU,2020,54.1194231232454,6.22618055,,0.465380012989044,39.3834151181463,13082.3006559554
Russian Federation,RUS,2000,43.5652823296039,5.01989794,2.93979,1.04982995986938,28.7994807918479,1771.59411621094
Russian Federation,RUS,2001,42.3668405184076,5.24284792,3.10602,1.17693996429443,25.520716722201,2100.3525390625
Russian Federation,RUS,2002,41.5231777036921,5.52166557,3.83502,1.24652004241943,37.1096745057907,2377.52954101563
Russian Federation,RUS,2003,41.1118911605145,5.16368914,3.67854,1.28603005409241,30.3978798304284,2975.123046875
Russian Federation,RUS,2004,40.933146045048,4.7603755,3.54787,1.15132999420166,27.4305569620992,4102.36474609375
Russian Federation,RUS,2005,40.7583002208105,4.77177477,3.77193,1.06797003746033,17.7200132672178,5323.455078125
Russian Federation,RUS,2006,40.542928781967,4.76654387,3.86626,1.07293999195099,19.1443606739867,6920.19970703125
Russian Federation,RUS,2007,40.2034276919991,4.74792528,,1.11610996723175,19.2398160504613,9101.2392578125
Russian Federation,RUS,2008,39.6340464969755,4.90364122,4.10175,1.04435002803802,15.6993905417171,11635.2841796875
Russian Federation,RUS,2009,39.060138267231,5.64392471,,1.2519199848175,23.1280756725962,8562.82421875
Russian Federation,RUS,2010,38.642521135056,4.97111797,,1.13020002841949,20.289034637251,10674.990234375
Russian Federation,RUS,2011,38.8324315097642,4.79491472,,1.01545000076294,19.5042291265388,14305.33203125
Russian Federation,RUS,2012,39.7122076623378,4.93637609,3.7931,1.02766001224518,21.014351649624,15401.8515625
Russian Federation,RUS,2013,40.7840417932466,5.08104897,3.76383,1.02732002735138,25.1929333530821,15941.4482421875
Russian Federation,RUS,2014,42.1236258137655,5.18209648,4.01388,1.07240998744965,26.1157868166373,14055.47265625
Russian Federation,RUS,2015,43.6560400391556,5.29604387,3.83403,1.10084998607635,21.4187121903482,9277.7138671875
Russian Federation,RUS,2016,45.0865219275749,5.28970242,3.76044,1.10238003730774,26.4779445744353,8663.158203125
Russian Federation,RUS,2017,46.4109081650047,5.35889816,4.68991,1.10967004299164,22.9199226782923,10658.9130859375
Russian Federation,RUS,2018,47.5290734735912,5.35520792,,0.990019977092743,21.9334801968678,11211.8876953125
Russian Federation,RUS,2019,48.5943754955694,5.64849091,,1.03531002998352,22.3809588967067,11447.701171875
Russian Federation,RUS,2020,49.5678005245706,8.04076004,,1.09098994731903,21.9158708446732,10108.3271484375
Singapore,SGP,2000,33.4053702798412,3.343364,3.3213,1.81699001789093,,23852.8389514753
Singapore,SGP,2001,33.1856643975603,3.16302657,3.54249,2.00929999351501,,21699.7414868907
Singapore,SGP,2002,33.1413664813315,3.358464,3.87853,2.03281998634338,,22159.8373710639
Singapore,SGP,2003,33.040255189436,3.60699272,3.98194,1.99679005146027,,23730.3840054566
Singapore,SGP,2004,32.6647872830213,3.15019798,3.65276,2.07858991622925,,27608.080013423
Singapore,SGP,2005,32.0662807862252,3.03367925,3.19596,2.14806008338928,,29961.3172812732
Singapore,SGP,2006,31.1695382893287,2.9347465,2.85912,2.1165599822998,,33768.4528234651
Singapore,SGP,2007,29.8728951478371,2.83749056,2.94675,2.31985998153687,,39432.8860198877
Singapore,SGP,2008,28.6303332765411,3.19488454,2.7646,2.59674000740051,,40008.5720489092
Singapore,SGP,2009,27.87340474654,3.39370513,3.01013,2.12789988517761,,38926.8054365453
Singapore,SGP,2010,27.3410335609054,3.1982615,3.08044,1.92918002605438,,47236.683084953
Singapore,SGP,2011,26.9496478674041,3.1539185,3.03077,2.06955003738403,,53891.4570264372
Singapore,SGP,2012,26.8734686937048,3.32392788,3.07086,1.91832995414734,,55547.5553077786
Singapore,SGP,2013,27.0192311085442,3.68225336,2.85435,1.92104005813599,,56967.4257940383
Singapore,SGP,2014,27.3124316272141,3.87132597,,2.082279920578,,57564.8023114977
Singapore,SGP,2015,27.6825611982179,4.18061399,,2.1744499206543,,55645.6068614606
Singapore,SGP,2016,28.1544000884945,4.35019255,,2.07276010513306,,56899.9181805173
Singapore,SGP,2017,28.8474686470753,4.31881618,,1.899129986763,,61162.0973932771
Singapore,SGP,2018,29.5555499902006,4.01883841,,1.80947005748749,,66840.6373389791
Singapore,SGP,2019,30.1882050728381,4.35299158,,1.88473999500275,,66081.7199235165
Singapore,SGP,2020,31.1638429496119,5.61608791,,2.15626001358032,,61466.803676358
Serbia,SRB,2000,48.0799058920134,6.18357754,,0.854240000247955,,974.725469278615
Serbia,SRB,2001,48.1518125880113,6.49677134,,0.304010003805161,,1812.42088281393
Serbia,SRB,2002,48.2192030424731,7.59296274,,0.639680027961731,,2390.73459447107
Serbia,SRB,2003,48.2837315864194,7.66696072,,0.491380006074905,,3153.9011312754
Serbia,SRB,2004,48.2786292134742,7.84200048,,0.289530009031296,,3597.08798057009
Serbia,SRB,2005,48.196334272477,8.28380585,,0.395300000905991,,3807.97417321786
Serbia,SRB,2006,48.0190814295974,8.49390411,,0.439850002527237,,4492.7136699046
Serbia,SRB,2007,47.7509427617515,9.37648869,4.20984,0.578769981861115,34.2342978832863,6081.08765700202
Serbia,SRB,2008,47.4020422688159,9.48246479,4.442,0.669659972190857,34.6893151479429,7376.73517910716
Serbia,SRB,2009,47.0426888973918,9.34623528,4.48398,0.817300021648407,35.1459026751517,6414.0448463847
Serbia,SRB,2010,46.707163814053,9.5273037,4.32781,0.702279984951019,33.6378916866345,5970.92660940072
Serbia,SRB,2011,46.5325545822968,9.11380386,4.23836,0.683340013027191,34.057131899181,7082.2861666075
Serbia,SRB,2012,46.8453076064932,9.32820415,4.16421,0.85316002368927,35.5375302084081,6263.04086072815
Serbia,SRB,2013,47.6152988175827,9.31232452,,0.683669984340668,31.6228375722966,7040.41812068781
Serbia,SRB,2014,48.6099080245693,9.2459898,3.92698,0.723089993000031,31.3284811777408,6886.67809068704
Serbia,SRB,2015,49.7570563003371,8.8132,3.78902,0.810899972915649,29.8593799577563,5820.3215576888
Serbia,SRB,2016,50.8721349656193,8.45890999,3.64027,0.838220000267029,29.1189538477096,5982.37030126471
Serbia,SRB,2017,51.9843219838154,8.22039318,3.71509,0.872380018234253,29.1336990834236,6548.03653824187
Serbia,SRB,2018,53.2665314122019,8.53168106,3.58539,0.918910026550293,30.0778310394647,7559.86165747394
Serbia,SRB,2019,54.6017908714794,8.66552734,,0.886669993400574,30.267031776762,7755.632986437
Serbia,SRB,2020,55.8406068162926,8.70042229,,0.90557998418808,32.4225322780936,8098.70955668849
Slovak Republic,SVK,2000,44.9704945905628,5.30256939,3.86468,0.638069987297058,36.9806165700378,5421.6448441887
Slovak Republic,SVK,2001,43.7473693099929,5.3315053,3.9357,0.624650001525879,39.380951535719,5712.47802761654
Slovak Republic,SVK,2002,42.6108368504795,5.50947618,4.2454,0.563139975070953,41.652054917123,6554.62808369461
Slovak Republic,SVK,2003,41.6006959112054,5.44849873,4.20957,0.561450004577637,39.5229191443031,8675.39633696465
Slovak Republic,SVK,2004,40.750523791546,6.37190437,4.10157,0.50068998336792,39.0012246194146,10650.1290097126
Slovak Republic,SVK,2005,40.0609481106868,6.58870029,3.75996,0.493319988250732,36.0106649724582,11641.5410321763
Slovak Republic,SVK,2006,39.4503846591065,6.85076714,3.7077,0.474880009889603,34.8298438538761,13167.8954730379
Slovak Republic,SVK,2007,38.9500326393961,7.17735338,3.52321,0.447459995746613,35.5074837981839,16110.4817265237
Slovak Republic,SVK,2008,38.6006960396032,6.9563446,3.52165,0.46136999130249,36.2319458981808,18744.3192278346
Slovak Republic,SVK,2009,38.5436675449526,7.94779444,4.00641,0.472719997167587,36.142180903579,16586.7527805228
Slovak Republic,SVK,2010,38.7142612720511,7.66638851,4.08471,0.605499982833862,36.7925132026417,16899.448680529
Slovak Republic,SVK,2011,38.9901403319512,7.29859495,3.92964,0.652549982070923,34.7353701251553,18469.4354316836
Slovak Republic,SVK,2012,39.4612066242009,7.53581381,3.8677,0.794610023498535,35.7102095009612,17516.9691054078
Slovak Republic,SVK,2013,40.1143714089078,7.49518156,4.07649,0.820050001144409,36.0556695823451,18312.7805149823
Slovak Republic,SVK,2014,40.8909492177303,6.88411617,4.22136,0.876999974250793,35.7062777564816,18770.9289896545
Slovak Republic,SVK,2015,41.8080986794682,6.76215172,4.59954,1.1572699546814,33.9201650966399,16442.0760860018
Slovak Republic,SVK,2016,42.9974711861622,7.09177732,3.91171,0.788569986820221,37.6945493326081,16636.0769133073
Slovak Republic,SVK,2017,44.3936163689056,6.75699091,3.93913,0.884559988975525,40.6488476042418,17645.5298716761
Slovak Republic,SVK,2018,45.8020130464426,6.66639853,,0.835550010204315,40.6592310298434,19573.3717031314
Slovak Republic,SVK,2019,47.1743766979644,6.91964769,,0.822399973869324,40.7506040826104,19406.0589683582
Slovak Republic,SVK,2020,48.4093813779099,7.12650204,,0.897729992866516,41.59605550856,19735.4858280801
Thailand,THA,2000,43.8829877665989,3.10125351,5.25346,0.244709998369217,3.4321232435612,2005.97694514234
Thailand,THA,2001,43.3792360174805,3.02623773,4.81787,0.252310007810593,3.00579757767581,1889.93432467144
Thailand,THA,2002,42.9588444120937,3.334723,3.86492,0.23055000603199,3.22193907943286,2089.75183111554
Thailand,THA,2003,42.6269343596548,3.24312782,3.72561,0.245340004563332,3.96943250333564,2347.54001286066
Thailand,THA,2004,42.3578746279834,3.13893151,4.03089,0.23827999830246,4.86211292595339,2641.56268717857
Thailand,THA,2005,42.0963439239568,3.15972233,3.93859,0.218889996409416,4.89340820706089,2867.70383436062
Thailand,THA,2006,41.773454802002,3.09970832,4.05038,0.232710003852844,4.69488030351486,3331.32043511773
Thailand,THA,2007,41.3866114142164,3.19277525,3.60315,0.200800001621246,4.80954587602171,3918.52817434581
Thailand,THA,2008,40.9922627538581,3.45933938,3.5085,0.203309997916222,4.64238845144357,4309.13509292986
Thailand,THA,2009,40.6382297866718,3.61939645,3.86194,0.234549999237061,4.90477106987674,4135.43986952819
Thailand,THA,2011,39.9223743100647,3.56825495,4.80555,0.361460000276566,4.38457690071569,5373.6232832898
Thailand,THA,2013,39.4940129315302,3.45313334,4.12402,0.441639989614487,3.73959432117707,6018.08244729255
Thailand,THA,2014,39.5565144682596,3.68448091,,0.479880005121231,4.74416794680329,5801.1978916205
Thailand,THA,2015,39.72661984392,3.8522861,,0.616089999675751,4.95458047555711,5688.85335397884
Thailand,THA,2016,39.8914360247636,3.93900609,,0.778289973735809,4.85468867697926,5833.57715617098
Thailand,THA,2017,40.0618541912691,3.85276842,,1.00165998935699,4.98575513507432,6413.09182530343
Thailand,THA,2018,40.3013405116213,3.87040329,,1.11373996734619,4.90394576932988,7099.77650081458
Thailand,THA,2019,40.607794056073,3.78911877,,1.14316999912262,5.09256047373117,7605.69657797759
Thailand,THA,2020,40.974368915158,4.35724688,,1.32817995548248,4.81380510789238,6985.64393892574
Tajikistan,TJK,2001,82.1958494099529,4.57802534,2.37659,0.0895299986004829,18.396821217748,168.676285365186
Tajikistan,TJK,2002,79.6141838620057,4.43647242,2.77579,0.0706799998879433,,186.951638285222
Tajikistan,TJK,2003,77.2114992826189,4.70218658,2.42079,0.068850003182888,12.4236608466351,233.58124845289
Tajikistan,TJK,2004,75.0763673677751,4.79911184,2.77203,0.0669699981808662,12.4825319481475,305.745158587502
Tajikistan,TJK,2005,73.0961466114903,5.21024704,3.51213,0.0957000032067299,,333.927150941684
Tajikistan,TJK,2006,71.2602403323497,5.03254795,3.4035,0.107320003211498,,401.018403316427
Tajikistan,TJK,2007,69.7592546755616,5.54050112,3.41327,0.067780002951622,,516.997210618914
Tajikistan,TJK,2008,68.5822066610905,5.91206694,3.45983,0.0698300004005432,,703.327375898643
Tajikistan,TJK,2009,67.5572053751767,5.85579777,4.09831,0.0857700034976006,,664.795655734657
Tajikistan,TJK,2010,66.671879604656,5.73543453,4.00675,0.089139997959137,,737.338883219356
Tajikistan,TJK,2011,66.1456733097743,5.85971785,3.93511,0.121480002999306,,833.601978202852
Tajikistan,TJK,2012,65.7413184753698,5.98185873,4.01803,0.114320002496243,,952.452819695469
Tajikistan,TJK,2013,65.215142797166,6.53226423,,0.118510000407696,,1028.19704279396
Tajikistan,TJK,2014,64.7981575112711,6.6654973,,0.116240002214909,,1081.54402932039
Tajikistan,TJK,2015,64.6546579324183,6.90735912,5.23139,0.103399999439716,,956.916310930656
Tajikistan,TJK,2016,64.6316867686227,6.96349716,,0.106219999492168,,788.710481734485
Tajikistan,TJK,2017,64.645778430695,6.85399008,,0.109569996595383,,829.45714764957
Tajikistan,TJK,2018,64.8775137072655,7.01381588,,0.0940100029110909,,834.288404578801
Tajikistan,TJK,2019,65.3067752248518,6.9476676,,0.0936700031161308,,871.022372934846
Tajikistan,TJK,2020,65.849974933617,8.8903532,,0.0896899998188019,,834.311715460625
Tunisia,TUN,2002,51.9112777835838,5.12036419,5.79003,0.543020009994507,17.0722555154565,2320.7723805785
Tunisia,TUN,2003,50.2584264600528,5.20888519,6.81673,0.650439977645874,18.6410693910877,2725.8643148859
Tunisia,TUN,2004,48.7389360170876,5.19890785,6.72078,0.730949997901917,17.7212137579814,3067.41936376975
Tunisia,TUN,2005,47.4404054705282,5.14555788,6.45157,0.7119500041008,17.4685129396392,3146.8260743927
Tunisia,TUN,2006,46.3887240167153,5.13109922,6.43859,0.677290022373199,18.1730515627061,3322.56933570096
Tunisia,TUN,2007,45.5415647182237,5.17542839,6.46552,0.66540002822876,18.1351798171803,3726.91672935667
Tunisia,TUN,2008,44.8953248719495,5.1644063,6.27219,0.63933002948761,17.3051114393043,4255.05008019523
Tunisia,TUN,2009,44.4685451077198,5.40595293,6.52848,0.706439971923828,20.1914608273303,4080.09032448781
Tunisia,TUN,2010,44.2865187934696,5.60950756,6.25481,0.658060014247894,21.1426937063318,4291.86120891575
Tunisia,TUN,2011,44.330555449489,6.12299299,,0.674579977989197,24.4381587650047,4420.64772206537
Tunisia,TUN,2012,44.5723999969535,6.28984737,6.25037,0.649370014667511,25.4607021607317,4297.26782454273
Tunisia,TUN,2013,45.0647236444453,6.51394987,,0.637000024318695,,4369.79345826358
Tunisia,TUN,2014,45.6850530876263,6.45006084,,0.619880020618439,,4458.97895464547
Tunisia,TUN,2015,46.3571118128582,6.21339941,6.59601,0.594129979610443,,4014.94773686432
Tunisia,TUN,2016,47.1066362415689,6.24778175,,0.56538999080658,,3847.80354448809
Tunisia,TUN,2017,47.8580034971682,6.18557453,,0.699540019035339,,3619.03247319953
Tunisia,TUN,2018,48.605731168883,5.9375186,,0.716449975967407,,3628.10366464236
Tunisia,TUN,2019,49.3812826199351,6.02461243,,0.746580004692078,,3528.87213306798
Turkiye,TUR,2000,56.3172082445777,4.59957218,2.52908,0.465579986572266,,4192.44316738494
Turkiye,TUR,2001,55.4197844017726,4.88784933,2.65434,0.522469997406006,,3045.55413956926
Turkiye,TUR,2002,54.6201100107839,5.06227875,2.74894,0.509039998054504,,3583.19745897158
Turkiye,TUR,2003,53.9106325504308,5.01427698,2.87663,0.465319991111755,,4637.88218501529
Turkiye,TUR,2004,53.2784264879328,4.9096446,3.0202,0.497130006551743,,5960.77898909049
Turkiye,TUR,2005,52.7174114645273,4.89389706,,0.563809990882874,,7303.01388860245
Turkiye,TUR,2006,52.2002887151974,5.14591694,2.75063,0.552919983863831,,7953.07848024969
Turkiye,TUR,2007,51.7039880562328,5.23760796,,0.686160027980804,,9711.22376120832
Turkiye,TUR,2008,51.0570512318991,5.21761751,,0.687409996986389,25.6849246584722,10843.5036940489
Turkiye,TUR,2009,50.2459919396016,5.49438715,,0.803619980812073,24.7544068875809,9012.99945793034
Turkiye,TUR,2010,49.4548531901584,5.02053452,,0.793690025806427,23.2989137654771,10622.7020439723
Turkiye,TUR,2011,48.7243135492246,4.6530509,,0.793929994106293,22.1473968796897,11300.7852215681
Turkiye,TUR,2012,48.0371465077245,4.44444656,,0.825950026512146,22.4379731672193,11713.2849831139
Turkiye,TUR,2013,47.3558028630143,4.37099934,,0.812059998512268,22.9332270052235,12578.1878632
Turkiye,TUR,2014,46.6296994569191,4.32517862,,0.856400012969971,24.1118887940754,12165.220135038
Turkiye,TUR,2015,45.9452643498497,4.11690426,,0.967320024967194,24.8289319980095,11049.9951100942
Turkiye,TUR,2016,45.5909695430664,4.28469229,,1.11978995800018,24.8276899555787,10970.0458948862
Turkiye,TUR,2017,45.4922047348395,4.17974997,,1.17631995677948,24.2908819230858,10695.550196231
Turkiye,TUR,2018,45.5464015844488,4.12101603,,1.27093005180359,24.7814127096752,9568.83506330228
Turkiye,TUR,2019,45.9523014817405,4.35954332,,1.31959998607635,25.2553072186816,9215.44049888114
Turkiye,TUR,2020,46.4852950931551,4.61640215,,1.36748003959656,23.3686175867276,8638.73903848102
Ukraine,UKR,2000,45.5082031520681,5.30685186,4.16623,0.929040014743805,30.4146152128372,653.294311523438
Ukraine,UKR,2001,44.4619703115316,5.72534418,4.68506,0.989440023899078,34.4460016733877,800.49072265625
Ukraine,UKR,2002,43.7827952677339,5.99220037,5.43863,0.962689995765686,36.2078116020148,903.011901855469
Ukraine,UKR,2003,43.4992725559268,6.54574108,5.60786,1.07166004180908,36.2566312643252,1076.48156738281
Ukraine,UKR,2004,43.2844447040593,6.16856956,5.31351,1.04392004013062,37.8791360753421,1401.01806640625
Ukraine,UKR,2005,42.9263643308974,6.3461585,6.06441,0.995180010795593,35.4049376584394,1875.33508300781
Ukraine,UKR,2006,42.5377338231405,6.4171896,6.2148,0.914030015468597,35.4279938132773,2366.494140625
Ukraine,UKR,2007,42.2913224989539,6.01776791,6.15721,0.818690001964569,37.116022116999,3160.32763671875
Ukraine,UKR,2008,41.7453667037233,5.49754429,6.43621,0.809909999370575,33.8389812722355,4017.806640625
Ukraine,UKR,2009,41.2449127726442,6.60991716,7.31802,0.825959980487823,35.5708914404605,2607.08764648438
Ukraine,UKR,2010,40.8671467578984,6.81387615,,0.802789986133575,36.0610169384094,3039.63232421875
Ukraine,UKR,2011,40.5166354406486,6.81669855,6.16237,0.710900008678436,33.5510110950304,3656.69799804688
Ukraine,UKR,2012,40.8345526687369,7.11789227,6.69233,0.723630011081696,34.400916206828,3951.34228515625
Ukraine,UKR,2013,41.3166740567217,6.94358015,6.67166,0.732999980449677,36.0182436454243,4129.89697265625
Ukraine,UKR,2014,42.0954905825425,7.19506168,5.87494,0.650340020656586,30.0055327769702,3054.908203125
Ukraine,UKR,2015,43.3341607506951,7.78352833,,0.614769995212555,26.5439116389468,2094.47387695313
Ukraine,UKR,2016,44.485957567843,7.55205393,5.00978,0.483390003442764,18.1172909339211,2158.46118164063
Ukraine,UKR,2017,45.6557777135064,7.44187737,5.41226,0.448790013790131,18.9371530210858,2604.28759765625
Ukraine,UKR,2018,46.557661136037,7.51989269,,0.471130013465881,20.2290628233565,3059.0517578125
Ukraine,UKR,2019,47.2491268952806,7.09175062,,0.43384000658989,21.8381420123763,3619.86157226563
Ukraine,UKR,2020,47.8846379680524,7.56217051,,0.403180003166199,21.8047033650396,3709.76928710938
Uruguay,URY,2000,59.8113405108553,9.17182446,2.42255,0.209250003099442,28.9204178648982,6987.70098766257
Uruguay,URY,2002,59.8358581980962,9.64023018,2.3222,0.238179996609688,22.5498974207668,4149.76140312687
Uruguay,URY,2005,59.214030422378,7.72390509,2.71475,0.460310012102127,20.473489700777,5284.25677987129
Uruguay,URY,2006,58.9850686251671,7.70998907,2.88026,0.363849997520447,20.5754630910926,6001.33294783172
Uruguay,URY,2007,58.6708765063403,7.46167231,,0.421590000391006,20.7851163160804,7222.05403645877
Uruguay,URY,2008,58.3029599925215,8.09081745,,0.374410003423691,22.0020684689337,9423.96562595893
Uruguay,URY,2009,57.8823079373983,7.91611385,,0.402390003204346,29.675423191513,9881.39573127081
Uruguay,URY,2010,57.4226662302485,7.87757301,,0.328819990158081,29.6943292787954,12641.0576849008
Uruguay,URY,2011,56.9523598346889,7.91521358,4.35527,0.329620003700256,30.3697367711917,15132.2675725587
Uruguay,URY,2012,56.5267544018137,8.03330803,,0.308079987764359,32.2304795089123,16259.5940814256
Uruguay,URY,2013,56.1887709485469,8.0844841,,0.291180014610291,32.3906141154501,18335.2594772322
Uruguay,URY,2014,55.8914702038185,8.038908,,0.317070007324219,33.9584976760979,18322.4276767157
Uruguay,URY,2015,55.655253084089,8.25703716,,0.351090013980865,34.0182134405898,17125.9016800298
Uruguay,URY,2016,55.467903558164,8.63850975,4.7591,0.373910009860992,29.1230236982016,17009.7586944503
Uruguay,URY,2017,55.2221042886245,8.71701717,4.8403,0.440519988536835,33.1742956252291,19184.6626659717
Uruguay,URY,2018,54.9160760110058,8.90014267,5.04759,0.504840016365051,31.4576856539649,19249.9401532664
Uruguay,URY,2019,54.5633225323007,9.24069118,,0.568050026893616,32.3886432482764,18315.7352857194
Uruguay,URY,2020,54.1627509533779,9.06924915,,0.67467999458313,31.8193892460192,15789.6857422214
United States,USA,2000,50.0358331385231,12.49002552,,2.61982989311218,31.2574078112703,36329.9702595751
United States,USA,2001,49.6385027806598,13.16816998,,2.63715004920959,35.0254590789326,37133.6203973517
United States,USA,2002,49.2523674393258,13.99534702,,2.54745006561279,38.9080396899101,37997.7424300242
United States,USA,2003,48.87487974038,14.50558472,,2.55014991760254,39.6969064356154,39490.3023903176
United States,USA,2004,48.4979199966309,14.55123425,,2.48686003684998,39.3024455017785,41724.6411982614
United States,USA,2005,48.0956829396105,14.57945919,,2.50192999839783,36.4943757453438,44123.3996470026
United States,USA,2006,47.8032811357291,14.7087841,,2.54544997215271,35.1757324335438,46301.9876485519
United States,USA,2007,47.7735820707482,14.91832638,,2.61515998840332,35.0658229372815,48050.227412195
United States,USA,2008,47.9187424830396,15.2072401,,2.74481010437012,37.2324632283916,48570.0594269601
United States,USA,2009,48.0979715941135,16.20067787,,2.79181003570557,41.894472411414,47194.9500893872
United States,USA,2010,48.2461171671874,16.19723129,,2.71444010734558,39.3178915615982,48650.6643227232
United States,USA,2011,48.5112485576045,16.14000893,,2.73802995681763,34.8045129963088,50065.9789470675
United States,USA,2012,48.9935351950955,16.11974716,,2.67272996902466,34.444981706822,51784.4114692048
United States,USA,2013,49.5000913054722,15.98621559,4.93105,2.69591999053955,34.500561568704,53409.7507774372
United States,USA,2014,49.9593733476943,16.19414139,4.96174,2.70881009101868,34.320282862554,55304.3155317137
United States,USA,2015,50.3802794150685,16.48159981,,2.77327990531921,34.2583286417263,57040.2082136605
United States,USA,2016,50.7885326492272,16.79114342,,2.8367600440979,35.1093449727716,58206.6141931844
United States,USA,2017,51.2357569487787,16.7530098,,2.88356995582581,34.0830219571401,60322.2614241747
United States,USA,2018,51.6943259864247,16.61530876,,2.99044990539551,37.288266677226,63201.0458483771
United States,USA,2019,52.1637514294348,16.66125298,,3.14703989028931,37.8304306962255,65604.6815198734
United States,USA,2020,52.5896813726484,18.8132534,,3.42466998100281,37.9407878701175,64411.3731779373
Uzbekistan,UZB,2000,70.5343533403284,5.13293362,,0.360630005598068,,555.149231099186
Uzbekistan,UZB,2001,68.206878584831,5.23737431,,0.345440000295639,,454.415812256778
Uzbekistan,UZB,2002,65.8327687506574,5.14164925,,0.293559998273849,,381.409296889283
Uzbekistan,UZB,2003,63.6048706178502,5.1882515,,0.268249988555908,,394.164028897235
Uzbekistan,UZB,2004,61.5072809151456,4.84063768,,0.270410001277924,,462.171492867885
Uzbekistan,UZB,2005,59.3766906615768,4.781991,,0.237409994006157,,542.835808692209
Uzbekistan,UZB,2006,57.1652563080568,4.75141335,,0.223949998617172,,649.118167003925
Uzbekistan,UZB,2007,55.1243231431766,4.54267979,,0.217209994792938,,824.028192334768
Uzbekistan,UZB,2008,53.4488462806641,4.70447445,,0.193540006875992,,1074.72928796701
Uzbekistan,UZB,2009,52.0994530058547,4.79649639,,0.203150004148483,,1205.7993547038
Uzbekistan,UZB,2010,50.9135971391737,5.29938841,,0.154300004243851,,1753.20730243278
Uzbekistan,UZB,2011,49.8601391184231,5.26245499,,0.14877000451088,19.3057812699297,2087.86386135694
Uzbekistan,UZB,2012,49.0804585754969,5.54822111,,0.155120000243187,18.8668098004916,2307.34649117185
Uzbekistan,UZB,2013,48.7263222498675,5.71896601,6.09001,0.155000001192093,23.3259313085957,2461.97947403595
Uzbekistan,UZB,2014,48.8305476003008,4.43092394,6.02527,0.153349995613098,24.6872459281096,2674.9628382103
Uzbekistan,UZB,2015,49.3359508232811,4.73596573,5.78638,0.164969995617867,24.2368280941116,2803.19018021751
Uzbekistan,UZB,2016,50.0611692979578,4.71504498,5.66773,0.172380000352859,24.4430322508352,2753.37951427589
Uzbekistan,UZB,2017,50.8221131406473,4.83789968,5.28134,0.148340001702309,24.7827961342984,2190.60411562888
Uzbekistan,UZB,2018,51.7097466682868,5.05427122,,0.123939998447895,20.6360812334745,1813.08530813664
Uzbekistan,UZB,2019,52.7698563917884,5.39747763,,0.113059997558594,21.9764974934752,2041.38480729431
Uzbekistan,UZB,2020,53.9511270861508,6.71439123,,0.13850000500679,15.810808951245,1978.28051860763
Viet Nam,VNM,2002,56.2346454755768,3.87075853,,0.192729994654655,,445.132861817313
Viet Nam,VNM,2011,43.429509513285,4.97468519,4.81372,0.149550005793571,,1950.92504174913
Viet Nam,VNM,2013,43.0653799174176,4.41233158,5.652,0.299320012331009,,2359.51736472828
Viet Nam,VNM,2015,43.7681325303024,4.71140909,,0.356290012598038,,2577.56885340113
Viet Nam,VNM,2017,45.3221818606231,4.99014759,,0.418949991464615,,2956.10992127753
Viet Nam,VNM,2019,46.6054316189935,4.97407484,,0.416519999504089,,3440.90025375434
